{"organizations": [], "uuid": "408ea56fd4decef82920b25f63abefa7cb22ad8e", "thread": {"social": {"gplus": {"shares": 0}, "pinterest": {"shares": 0}, "vk": {"shares": 0}, "linkedin": {"shares": 0}, "facebook": {"likes": 0, "shares": 0, "comments": 0}, "stumbledupon": {"shares": 0}}, "site_full": "www.vindy.com", "main_image": "http://media.vindy.com/content/image/a/5/logo/v5logo.gif", "site_section": "http://www.vindy.com/rss/headlines/business", "section_title": "Vindy.com stories: Business & Technology", "url": "http://www.vindy.com/news/2015/sep/28/hotel-transylvania--bites-off-a-record/", "country": "US", "title": "‘Hotel Transylvania 2’ bites off a record", "performance_score": 0, "site": "vindy.com", "participants_count": 0, "title_full": "‘Hotel Transylvania 2’ bites off a record", "spam_score": 0.0, "site_type": "news", "published": "2015-09-28T07:00:00.000+03:00", "replies_count": 0, "uuid": "408ea56fd4decef82920b25f63abefa7cb22ad8e"}, "author": "", "url": "http://www.vindy.com/news/2015/sep/28/hotel-transylvania--bites-off-a-record/", "ord_in_thread": 0, "title": "‘Hotel Transylvania 2’ bites off a record", "locations": [], "entities": {"persons": [], "locations": [], "organizations": []}, "highlightText": "", "language": "english", "persons": [], "text": " 00 a.m. \n‘Hotel Transylvania 2’ bites off a record \nLOS ANGELES \nSeptember has a new box office star. The PG-rated animated pic “Hotel Transylvania 2” has earned a robust $47.5 million in its debut weekend, making it the top September opener of all time. \nThe previous record holder was “Hotel Transylvania” which opened to $42.5 million in 2012. \nThe film features the voices of Adam Sandler, Mel Brooks, Selena Gomez and Kevin James and is the only animated feature on the market until “Peanuts” opens in November. \n“The Intern,” a PG-13 rated workplace comedy starring Anne Hathaway and Robert De Niro, took a distant second with $18.2 million. Audiences for the Nancy Meyers film were 62 percent women and 88 percent over age 25. \n“Everest,” meanwhile, took fourth place with only $13.1 million after expanding nationwide. \nEstimated ticket sales for Friday through Sunday at U.S. and Canadian theaters, according to Rentrak. Where available, the latest international numbers for Friday through Sunday also are included. Final domestic figures will be released today. \n1. “Hotel Transylvania 2,” $47.5 million ($29.2 million international). \n2. “The Intern,” $18.2 million ($11.8 million international). \n3. “Maze Runner: The Scorch Trials,” $14 million ($28.4 million international). \n4. “Everest,” $13.1 million ($33.8 million international). \n5. “Black Mass,” $11.5 million. \n6. “The Visit,” $6.7 million ($5 million international). \n7. “The Perfect Guy,” $4.8 million. \n8. “War Room,” $4.3 million ($2.1 million international). \n9. “The Green Inferno,” $3.5 million ($400K international). \n10. “Sicario,” $1.8 million ($3.5 million international). \nAssociated Press", "external_links": [], "published": "2015-09-28T07:00:00.000+03:00", "crawled": "2015-09-28T14:33:20.893+03:00", "highlightTitle": ""}