{"organizations": [], "uuid": "91e7668ff144df96701fa5bc00be57f5e595c634", "thread": {"social": {"gplus": {"shares": 0}, "pinterest": {"shares": 0}, "vk": {"shares": 0}, "linkedin": {"shares": 0}, "facebook": {"likes": 0, "shares": 0, "comments": 0}, "stumbledupon": {"shares": 0}}, "site_full": "www.freshnews.com", "main_image": "", "site_section": "http://freshnews.com//news/technology/feed", "section_title": "FreshNews.com - Technology News", "url": "http://www.freshnews.com/news/1132940/jane-the-virgin-and-zoo-coming-to-netflix-members-around-the-world", "country": "US", "title": "Jane The Virgin And Zoo Coming To Netflix Members Around The World", "performance_score": 0, "site": "freshnews.com", "participants_count": 1, "title_full": "Jane The Virgin And Zoo Coming To Netflix Members Around The World", "spam_score": 0.0, "site_type": "news", "published": "2015-09-28T17:00:00.000+03:00", "replies_count": 0, "uuid": "91e7668ff144df96701fa5bc00be57f5e595c634"}, "author": "admin", "url": "http://www.freshnews.com/news/1132940/jane-the-virgin-and-zoo-coming-to-netflix-members-around-the-world", "ord_in_thread": 0, "title": "Jane The Virgin And Zoo Coming To Netflix Members Around The World", "locations": [], "entities": {"persons": [], "locations": [], "organizations": []}, "highlightText": "", "language": "english", "persons": [], "text": "Submitted by admin on 9/28/2015 @ 7:00 AM   Netflix, Inc. \nBEVERLY HILLS, Calif., Sept. 28, 2015 /PRNewswire/ -- Netflix and CBS announced today an agreement to make Netflix the exclusive subscription streaming home of two hit series, Zoo and Jane The Virgin , in more than 50 countries around the world. \nhttp://photos.prnewswire.com/prnvar/20101014/SF81638LOGO \nThe first season of Zoo is now available on Netflix in the U.S., and in the coming months will be available in all Netflix territories. On Monday, October 12, season one of Jane The Virgin will launch in the U.S., the same day season two premieres on the CW Network. Jane will be available later in 2015 or 2016 in all countries Netflix operates, except Canada. \n\"We're thrilled to offer our members these hit CBS series,\" said Ted Sarandos, Chief Content Officer at Netflix. \"Both shows are delightfully entertaining and will find a big audience across the more than 50 countries where Netflix is available.\" \n\"We're excited to partner with Netflix around the world for these two excellent, CBS-produced series,\" said Armando Nunez, President and CEO, CBS Global Distribution Group. \"Both Zoo and Jane The Virgin have already generated excitement in the U.S. and internationally, and we look forward to expanding their audience to Netflix members globally.\" \nZoo is the most-watched scripted summer series of 2015 and is based on the #1 bestselling novel by James Patterson about a wave of violent animal attacks against humans that sweeps the planet. The series stars James Wolk as Jackson Oz, Kristen Connolly as Jamie, Billy Burke as Mitch, Nora Arnezeder as Chloe, and Nonso Anozie as Abraham. The series is produced by CBS Television Studios. \nJane The Virgin is the critically acclaimed series following Jane Villanueva, played by 2015 Golden Globe Award winner, Gina Rodriguez, a working, religious young Latina virgin woman, who becomes pregnant after being artificially inseminated by mistake. The series also stars Justin Baldoni as Rafael, Brett Dier as Michael, Andrea Navedo as Xiomara, Yael Grobglas as Petra, Ivonne Coll as Alba and Jaime Camil as Rogelio. The second season will premiere on October 12 and is produced by CBS Television Studios and Warner Bros. Television, in association with Electus. \nAbout Netflix: Netflix (NASDAQ:NFLX) is the world's leading Internet television network with over 65 million members in over 50 countries enjoying more than 100 million hours of TV shows and movies per day, including original series, documentaries and feature films. Members can watch as much as they want, anytime, anywhere, on nearly any Internet-connected screen. Members can play, pause and resume watching, all without commercials or commitments. \nAbout CBS Corporation: CBS Corporation (NYSE: CBS.A and CBS) is a mass media company that creates and distributes industry-leading content across a variety of platforms to audiences around the world. The Company has businesses with origins that date back to the dawn of the broadcasting age as well as new ventures that operate on the leading edge of media. CBS owns the most-watched television network in the U.S. and one of the world's largest libraries of entertainment content, making its brand -- \"the Eye\" -- one of the most recognized in business. The Company's operations span virtually every field of media and entertainment, including cable, publishing, radio, local TV, film, and interactive and socially responsible media. CBS's businesses include CBS Television Network, The CW (a joint venture between CBS Corporation and Warner Bros. Entertainment), CBS Television Studios, CBS Global Distribution Group (CBS Studios International and CBS Television Distribution), CBS Consumer Products, CBS Home Entertainment, CBS Interactive, CBS Films, Showtime Networks, CBS Sports Network, Pop (a joint venture between CBS Corporation and Lionsgate), Smithsonian Networks, Simon & Schuster, CBS Television Stations, CBS Radio and CBS EcoMedia. For more information, go to www.cbscorporation.com . \nTo view the original version on PR Newswire, visit: http://www.prnewswire.com/news-releases/jane-the-virgin-and-zoo-coming-to-netflix-members-around-the-world-300149693.html \nSOURCE Netflix, Inc.", "external_links": [], "published": "2015-09-28T17:00:00.000+03:00", "crawled": "2015-09-28T18:49:40.942+03:00", "highlightTitle": ""}