{"organizations": [], "uuid": "5afd69769d6913f8c728b295342546f93227695e", "thread": {"social": {"gplus": {"shares": 0}, "pinterest": {"shares": 0}, "vk": {"shares": 0}, "linkedin": {"shares": 0}, "facebook": {"likes": 0, "shares": 0, "comments": 0}, "stumbledupon": {"shares": 0}}, "site_full": "www.chron.com", "main_image": "http://ww2.hdnux.com/photos/41/16/62/8711341/7/rawImage.jpg", "site_section": "http://www.chron.com/rss/feed/AP-Technology-and-Science-266.php", "section_title": "AP Technology and Science", "url": "http://www.chron.com/news/science/article/Egypt-says-King-Tut-s-tomb-may-have-hidden-6537330.php", "country": "US", "title": "Egypt says King Tut's tomb may have hidden chambers", "performance_score": 0, "site": "chron.com", "participants_count": 1, "title_full": "Egypt says King Tut's tomb may have hidden chambers - Houston Chronicle", "spam_score": 0.0, "site_type": "news", "published": "2015-09-29T19:44:00.000+03:00", "replies_count": 0, "uuid": "5afd69769d6913f8c728b295342546f93227695e"}, "author": "chron.com", "url": "http://www.chron.com/news/science/article/Egypt-says-King-Tut-s-tomb-may-have-hidden-6537330.php", "ord_in_thread": 0, "title": "Egypt says King Tut's tomb may have hidden chambers", "locations": [], "entities": {"persons": [], "locations": [], "organizations": []}, "highlightText": "", "language": "english", "persons": [], "text": "Photo: Nariman El-Mofty, AP Image 1 of / 11 11 Carvings are seen on a wall at the Horemheb tomb in the Valley of the Kings in Luxor, Egypt, Tuesday, Sept. 29, 2015. Egypt's antiquities minister said King Tut's tomb may contain hidden chambers, lending support to a British Egyptologist's theory that a queen may be buried in the walls of the 3,300 year-old pharaonic mausoleum.\nPhoto: Nariman El-Mofty, AP Carvings are seen on a wall at the Horemheb tomb in the Valley of... Image 2 of 11 The tomb of King Tut is displayed in a glass case at the Valley of the Kings in Luxor, Egypt, Tuesday, Sept. 29, 2015. Egypt's antiquities minister said King Tut's tomb may contain hidden chambers, lending support to a British Egyptologist's theory that a queen may be buried in the walls of the 3,300 year-old pharaonic mausoleum.\nPhoto: Nariman El-Mofty, AP The tomb of King Tut is displayed in a glass case at the Valley of... Image 3 of 11 A policeman takes a selfie at the Amenhotep II tomb in the Valley of the Kings in Luxor, Egypt, Tuesday, Sept. 29, 2015. Egypt's antiquities minister says King Tut's tomb may contain hidden chambers, lending support to a British Egyptologist's theory that a queen may be buried in the walls of the 3,300 year-old pharaonic mausoleum.\nPhoto: Nariman El-Mofty, AP A policeman takes a selfie at the Amenhotep II tomb in the Valley... Image 4 of 11 Egypt's Antiquities Minister Mamdouh el-Damaty, left, and Nicholas Reeves, a British Egyptologist affiliated with the Egyptian expedition at the University of Arizona, center, visit the Valley of the Kings in Luxor, Egypt, Tuesday, Sept. 29, 2015. El-Damaty said King Tut's tomb may contain hidden chambers, lending support to the British Egyptologist's theory that a queen may be buried in the walls of the 3,300 year-old pharaonic mausoleum.\nPhoto: Nariman El-Mofty, AP Egypt's Antiquities Minister Mamdouh el-Damaty, left, and Nicholas... Image 5 of 11 Egyptian laborers work at the entrance of the Valley of the Kings in Luxor, Egypt, Tuesday, Sept. 29, 2015. Egypt's antiquities minister said King Tut's tomb may contain hidden chambers, lending support to a British Egyptologist's theory that a queen may be buried in the walls of the 3,300 year-old pharaonic mausoleum. Partial translation of the Arabic sign reads, \"Long live Egypt, the Egyptian expedition is working on fixing and cleaning the area, part of a project to develop the Valley of the Kings.\"\nPhoto: Nariman El-Mofty, AP Egyptian laborers work at the entrance of the Valley of the Kings... Image 6 of 11 Nicholas Reeves, a British Egyptologist affiliated with the Egyptian expedition at the University of Arizona, left, arrives at the Horemheb tomb in the Valley of the Kings in Luxor, Egypt, Tuesday, Sept. 29, 2015. Egypt's antiquities minister said King Tut's tomb may contain hidden chambers, lending support to the British Egyptologist's theory that a queen may be buried in the walls of the 3,300 year-old pharaonic mausoleum.\nPhoto: Nariman El-Mofty, AP Nicholas Reeves, a British Egyptologist affiliated with the... Image 7 of 11 A policeman stands guard at the Horemheb tomb in the Valley of the Kings in Luxor, Egypt, Tuesday, Sept. 29, 2015. Egypt's antiquities minister said King Tut's tomb may contain hidden chambers, lending support to a British Egyptologist's theory that a queen may be buried in the walls of the 3,300 year-old pharaonic mausoleum.\nPhoto: Nariman El-Mofty, AP A policeman stands guard at the Horemheb tomb in the Valley of the... Image 8 of 11 A female video journalist films inscriptions on a wall at the Horemheb tomb in the Valley of the Kings in Luxor, Egypt, Tuesday, Sept. 29, 2015. Egypt's antiquities minister says King Tut's tomb may contain hidden chambers, lending support to a British Egyptologist's theory that a queen may be buried in the walls of the 3,300 year-old pharaonic mausoleum.\nPhoto: Nariman El-Mofty, AP A female video journalist films inscriptions on a wall at the... Image 9 of 11 The tomb of King Tut is displayed in a glass case at the Valley of the Kings in Luxor, Egypt, Tuesday, Sept. 29, 2015. Egypt's antiquities minister said King Tut's tomb may contain hidden chambers, lending support to a British Egyptologist's theory that a queen may be buried in the walls of the 3,300 year-old pharaonic mausoleum.\nPhoto: Nariman El-Mofty, AP The tomb of King Tut is displayed in a glass case at the Valley of... Image 10 of 11 Tourists arrive at the Valley of the Kings in Luxor, Egypt, Tuesday, Sept. 29, 2015. Egypt's antiquities minister said King Tut's tomb may contain hidden chambers, lending support to a British Egyptologist's theory that a queen may be buried in the walls of the 3,300 year-old pharaonic mausoleum.\nPhoto: Nariman El-Mofty, AP Tourists arrive at the Valley of the Kings in Luxor, Egypt,... Image 11 of 11 Egypt says King Tut's tomb may have hidden chambers 1 / 11 Back to Gallery LUXOR, Egypt (AP) — King Tut 's tomb may contain hidden chambers, Egypt's antiquities minister said Tuesday, lending support to a new theory that a queen may be buried in the walls of the 3,300 year-old pharaonic mausoleum.\nWhile touring the burial sites of Tutankhamun and other pharaohs in the famed Valley of the Kings, Minister Mamdouh el-Damaty said he will seek final approval for the radar inspection of the tomb.\nEl-Damaty was visiting Luxor with British Egyptologist Nicholas Reeves , who recently theorized that Tutankhamun, popularly known as King Tut, who died at the age of 19, may have been rushed into an outer chamber of what was originally the tomb of Queen Nefertiti.\nHe said high-resolution images of what is known as King Tut's tomb \"revealed several very interesting features which look not at all natural, features like very, very straight lines which are 90 degrees to the ground, positioned so as to correspond with other features within the tomb.\"\nThese features are difficult to capture with the naked eye, he said.\nReeves said the plastered walls could conceal two unexplored doorways, one of which perhaps leads to Nefertiti's tomb. He also argues that the design of the tomb suggests it was built for a queen, rather than a king.\n\"I agree with him that there's probably something behind the walls,\" el-Damaty said. But he said if anyone is buried there it is likely Kia, believed by some Egyptologists to be King Tut's mother.\nNefertiti, who was famed for her beauty and was the subject of a famous 3,300 year-old bust, was the primary wife of the Pharaoh Akhenaten, who introduced an early form of monotheism. Akhenaten was succeeded by a pharaoh referred to as Smenkhare and then Tut, who is widely believed to have been Akhenaten's son.\nReeves argues that Smenkhare is actually Nefertiti.\n\"Nefertiti disappears... according to the latest inscriptions just being found,\" said Reeves, explaining his theory inside King Tut's tomb. \"I think that Nefertiti didn't disappear, she simply changed her name.\"\nAfter Nefertiti died, Tut was responsible for burying her, and then when he died someone decided to extend the tomb, Reeves suggested. \"I think since Nefertiti had been buried a decade before, they remembered that tomb was there and they thought, well, perhaps we can extend it,\" he said.\nAny discovery would provide more information about this turbulent time in ancient Egypt.\n\"Akhenaten's family is full of secrets and historical issues that have yet to be resolved,\" el-Damaty said.", "external_links": ["http://ww4.hdnux.com/photos/41/16/62/8711343/5/920x920.jpg", "http://ww1.hdnux.com/photos/41/16/62/8711336/5/920x920.jpg", "http://ww1.hdnux.com/photos/41/16/62/8711348/5/square_gallery_thumb.jpg", "http://ww4.hdnux.com/photos/41/16/62/8711347/5/square_gallery_thumb.jpg", "http://ww4.hdnux.com/photos/41/16/62/8711347/5/920x920.jpg", "http://ww3.hdnux.com/photos/41/16/62/8711338/7/square_gallery_thumb.jpg", "http://ww4.hdnux.com/photos/41/16/62/8711343/5/square_gallery_thumb.jpg", "http://ww1.hdnux.com/photos/41/16/62/8711344/5/920x920.jpg", "http://ap.org/schemas/03/2005/apcm", "http://ww2.hdnux.com/photos/41/16/62/8711349/5/920x920.jpg", "http://ww3.hdnux.com/photos/41/16/62/8711342/5/920x920.jpg", "http://ap.org/schemas/03/2005/apnm", "http://ww2.hdnux.com/photos/41/16/62/8711341/7/square_gallery_thumb.jpg", "http://ww1.hdnux.com/photos/41/16/62/8711348/5/920x920.jpg", "http://ww2.hdnux.com/photos/41/16/62/8711349/5/square_gallery_thumb.jpg", "http://ww4.hdnux.com/photos/41/16/62/8711351/5/square_gallery_thumb.jpg", "http://ww1.hdnux.com/photos/41/16/62/8711336/5/square_gallery_thumb.jpg", "http://ww3.hdnux.com/photos/41/16/62/8711338/7/920x920.jpg", "http://ww3.hdnux.com/photos/41/16/62/8711342/5/square_gallery_thumb.jpg", "http://ww4.hdnux.com/photos/41/16/62/8711351/5/920x920.jpg", "http://ww1.hdnux.com/photos/41/16/62/8711344/5/square_gallery_thumb.jpg", "http://ww2.hdnux.com/photos/41/16/62/8711341/7/920x920.jpg"], "published": "2015-09-29T19:44:00.000+03:00", "crawled": "2015-09-29T19:49:17.451+03:00", "highlightTitle": ""}