{"organizations": [], "uuid": "6ee9ba714dc430669124c7381e4a043af6d0e717", "thread": {"social": {"gplus": {"shares": 0}, "pinterest": {"shares": 0}, "vk": {"shares": 0}, "linkedin": {"shares": 0}, "facebook": {"likes": 0, "shares": 0, "comments": 0}, "stumbledupon": {"shares": 0}}, "site_full": "www.deccanchronicle.com", "main_image": "http://www.deccanchronicle.com/sites/default/files/voting_0_2_1_0_3_1.JPG", "site_section": "http://www.deccanchronicle.com/technology", "section_title": "Technology | Deccan Chronicle", "url": "http://www.deccanchronicle.com/150926/nation-current-affairs/article/bihar-polls-586-candidates-fray-first-phase-after-withdrawal", "country": "US", "title": "Bihar polls: 586 candidates in the fray for first phase after withdrawal", "performance_score": 0, "site": "deccanchronicle.com", "participants_count": 1, "title_full": "Bihar polls: 586 candidates in the fray for first phase after withdrawal", "spam_score": 0.0, "site_type": "news", "published": "2015-09-27T03:51:00.000+03:00", "replies_count": 0, "uuid": "6ee9ba714dc430669124c7381e4a043af6d0e717"}, "author": "PTI", "url": "http://www.deccanchronicle.com/150926/nation-current-affairs/article/bihar-polls-586-candidates-fray-first-phase-after-withdrawal", "ord_in_thread": 0, "title": "Bihar polls: 586 candidates in the fray for first phase after withdrawal", "locations": [], "entities": {"persons": [], "locations": [], "organizations": []}, "highlightText": "", "language": "english", "persons": [], "text": "PTI | September 26, 2015, 19.43 Representational Image. Patna: Altogether 586 candidates are in the fray from 49 seats in the first phase of Bihar Assembly elections on the last day of withdrawal of nominations on Saturday.\nA total of 605 candidates had filed nomination for the first phase of polling on October 12 next, of which 19 withdrew their names on the last day of withdrawal today.\n\"A total of 586 candidates are left in fray for the first phase after end of date of withdrawal,\" Additional Chief Electoral Officer (ACEO) R Lakshmanan told reporters.\nWhile Morwa and Moiuddinnagar seats in Samastipur have maximum 18 candidates each at the end of withdrawal, Warsaliganj in Nawada and Teghra in Begusarai have minimum six and seven candidates respectively, he said.\nPolling for the first phase of polling will be held in 10 districts. Lakshamanan said a total of 100 nominations were filed today for the second phase of election to 32 seats in six districts.\nFormer Chief Minister and Hindustani Awam Morcha (HAM) leader Jitan Ram Manjhi filed nomination for Imamganj (reserved SC seat) during the day, he said. Manjhi would be taking on Speaker of outgoing Assembly Uday Narayan Chaudhary from the seat in Gaya district.\nWith today's nomination, a total of 210 nominees have submitted papers for second phase of elections so far.\nThe ACEO said as part of special drive in view of elections, more than Rs 7 lakh unaccounted cash and 16,362 litre of illegal liquor were seized today.\nGiving details, he said Rs 4,05,000 was seized in Aurangabad, Rs 2,87,200 in Sheikhpura and Rs 1,00,000 in Nawada.\nOn the law and order front, 11 arms/weapons seized along with 17 cartridges during the exercise today.\nA total of 694 non-bailable warrants were executed during the day, the ACEO added.\n Bihar Assembly election Bihar polls nation Also Read Ban on cow slaughter Pubs, liquor very much part of Indian culture: BJP MLA ‘Bad vaastu’ shields Chiranjeevi Will expose Chandrababu Naidu if he criticises me: Talasani", "external_links": ["http://platform.twitter.com/widgets.js", "http://dd508hmafkqws.cloudfront.net/sites/default/files/styles/article_node_view/public/voting_0_2_1_0_3_1.JPG", "http://static.ak.fbcdn.net/connect.php/js/FB.Share", "http://dd508hmafkqws.cloudfront.net/sites/default/files/voting_0_2_1_0_3_1.JPG", "http://twitter.com/share?url=http://deccanchronicle.com/150926/nation-current-affairs/article/bihar-polls-586-candidates-fray-first-phase-after-withdrawal", "http://www.facebook.com/sharer.php", "https://apis.google.com/js/plusone.js", "http://vuukle.com/js/vuukle.js"], "published": "2015-09-27T03:51:00.000+03:00", "crawled": "2015-09-26T17:35:54.368+03:00", "highlightTitle": ""}