{"organizations": [], "uuid": "6fb67ba9ab84118b4b5981e45624c1a71da21a58", "thread": {"social": {"gplus": {"shares": 0}, "pinterest": {"shares": 0}, "vk": {"shares": 0}, "linkedin": {"shares": 0}, "facebook": {"likes": 0, "shares": 0, "comments": 0}, "stumbledupon": {"shares": 0}}, "site_full": "www.i360gov.com", "main_image": "", "site_section": "http://feeds.feedburner.com/FederalGovernmentNewsRss-I360Gov", "section_title": "Government Policy, Business and Technology: i360 Gov", "url": "http://www.i360gov.com/government-energy-news/2015/sep/28/the-20-percenters-nuclear-energy-faces-reality-and-its-likely-decline", "country": "US", "title": "The 20 Percenters: Nuclear Energy Faces Reality – and Its Likely Decline", "performance_score": 0, "site": "i360gov.com", "participants_count": 0, "title_full": "The 20 Percenters: Nuclear Energy Faces Reality – and Its Likely Decline", "spam_score": 0.0, "site_type": "news", "published": "2015-09-28T13:54:00.000+03:00", "replies_count": 0, "uuid": "6fb67ba9ab84118b4b5981e45624c1a71da21a58"}, "author": "", "url": "http://www.i360gov.com/government-energy-news/2015/sep/28/the-20-percenters-nuclear-energy-faces-reality-and-its-likely-decline", "ord_in_thread": 0, "title": "The 20 Percenters: Nuclear Energy Faces Reality – and Its Likely Decline", "locations": [], "entities": {"persons": [], "locations": [], "organizations": []}, "highlightText": "", "language": "english", "persons": [], "text": "28 The 20 Percenters: Nuclear Energy Faces Reality – and Its Likely Decline \nU.S. News & World Report: LOS ALAMOS, N.M. – On construction sites in Georgia, South Carolina and Tennessee, workers are building what may become the final five major nuclear power plants built in the United States.", "external_links": [], "published": "2015-09-28T13:54:00.000+03:00", "crawled": "2015-09-29T00:56:10.919+03:00", "highlightTitle": ""}