{"organizations": [], "uuid": "7c972cf439aff3e6316029789f7a568dbee13d67", "thread": {"social": {"gplus": {"shares": 0}, "pinterest": {"shares": 0}, "vk": {"shares": 0}, "linkedin": {"shares": 0}, "facebook": {"likes": 0, "shares": 0, "comments": 0}, "stumbledupon": {"shares": 0}}, "site_full": "www.freshnews.com", "main_image": "", "site_section": "http://freshnews.com//news/technology/feed", "section_title": "FreshNews.com - Technology News", "url": "http://www.freshnews.com/news/1134342/pratt-whitney-s-purepower-geared-turbofan-tm-engine-cited-aviation-climate-solution", "country": "US", "title": "Pratt & Whitney's PurePower® Geared Turbofan(TM) Engine Cited as an Aviation Climate Solution", "performance_score": 0, "site": "freshnews.com", "participants_count": 1, "title_full": "Pratt & Whitney's PurePower® Geared Turbofan(TM) Engine Cited as an Aviation Climate Solution", "spam_score": 0.0, "site_type": "news", "published": "2015-09-30T15:37:00.000+03:00", "replies_count": 0, "uuid": "7c972cf439aff3e6316029789f7a568dbee13d67"}, "author": "admin", "url": "http://www.freshnews.com/news/1134342/pratt-whitney-s-purepower-geared-turbofan-tm-engine-cited-aviation-climate-solution", "ord_in_thread": 0, "title": "Pratt & Whitney's PurePower® Geared Turbofan(TM) Engine Cited as an Aviation Climate Solution", "locations": [], "entities": {"persons": [], "locations": [], "organizations": []}, "highlightText": "", "language": "english", "persons": [], "text": "Submitted by admin on 9/30/2015 @ 5:37 AM   Pratt & Whitney \nEAST HARTFORD, Conn., Sept. 30, 2015 /PRNewswire/ -- Pratt & Whitney's PurePower® Geared Turbofan(TM) (GTF) engine was cited as an Aviation Climate Solution by the Air Transport Action Group (ATAG) at the Global Sustainable Aviation Summit in Geneva, Switzerland. Pratt & Whitney is a United Technologies Corp. (NYSE:UTX) company. \nThe GTF's engine technology reduces commercial aircraft fuel burn and carbon dioxide emissions by more than 16 percent, reduces regulated emissions by more than 50 percent and will reduce CO2 emissions at a level equivalent to planting nearly 1 million trees or removing 3 million cars off the road - every year. The engine reduces the aircraft noise footprint by more than 75 percent. Five airframers have chosen the GTF engine to power their new aircraft or re-engine existing models. \nPratt & Whitney's GTF is included as part of the Aviation Climate Solutions , a collection of 100 examples of collaboration within the aviation industry to cut carbon dioxide emissions and help reduce its impact on climate change. \n\"Aviation plays a vital role in the world economy, providing connectivity for people and business,\" said Michael Gill, executive director, ATAG. \"Our industry has also taken a lead in climate action, putting in place a comprehensive framework and goals to reduce emissions from air transport. The Aviation Climate Solutions are a set of case studies showing how different parts of the industry all over the world, including Pratt & Whitney are working together to reduce our climate impact.\" \nAviation Climate Solutions was released at the Global Sustainable Aviation Summit in Geneva, Switzerland, alongside an open letter from industry chief executives that reaffirms the industry's commitment to climate action and calls on governments to support it with the development of a global market-based measure for aviation emissions, improved efficiency in air traffic management and accelerating research for alternative fuels and new technology. \nPratt & Whitney is committed to identifying, developing and incorporating new technologies that reduce the environmental impact of its products and services worldwide. \n\"The PurePower Geared Turbofan engine provides immense value to the future of sustainable aviation,\" said Dr. Alan Epstein, Pratt & Whitney's vice president, Technology and Environment. \"Its development spurred a new period of innovation among commercial aircraft manufacturers.\" \nIn 2008, the aviation sector became the first to set global goals to proactively manage its climate change impact. The industry will stabilize its net CO2 emissions from 2020 through a concept called carbon-neutral growth, whereby traffic would continue to rise to meet social and economic demands, but growth would be offset through a global market-based measure. The longer-term goal is to reduce net CO2 emissions from aviation to half of what they were in 2005, by 2050. \nATAG is a coalition of organizations and companies throughout the air transport industry that drive the sustainable development of the air transport sector. Pratt & Whitney is a funding member. For more information on ATAG, visit the website at www.atag.org or follow the coalition on Twitter: @ATAG_Aviation. \nPratt & Whitney is a world leader in the design, manufacture and service of aircraft engines and auxiliary power units. United Technologies Corp., based in Farmington, Connecticut, provides high-technology systems and services to the building and aerospace industries. To learn more about UTC, visit the website at www.utc.com or follow the company on Twitter: @UTC. \nFor more information about Pratt & Whitney, visit http://www.pratt-whitney.com", "external_links": [], "published": "2015-09-30T15:37:00.000+03:00", "crawled": "2015-09-30T16:48:21.972+03:00", "highlightTitle": ""}