{"organizations": [], "uuid": "51f01d34dd29e85e2a307336522fe527a32c2713", "thread": {"social": {"gplus": {"shares": 0}, "pinterest": {"shares": 0}, "vk": {"shares": 0}, "linkedin": {"shares": 0}, "facebook": {"likes": 0, "shares": 0, "comments": 0}, "stumbledupon": {"shares": 0}}, "site_full": "timesofindia.indiatimes.com", "main_image": "http://timesofindia.indiatimes.com/photo/49060739.cms", "site_section": "http://timesofindia.indiatimes.com/rssfeeds/5880666.cms", "section_title": "Technology News, Latest Tech News & Reviews | Times of India", "url": "http://timesofindia.indiatimes.com/tech/tech-news/Reliance-Games-to-enter-China-via-joint-venture/articleshow/49060713.cms", "country": "IL", "title": "Reliance Games to enter China via joint venture -", "performance_score": 0, "site": "indiatimes.com", "participants_count": 1, "title_full": "Reliance Games to enter China via joint venture - The Times of India", "spam_score": 0.0, "site_type": "news", "published": "2015-09-22T20:10:00.000+03:00", "replies_count": 0, "uuid": "51f01d34dd29e85e2a307336522fe527a32c2713"}, "author": "timesofindia.indiatimes.com", "url": "http://timesofindia.indiatimes.com/tech/tech-news/Reliance-Games-to-enter-China-via-joint-venture/articleshow/49060713.cms", "ord_in_thread": 0, "title": "Reliance Games to enter China via joint venture -", "locations": [], "entities": {"persons": [], "locations": [], "organizations": []}, "highlightText": "", "language": "english", "persons": [], "text": "MUMBAI: Reliance Entertainment, promoted by industrialist Anil Ambani, has said Lead Eastern of China will pick a 10% stake in its subsidiary, Zapak Mobile Games, pegging its valuation at $150 million. \n\nReliance Games, Lead Eastern Investment and Creative Cultural are also forming an exclusive joint venture in China to create, operate and market mobile games based on intellectual properties that have been owned and acquired by Zapak, a joint statement by the three groups said. \n\n\"The parties will own 40%, 51% and 9% stakes, respectively.\" \n\nThe Lead Holding group is a leading conglomerate in China, with diversified business interests in realty, tourism, finance, media and entertainment, gaming and logistic. Lead Eastern is a listed entity with interests in film, TV, gaming content, broadcasting and distribution. \n\n\"We believe this will accelerate the growth and reach of our Gaming business in the China marketplace, along with continued expansion in the global markets. This partnership will enable both the companies to leverage their core competencies,\" said Amitabh Jhunjhunwala, group managing director of Reliance Group. \n\nReliance Games, which claims more than 200 million downloads across popular titles like \"Real Steel,\" \"Pacific Rim,\" \"Hunger Games -- Catching Fire Panem Run,\" \"Dancing with the Stars\" and \"Shadow Strike\" through iTunes, Google Play, Amazon and Windows across 40 countries. \n\nCreative Cultural, a Hong Kong-based company, is engaged in intellectual property-based entertainment, including gaming. \n\nChunfeng Wang, chairman of Lead Eastern Company, said: \"Strategic partnership between Lead Eastern and Reliance Games will enable the two companies to expand extensively in China and global markets.\" \n\nCorey Redmond, president and chief executive of Creative Cultural, added: \"Our mission is to provide a gateway for Chinese game developers to use top Hollywood IP to develop enthralling mobile games.\" \n\nHe said Creative Cultural was in the business of bringing new and innovative entertainment experiences to Chinese gamers and intended to continue to support the development of even more titles in China's gaming industry. \n\nReliance Games' block-busters include Real Steel, Real Steel World Robot Boxing, Pacific Rim, and a slew of exciting mobile games developed in association with Hollywood Studios such as DreamWorks, Sony Pictures, Paramount Pictures, Columbia Pictures and Warner Bros. \n\nIt currently operates three studios worldwide.  ", "external_links": [], "published": "2015-09-22T20:10:00.000+03:00", "crawled": "2015-09-22T18:14:20.597+03:00", "highlightTitle": ""}