{"organizations": [], "uuid": "bc01c73126c51da6cb4205d973cf3cbe89d5675e", "thread": {"social": {"gplus": {"shares": 0}, "pinterest": {"shares": 0}, "vk": {"shares": 0}, "linkedin": {"shares": 0}, "facebook": {"likes": 0, "shares": 0, "comments": 0}, "stumbledupon": {"shares": 0}}, "site_full": "www.prweb.com", "main_image": "http://ww1.prweb.com/prfiles/2015/09/25/12980481/Nagios-N-globe-150-rgb.png", "site_section": "http://www.prweb.com/rss2/techentsoftware.xml", "section_title": "Technology: Enterprise Software", "url": "http://www.prweb.com/releases/2015/09/prweb12980481.htm", "country": "US", "title": "Newly-released Nagios XI 5 Offers Unmatched User Experience", "performance_score": 0, "site": "prweb.com", "participants_count": 1, "title_full": "Newly-released Nagios XI 5 Offers Unmatched User Experience", "spam_score": 0.0, "site_type": "news", "published": "2015-09-29T03:00:00.000+03:00", "replies_count": 0, "uuid": "bc01c73126c51da6cb4205d973cf3cbe89d5675e"}, "author": "Marketing Team", "url": "http://www.prweb.com/releases/2015/09/prweb12980481.htm", "ord_in_thread": 0, "title": "Newly-released Nagios XI 5 Offers Unmatched User Experience", "locations": [], "entities": {"persons": [], "locations": [], "organizations": []}, "highlightText": "", "language": "english", "persons": [], "text": "Nagios Enterprises, LLC is pleased to announce the anticipated release of Nagios XI 5, the newest version of the popular Nagios XI program. “We’ve listened to our users and have worked hard to release a product that will continue to keep customer systems in top condition, as well as adding numerous elements to improve efficiency for the end-user, saving organizations time and money,” says Scott Wilkerson, chief technical officer and product development manager of Nagios.\nNagios XI 5 reflects the voices of our community of millions of users with numerous improvements and changes, benefiting users through:\n Time-saving updates with smarter wizards, faster reports, default templates and more Easy-onboarding training guides Updated user experience and a cleaner, faster UI Smooth integration with existing IT systems Improved scalability Increased, efficient performance Short deployment time New API and in-program API Help Section Improved internationalization support Customizable email notification priority for increased visibility and issue resolution And over 150 improvements and upgrades!\nA full list of changes included in this release can be viewed here .\nNagios XI 5 provides monitoring of all mission-critical infrastructure components including applications, services, operating systems, network protocols, systems metrics, and network infrastructure. Hundreds of third-party add-ons provide for monitoring of virtually all in-house applications, services, and systems.\n“This newest launch further solidifies Nagios’ place as the leading provider of IT infrastructure monitoring tools,” says Ethan Galstad, Founder and President of Nagios Enterprises.\nNagios is used by over an estimated 8 million user worldwide with enterprise customers that include IBM, Google, NASA, Yahoo, Boeing, The Gap, Verizon, Harmann International, the UAE, the U.S. Government, every branch of the U.S. Military, major universities, and thousands of others.\nTo view a guide on how to upgrade an existing Nagios XI installation to the latest release, visit Nagios Labs . If you encounter any issues, have questions or want to discuss a feature you would like to see in a future release of Nagios XI, please share them with our tech team at support.nagios.com.\nAbout Nagios\nNagios Enterprises delivers official products, services, and solutions for and around Nagios®, the industry standard in enterprise-grade IT infrastructure monitoring. With millions of users worldwide, Nagios is the undisputed leader in the IT monitoring space. Nagios solutions are designed to provide system administrators with the tools necessary to efficiently and effectively monitor their entire IT infrastructure and proactively resolve incidents before they affect critical business processes. Nagios Enterprises is the official commercial arm of Nagios and provides value-added services, products and solutions to clients worldwide.\nPlease visit nagios.com for more information.\nContact:\nNagios Enterprises\n1 (888) 624-4671\npr(at)nagios(dot)com\nhttp://www.nagios.com\n###", "external_links": ["http://www.prweb.net/Redirect.aspx?id=aHR0cHM6Ly9sYWJzLm5hZ2lvcy5jb20vMjAxNS8wOC8xMi9ob3ctdG8tdXBncmFkZS1uYWdpb3MteGktZnJvbS13ZWItdWktZmluYWwv", "http://www.prweb.net/Redirect.aspx?id=aHR0cHM6Ly93d3cubmFnaW9zLmNvbS94aTU=", "http://www.prweb.net/Redirect.aspx?id=aHR0cDovL3d3dy5uYWdpb3MuY29t"], "published": "2015-09-29T03:00:00.000+03:00", "crawled": "2015-09-29T18:54:50.226+03:00", "highlightTitle": ""}