{"organizations": ["JDRF", "American Diabetes Association"], "uuid": "a9f0e48c5f82a341b969630033ec8c4d6b477670", "thread": {"social": {"gplus": {"shares": 0}, "pinterest": {"shares": 0}, "vk": {"shares": 0}, "linkedin": {"shares": 0}, "facebook": {"likes": 0, "shares": 0, "comments": 0}, "stumbledupon": {"shares": 0}}, "site_full": "www.bio-medicine.org", "main_image": "", "site_section": "http://feeds.bio-medicine.org/latest-biology-technology", "section_title": "Latest Biology Technology from Bio-Medicine.Org", "url": "http://www.bio-medicine.org/biology-technology-1/American-Diabetes-Association-and-JDRF-Report-on-Symposium-that-Examined-Links-Between-Diabetes-and-Intestinal-Microbes-34171-1/", "country": "US", "title": "American Diabetes Association and JDRF Report on Symposium that Examined Links Between Diabetes and Intestinal Microbes", "performance_score": 0, "site": "bio-medicine.org", "participants_count": 0, "title_full": "American Diabetes Association and JDRF Report on Symposium that Examined Links Between Diabetes and Intestinal Microbes", "spam_score": 0.0, "site_type": "news", "published": "2015-09-29T17:17:00.000+03:00", "replies_count": 0, "uuid": "a9f0e48c5f82a341b969630033ec8c4d6b477670"}, "author": "", "url": "http://www.bio-medicine.org/biology-technology-1/American-Diabetes-Association-and-JDRF-Report-on-Symposium-that-Examined-Links-Between-Diabetes-and-Intestinal-Microbes-34171-1/", "ord_in_thread": 0, "title": "American Diabetes Association and JDRF Report on Symposium that Examined Links Between Diabetes and Intestinal Microbes", "locations": [], "entities": {"persons": [], "locations": [], "organizations": []}, "highlightText": "", "language": "english", "persons": [], "text": " ", "external_links": [], "published": "2015-09-29T17:17:00.000+03:00", "crawled": "2015-09-30T16:09:35.476+03:00", "highlightTitle": ""}