{"organizations": [], "uuid": "b94957b3d923b1deae09cb8506779058ec71611e", "thread": {"social": {"gplus": {"shares": 0}, "pinterest": {"shares": 0}, "vk": {"shares": 0}, "linkedin": {"shares": 0}, "facebook": {"likes": 0, "shares": 0, "comments": 0}, "stumbledupon": {"shares": 0}}, "site_full": "news.morningstar.com", "main_image": "", "site_section": "http://news.morningstar.com/all/dow-jones/technology.aspx", "section_title": "News Archive: Technology", "url": "http://news.morningstar.com/all/dow-jones/technology/201509289981/microsoft-changes-how-it-reports-its-financial-results.aspx", "country": "US", "title": "Microsoft Changes How It Reports Its Financial Results", "performance_score": 0, "site": "morningstar.com", "participants_count": 1, "title_full": "Microsoft Changes How It Reports Its Financial Results", "spam_score": 0.0, "site_type": "news", "published": "2015-09-28T03:00:00.000+03:00", "replies_count": 0, "uuid": "b94957b3d923b1deae09cb8506779058ec71611e"}, "author": "morningstar.com", "url": "http://news.morningstar.com/all/dow-jones/technology/201509289981/microsoft-changes-how-it-reports-its-financial-results.aspx", "ord_in_thread": 0, "title": "Microsoft Changes How It Reports Its Financial Results", "locations": [], "entities": {"persons": [], "locations": [], "organizations": []}, "highlightText": "", "language": "english", "persons": [], "text": "By Tess Stynes\nMicrosoft Corp. announced changes to how the company presents its financial results, reducing the number of segments reported to three from seven, as the software maker aims to emphasize its mobile and cloud businesses.\nBeginning this quarter, Microsoft will report revenue and operating income based on three operating segments: Productivity and Business Processes, Intelligent Cloud, and More Personal Computing.\nThe Productivity and Business Processes segment includes results from Office and Office 365 for commercial and consumer customers, as well as Dynamics and Dynamics CRM Online.\nThe Intelligent Cloud segment includes results from public, private and hybrid server products and services such as Windows Server, SQL Server, System Center, Azure, and Enterprise Services.\nThe More Personal Computing segment includes results from licensing of the Windows operating system, devices such as Surface and phones, gaming including Xbox consoles, and search.\nThe changes take effect this effect, its fiscal first quarter, which the company plans to report Oct. 22.\nWrite to Tess Stynes at tess.stynes@wsj.com\n 28, 2015 17:14 ET (21:14 ", "external_links": ["http://im.mstar.com/Im/Mbr/Form_PremCheckbox_Checked.gif", "http://s7.addthis.com/static/btn/sm-share-en.gif", "http://www.addthis.com/bookmark.php?v=250", "http://im.mstar.com/Im/Mbr/Form_PremCheckbox_Unchecked.gif"], "published": "2015-09-28T03:00:00.000+03:00", "crawled": "2015-09-29T13:37:29.864+03:00", "highlightTitle": ""}