{"organizations": ["Greenpeace", "Associated Press", "AP"], "uuid": "95e52a3623f43fad39a3ff3233c20f811ced151e", "thread": {"social": {"gplus": {"shares": 0}, "pinterest": {"shares": 0}, "vk": {"shares": 0}, "linkedin": {"shares": 0}, "facebook": {"likes": 0, "shares": 0, "comments": 0}, "stumbledupon": {"shares": 0}}, "site_full": "mynorthwest.com", "main_image": "http://mynorthwest.com/emedia/apimage/ap_6ee993dc846e449a9131c30b38688178.jpg", "site_section": "http://www.mynorthwest.com/xml/23.xml", "section_title": "MyNorthwest.com - Technology", "url": "http://mynorthwest.com/23/2812378/Actors-join-campaign-to-draw-attention-to-Arctic-issue", "country": "US", "title": "Actors join campaign to draw attention to Arctic issue", "performance_score": 0, "site": "mynorthwest.com", "participants_count": 0, "title_full": "Actors join campaign to draw attention to Arctic issue", "spam_score": 0.0, "site_type": "news", "published": "2015-09-18T12:24:00.000+03:00", "replies_count": 0, "uuid": "95e52a3623f43fad39a3ff3233c20f811ced151e"}, "author": "", "url": "http://mynorthwest.com/23/2812378/Actors-join-campaign-to-draw-attention-to-Arctic-issue", "ord_in_thread": 0, "title": "Actors join campaign to draw attention to Arctic issue", "locations": ["Greenland Sea", "Los Angeles"], "entities": {"persons": [], "locations": [], "organizations": []}, "highlightText": "", "language": "english", "persons": ["Jack McBrayer", "Andy Bichlbaum", "Alexander Skarsgard"], "text": "Actors join campaign to draw attention to Arctic issue By Associated Press | September 18, 2015 @ 1:24 am FILE - In this May 10, 2012, file photo, Alexander Skarsgard, a cast member in the film \"Battleship,\" waves at the American premiere of the film in Los Angeles. Critics of Arctic offshore petroleum drilling have used climbing gear, kayaks and polar bear costumes to protest industrial activity in the Arctic. They're now trying humor. Actors Alexander Skarsgard, Jack McBrayer and Andy Bichlbaum are on a Greenpeace ship in the Greenland Sea with a team from Funny or Die to make the a comedy series focused on threats to the Arctic. (AP Photo/Chris Pizzello, File)", "external_links": [], "published": "2015-09-18T12:24:00.000+03:00", "crawled": "2015-09-18T14:08:34.076+03:00", "highlightTitle": ""}