{"organizations": ["University of Washington"], "uuid": "87ad17be8faf7a745dc351869b1a59f8a62330db", "thread": {"social": {"gplus": {"shares": 0}, "pinterest": {"shares": 0}, "vk": {"shares": 0}, "linkedin": {"shares": 0}, "facebook": {"likes": 0, "shares": 0, "comments": 0}, "stumbledupon": {"shares": 0}}, "site_full": "phys.org", "main_image": "http://cdn.phys.org/newman/gfx/news/hires/2015/anewsinglemo.jpg", "site_section": "http://www.physorg.com/rss-feed/", "section_title": "Phys.org - latest science and technology news stories", "url": "http://phys.org/news/2015-09-single-molecule-tool-enzymes.html", "country": "US", "title": "A new single-molecule tool to observe enzymes at work", "performance_score": 0, "site": "phys.org", "participants_count": 0, "title_full": "A new single-molecule tool to observe enzymes at work", "spam_score": 0.0, "site_type": "news", "published": "2015-09-28T19:43:00.000+03:00", "replies_count": 0, "uuid": "87ad17be8faf7a745dc351869b1a59f8a62330db"}, "author": "", "url": "http://phys.org/news/2015-09-single-molecule-tool-enzymes.html", "ord_in_thread": 0, "title": "A new single-molecule tool to observe enzymes at work", "locations": [], "entities": {"persons": [], "locations": [], "organizations": []}, "highlightText": "", "language": "english", "persons": ["Ian Derrington"], "text": "A new single-molecule tool to observe enzymes at work September 28, 2015 An illustration of a nanopore derived from a genetically modified bacterial membrane channel with DNA passing through it. Credit: Ian Derrington, University of Washington \nA team of scientists at the University of Washington and the biotechnology company Illumina have created an innovative tool to directly detect the delicate, single-molecule interactions between DNA and enzymatic proteins. Their approach provides a new platform to view and record these nanoscale interactions in real time. As they report Sept. 28 in Nature Biotechnology , this tool should provide fast and reliable characterization of the different mechanisms cellular proteins use to bind to DNA strands—information that could shed new light on the atomic-scale interactions within our cells and help design new drug therapies against pathogens by targeting enzymes that interact with DNA. \n\"There are other single-molecule tools around, but our new tool is far more sensitive,\" said senior author and UW physics professor Jens Gundlach. \"We can really pick up atomic-scale movements that a protein imparts onto DNA.\" \nAs can happen in the scientific process, they developed this tool—the single-molecule picometer-resolution nanopore tweezers, or SPRNT—while working on a related project. \nThe UW team has been exploring nanopore technology to read DNA sequences quickly. Our genes are long stretches of DNA molecules, which are made up of combinations of four chemical DNA \"letters.\" In their approach, Gundlach and his team measure an electrical current through a biological pore called MspA, which is embedded within a modified cell membrane. As DNA passes through a tiny opening in the pore—an opening that is just 0. 12 centimeters wide, or 1/10,000th the width of a human hair—the current shifts based on the sequence of DNA letters. They use these changes in current to infer DNA sequences. \nGundlach and his team, in the process of investigating nanopore sequencing, tried out a variety of molecular motors to move DNA through the pore. They discovered that their experimental setup was sensitive enough to observe motions much smaller than the distance between adjacent letters on the DNA. As they report in their paper, SPRNT is more than seven times more sensitive than existing techniques to measure interactions between DNA and proteins. \n\"Generally, most existing techniques to look at single-molecule movements—such as optical tweezers—have a resolution, at best, of about 300 picometers,\" said Gundlach. \"With SPRNT, we can have 40 picometer resolution.\" \nFor reference, 40 picometers are 0. 4 centimeters, or about 0. 16 inches. \n\"We realized we can detect minute differences in the position of the DNA in the pore,\" said UW physics postdoctoral researcher Andrew Laszlo, a co-author on the paper. \"We could pick up differences in how the proteins were binding to DNA and moving it through the pore.\" \nThese differences account for the unique role each cellular protein plays as it interacts with DNA. Cells have proteins to copy DNA, \"read\" DNA to express genes and repair DNA when it is damaged. There are cellular proteins that unwind DNA, while others bunch DNA tightly together. \nBiologists have long recognized that proteins have different structures to perform these roles, but the physical motion of proteins as they work on DNA has been difficult to detect directly. \n\"When you have the kind of resolution that SPRNT offers, you can start to pick apart the minute steps these proteins take,\" said Laszlo. \nGundlach and his team show that SPRNT is sensitive enough to differentiate between the mechanisms that two cellular proteins use to pass DNA through the nanopore opening. One protein, which normally copies DNA, moves along the DNA one letter at a time as it guides DNA through the pore. The second protein, which normally unwinds DNA, instead takes two steps along each DNA letter, which they could pick up by tracking minute changes in the current, according to co-author and UW physics doctoral student Jonathan Craig. They even discovered that these two steps involve sequential chemical processes that the protein uses to walk along DNA. \n\"You can really see the underlying mechanisms, and that has a ton of implications—from understanding how life works to drug design,\" said Laszlo. \nGundlach believes this tool may open a new window for understanding how cellular proteins process DNA, which could help genetically engineer proteins to perform novel jobs. These fine details may also help scientists understand how mutations in proteins can lead to disease or find protein properties that would be ideal targets for drug therapies. \n\"For example, viral genes code for their own proteins that process their DNA,\" said Gundlach. \"If we can use SPRNT to screen for drugs that specifically disrupt the functioning of these proteins, it may be possible to interfere with viruses.\"", "external_links": [], "published": "2015-09-28T19:43:00.000+03:00", "crawled": "2015-09-28T20:30:04.125+03:00", "highlightTitle": ""}