{"organizations": [], "uuid": "5341806881beb0e1433638a08e7fdf2df3558dc8", "thread": {"social": {"gplus": {"shares": 0}, "pinterest": {"shares": 0}, "vk": {"shares": 0}, "linkedin": {"shares": 0}, "facebook": {"likes": 0, "shares": 0, "comments": 0}, "stumbledupon": {"shares": 0}}, "site_full": "www.freshnews.com", "main_image": "", "site_section": "http://freshnews.com//news/technology/feed", "section_title": "FreshNews.com - Technology News", "url": "http://www.freshnews.com/news/1133034/sli-systems-reveals-how-e-commerce-retailers-can-improve-revenue-search-marketing-camp", "country": "US", "title": "SLI Systems Reveals How E-Commerce Retailers Can Improve Revenue for Search Marketing Campaigns at Shop.org Digital Summit (#shoporg15)", "performance_score": 0, "site": "freshnews.com", "participants_count": 1, "title_full": "SLI Systems Reveals How E-Commerce Retailers Can Improve Revenue for Search Marketing Campaigns at Shop.org Digital Summit (#shoporg15)", "spam_score": 0.0, "site_type": "news", "published": "2015-09-28T19:02:00.000+03:00", "replies_count": 0, "uuid": "5341806881beb0e1433638a08e7fdf2df3558dc8"}, "author": "admin", "url": "http://www.freshnews.com/news/1133034/sli-systems-reveals-how-e-commerce-retailers-can-improve-revenue-search-marketing-camp", "ord_in_thread": 0, "title": "SLI Systems Reveals How E-Commerce Retailers Can Improve Revenue for Search Marketing Campaigns at Shop.org Digital Summit (#shoporg15)", "locations": [], "entities": {"persons": [], "locations": [], "organizations": []}, "highlightText": "", "language": "english", "persons": [], "text": "-- Tim Callan, Chief Marketing Officer, SLI Systems -- Katy Tonkin, Vice President of Digital Strategy, Point It \nWHAT \nBy connecting shoppers with the products they are most likely to buy via search, e-commerce retailers can increase site conversion 8-10 fold. The session offers intermediate-to-advanced level paid and organic search marketing tactics for the experienced digital retailer. \nTim Callan will discuss how to use data generated from site visitors to dynamically create powerful SEO-optimized landing pages. Katy Tonkin will offer ways to increase holiday revenue from paid search with dynamic ad formats. Both speakers will present strategies attendees can use immediately to fine-tune their search marketing campaigns. \nDesigned for mid-to-senior level executives, the session is for those passionate about ROI and revenue improvement in what is one of the most important and expensive customer acquisition channels - search marketing. \nWHEN \nMonday, October 5, 2015 from 9:40 AM - 10:20 AM \nWHERE \nPennsylvania Convention Center: 1101 Arch St., Philadelphia, PA \nTo book a meeting with Tim Callan at Shop.org Digital Summit, please contact the SLI team at media.relations@sli-systems.com . \nAbout SLI Systems SLI Systems (SLI.NZ) enables the world's leading e-commerce retailers to accelerate sales by connecting shoppers with the products they're most likely to buy. With offerings that include site search, navigation, merchandising, mobile, product recommendations and user-generated SEO, SLI is the most chosen cloud-based site search provider to U.S. Internet Retailer Top 1,000 retailers. The company's patented technology continuously learns from the actions of visitors to deliver the most relevant results possible. Whether via PC, tablet or phone, a site powered by SLI delivers the kind of satisfying search experience that increases conversion rates, secures brand loyalty and results in higher order values. SLI operates on five continents. For more information, visit www.sli-systems.com . \nConnect with SLI:", "external_links": [], "published": "2015-09-28T19:02:00.000+03:00", "crawled": "2015-09-28T20:47:53.969+03:00", "highlightTitle": ""}