{"organizations": [], "uuid": "a75600c7ec51fea57bb67aae04a8f3107658bb97", "thread": {"social": {"gplus": {"shares": 0}, "pinterest": {"shares": 0}, "vk": {"shares": 0}, "linkedin": {"shares": 0}, "facebook": {"likes": 0, "shares": 0, "comments": 0}, "stumbledupon": {"shares": 0}}, "site_full": "www.abc17news.com", "main_image": "http://www.abc17news.com/image/view/-/35536688/highRes/2/-/maxh/640/maxw/640/-/qtr22l/-/Facebook-most-popular---Facebook-graphic-illustration-jpg.jpg", "site_section": "http://www.abc17news.com/lifestyle/technology/18520150?format=rss_2.0&view=feed", "section_title": "Technology Top Stories", "url": "http://www.abc17news.com/lifestyle/technology/some-facebook-users-suffer-through-site-outage/35536708", "country": "US", "title": "Some Facebook users suffer through site outage", "performance_score": 0, "site": "abc17news.com", "participants_count": 0, "title_full": "Some Facebook users suffer through site outage", "spam_score": 0.0, "site_type": "news", "published": "2015-09-29T00:20:00.000+03:00", "replies_count": 0, "uuid": "a75600c7ec51fea57bb67aae04a8f3107658bb97"}, "author": "", "url": "http://www.abc17news.com/lifestyle/technology/some-facebook-users-suffer-through-site-outage/35536708", "ord_in_thread": 0, "title": "Some Facebook users suffer through site outage", "locations": ["North America"], "entities": {"persons": [], "locations": [], "organizations": []}, "highlightText": "", "language": "english", "persons": ["John Sanders/CNN"], "text": "Some Facebook users suffer through site outage Site monitoring disruptions showed major outages over North America POSTED: 04:20 PM CDT Sep 28, 2015 Tweet John Sanders/CNN \nFacebook was inaccessible for some users Monday afternoon, CNBC reported, the social media site's second outage in less than a week. Related Content \n\"We're currently restoring Facebook services that people had trouble accessing earlier today due to a configuration issue,\" a Facebook representative told CNBC. \"We're working to bring things back to normal for everyone.\" \nA site that monitors disruptions on Facebook showed major outages over parts of North America. \nCNBC said a message displayed on facebook.com noted, \"Sorry, something went wrong. We're working on it and we'll get it fixed as soon as we can.\" \nThe site suffered a similar outage on Thursday. \nA quick check Monday afternoon showed the site back up and running. An ABC News story confirmed it. \nCopyright 2015 by CNN NewSource . All rights reserved. This material may not be published, broadcast, rewritten or redistributed. Recommended", "external_links": [], "published": "2015-09-29T00:20:00.000+03:00", "crawled": "2015-09-29T00:36:18.593+03:00", "highlightTitle": ""}