{"organizations": [], "uuid": "55b5f001f235b17ead68f705e7271abb03e8fbf6", "thread": {"social": {"gplus": {"shares": 0}, "pinterest": {"shares": 0}, "vk": {"shares": 0}, "linkedin": {"shares": 0}, "facebook": {"likes": 0, "shares": 0, "comments": 0}, "stumbledupon": {"shares": 0}}, "site_full": "www.freshnews.com", "main_image": "", "site_section": "http://freshnews.com//news/technology/feed", "section_title": "FreshNews.com - Technology News", "url": "http://www.freshnews.com/news/1133113/gao-market-latin-america-market-research-2015-2019-reportlinker-review", "country": "US", "title": "GAO Market in Latin America - Market Research 2015-2019 - Reportlinker Review", "performance_score": 0, "site": "freshnews.com", "participants_count": 1, "title_full": "GAO Market in Latin America - Market Research 2015-2019 - Reportlinker Review", "spam_score": 0.0, "site_type": "news", "published": "2015-09-28T21:43:00.000+03:00", "replies_count": 0, "uuid": "55b5f001f235b17ead68f705e7271abb03e8fbf6"}, "author": "admin", "url": "http://www.freshnews.com/news/1133113/gao-market-latin-america-market-research-2015-2019-reportlinker-review", "ord_in_thread": 0, "title": "GAO Market in Latin America - Market Research 2015-2019 - Reportlinker Review", "locations": [], "entities": {"persons": [], "locations": [], "organizations": []}, "highlightText": "", "language": "english", "persons": [], "text": "Submitted by admin on 9/28/2015 @ 11:43 AM   ReportLinker \nNEW YORK, Sept. 28, 2015 /PRNewswire/ -- About GAO marketBased on Technavio research on the IT markets in Latin America, availability of cost-effective, advanced technologies, and favorable business conditions positioned Latin America as one of the most favourable destinations for foreign investments. This is attributed to a positive impact on political stability in the environment. Therefore, populous countries and rapidly expanding economies such as India and China are likely to add significant revenue advantages to several industries across the US and European countries.Technavio's analysts forecast the GAO market in Latin America to grow at a CAGR of 12.67% over the period 2014-2019. Covered in this Report The report covers the current scenario and the growth prospects of the GAO market in Latin America for the period of 2015-2019. To calculate the market size, the report considers revenue generated from the following general administrative activities:- FAO", "external_links": [], "published": "2015-09-28T21:43:00.000+03:00", "crawled": "2015-09-28T22:57:00.429+03:00", "highlightTitle": ""}