{"organizations": [], "uuid": "4505f47d70f059ec363b79563cb675ecbb739d5e", "thread": {"social": {"gplus": {"shares": 0}, "pinterest": {"shares": 0}, "vk": {"shares": 0}, "linkedin": {"shares": 0}, "facebook": {"likes": 0, "shares": 0, "comments": 0}, "stumbledupon": {"shares": 0}}, "site_full": "www.ajc.com", "main_image": "http://media.cmgdigital.com/shared/img/photos/2015/09/24/58/8f/Digital_Life_Apples_New_iP.JPG", "site_section": "http://www.ajc.com/s/news/technology/", "section_title": "Technology | Top News Page | AJC | www.ajc.com", "url": "http://www.ajc.com/news/technology/iphone-feature-could-cost-you-big-bucks/nnp75/", "country": "US", "title": "This iPhone feature could cost you big bucks", "performance_score": 0, "site": "ajc.com", "participants_count": 1, "title_full": "This iPhone feature could cost you big bucks | www.ajc.com", "spam_score": 0.0, "site_type": "news", "published": "2015-09-28T20:36:00.000+03:00", "replies_count": 0, "uuid": "4505f47d70f059ec363b79563cb675ecbb739d5e"}, "author": "Cox Media Group National Content Desk", "url": "http://www.ajc.com/news/technology/iphone-feature-could-cost-you-big-bucks/nnp75/", "ord_in_thread": 0, "title": "This iPhone feature could cost you big bucks", "locations": [], "entities": {"persons": [], "locations": [], "organizations": []}, "highlightText": "", "language": "english", "persons": [], "text": "About once a year, Apple releases a major software update to keep users engaged with exciting new features. This September, iOS 9 was released.\nOne feature on the updated operating system is Wi-Fi Assist, a tool that enables users to maintain the fastest connection possible when using any data related applications or features.\nEric Risberg In this Sept. 9, 2015 photo, people look over the new Apple iPhone 6s models during a product display following an Apple event in San Francisco. Photography gets even better with Apple's new iPhones, making them worth getting for $100 more than last year's models.(AP Photo/Eric Risberg) >> Read more trending stories\nThe feature targets this problem:\nWhen a user connects to a Wi-Fi network that is slow or unresponsive, the cellular device will continue to operate on that slow connection, prolonging apps and webpages from loading and fully developing. Before the update, users had to manually disconnect from a poor network to use their own data and take advantage of a faster connection.\nNow, Wi-Fi Assist automatically disconnects an iPhone from a poor connection and switches to cellular data when data usage proves to be the faster or stronger connection.\nWhat’s good about this feature is that users are saved the frustration of turning on and off their Wi-Fi and having to figure out which connection works fastest.\nWhat’s bad is that users who don’t have unlimited data may overuse their allotted data, resulting in unexpected charges and fees. Plus, without Wi-Fi Assist, users have full knowledge and control of whether they were using his or her own data or utilizing a Wi-Fi connection.\nTurn off Wi-Fi Assist in three easy steps.\n1. Click \"Settings\" on the homescreen of your Apple device.\n2. Click \"Cellular.\"\n3. Scroll to the bottom of the page, and toggle off the Wi-Fi Assist option.\nTrending on Facebook\n10 things to know about the supermoon lunar eclipse Alleged robber picks the wrong teen to mess with Must see: Man ignites gas station trying to kill spider with lighter Woman goes to church, finds out her husband is newly married Woman photographed sitting on sea turtle arrested More popular and trending stories", "external_links": ["http://media.cmgdigital.com/shared/img/photos/2015/09/28/3c/32/Wi-Fi_Assist.png", "https://www.facebook.com/CMGNationalNews", "http://media.cmgdigital.com/shared/img/photos/2015/09/28/90/42/Wi-Fi_Assist_2.png", "http://media.cmgdigital.com/shared/img/photos/2015/09/28/1e/4f/Wi-Fi_Assist_1.png", "http://media.cmgdigital.com/shared/lt/lt_cache/thumbnail/600/img/photos/2015/09/24/58/8f/Digital_Life_Apples_New_iP.JPG"], "published": "2015-09-28T20:36:00.000+03:00", "crawled": "2015-09-28T21:50:01.946+03:00", "highlightTitle": ""}