{"organizations": [], "uuid": "db1710e75a94de270bae179d007bf7e7fee7c021", "thread": {"social": {"gplus": {"shares": 0}, "pinterest": {"shares": 0}, "vk": {"shares": 0}, "linkedin": {"shares": 0}, "facebook": {"likes": 0, "shares": 0, "comments": 0}, "stumbledupon": {"shares": 0}}, "site_full": "newsr.in", "main_image": "http://cdn.newsserve.net/newsR256.jpg", "site_section": "http://newsr.in/latest/Technology.htm", "section_title": "Technology: newsR", "url": "http://newsr.in/n/Technology/75589k95f/Digital-India-to-transform-the-way-India-will.htm", "country": "US", "title": "Digital India to transform the way India will live, work: Narendra Modi", "performance_score": 0, "site": "newsr.in", "participants_count": 1, "title_full": "Digital India to transform the way India will live, work: Narendra Modi - newsR", "spam_score": 0.0, "site_type": "news", "published": "2015-09-27T03:00:00.000+03:00", "replies_count": 0, "uuid": "db1710e75a94de270bae179d007bf7e7fee7c021"}, "author": "newsr.in", "url": "http://newsr.in/n/Technology/75589k95f/Digital-India-to-transform-the-way-India-will.htm", "ord_in_thread": 0, "title": "Digital India to transform the way India will live, work: Narendra Modi", "locations": [], "entities": {"persons": [], "locations": [], "organizations": []}, "highlightText": "", "language": "english", "persons": [], "text": "Prime Minister Narendra Modi told US tech greats that his government ’s vision of Digital India was an enterprise to transform India on a scale “perhaps, unmatched in human history” that would touch the lives of those living in the farthest corners of the country and also change the way the nation “will live and work”. In his speech at the Digital India dinner here, Modi recounted the way technology was helping make connectivity easier, with the intern et, mobile phone and Skype touching the lives not only of farmers, villagers and those living in cities but also connecting doctors in India with hospitals in other countries. “Today, technology is advancing citizen empowerment and democracy that once drew their strength from Constitutions. »", "external_links": [], "published": "2015-09-27T03:00:00.000+03:00", "crawled": "2015-09-27T13:41:54.407+03:00", "highlightTitle": ""}