{"organizations": ["Google", "SEO Business & Affilate Network For Sale"], "uuid": "f6be70edbf019dabd39604a7a2a890412798799c", "thread": {"social": {"gplus": {"shares": 0}, "pinterest": {"shares": 0}, "vk": {"shares": 0}, "linkedin": {"shares": 0}, "facebook": {"likes": 0, "shares": 0, "comments": 0}, "stumbledupon": {"shares": 0}}, "site_full": "www.globalbx.com", "main_image": "", "site_section": "http://www.globalbx.com/rss/Canada/byIndustry/Technology.rss", "section_title": "Technology - Internet Related Businesses For Sale in Canada", "url": "http://www.globalbx.com/listing.asp?bId=212175", "country": "US", "title": "SEO Business & Affilate Network For Sale", "performance_score": 0, "site": "globalbx.com", "participants_count": 0, "title_full": "SEO Business & Affilate Network For Sale", "spam_score": 0.0, "site_type": "news", "published": "2015-09-22T08:07:00.000+03:00", "replies_count": 0, "uuid": "f6be70edbf019dabd39604a7a2a890412798799c"}, "author": "", "url": "http://www.globalbx.com/listing.asp?bId=212175", "ord_in_thread": 0, "title": "SEO Business & Affilate Network For Sale", "locations": [], "entities": {"persons": [], "locations": [], "organizations": []}, "highlightText": "", "language": "english", "persons": [], "text": "- Website builds & sales o Example: Built up a few websites and sold for more than US$ 100,000 The sale is made up of the entire affiliate network including its domains, websites, content, hosting and IT infrastructure, suppliers/contacts/business relationships and other associated intellectual property. The sale will also include a fully professional handover with two months of free support to ensure a succesful migration. This diverse network is made up of elements of affiliate marketing, lead generation, online advertising and SEO advice. Due to the combination of different niches as well as Marketing channels it has grown to be a robust online business allowing to mitigate business risks for e.g. �putting all eggs in one basket''. The revenues over the last 12 months amount to approx. US$ 350,000 and are split as follows (estimated): - Advertising and affiliate commissions: US$ 60,000 - Website sales: US$ 150,000 - Site Network sale: US$ 140,000 The costs on the other hand are marginal, equating to approx. US$ 30,000 per annum, allowing a very high net profit. The costs incorparte the following activities: - SEO (e.g. Link building and content) - Infrastructure (e.g. Hosting) - It requires approx. 1-2 fulltime employees The websites of this network are made up of the following metrics (on average): - approx 150,000+ visitors a month - Google PR ranges from 0 to 3 The selling price of the entire network is US$ 140,000.00. The reason for the sale of the network is due to the fact that we are looking for funding for a project outside of this sector. Financials", "external_links": [], "published": "2015-09-22T08:07:00.000+03:00", "crawled": "2015-09-22T11:30:00.543+03:00", "highlightTitle": ""}