{"organizations": [], "uuid": "233394f1d2d23854b752c8e82d943bc20c9f4f31", "thread": {"social": {"gplus": {"shares": 0}, "pinterest": {"shares": 0}, "vk": {"shares": 0}, "linkedin": {"shares": 0}, "facebook": {"likes": 0, "shares": 0, "comments": 0}, "stumbledupon": {"shares": 0}}, "site_full": "www.travelandtourworld.com", "main_image": "http://www.travelandtourworld.com/wp-content/uploads/2015/09/Hong-Kong-Airlines-Partners-with-Blue-Elephant-Panaeng-Curry-with-Seabass.png", "site_section": "http://www.travelandtourworld.com/news/article/category/travel-technology-news/", "section_title": "Travel Technology news | Travel and Tour World | Online technology news | distributive system | mobile application |travel trade professionalsTravelandtourworld.com", "url": "http://www.travelandtourworld.com/news/article/hong-kong-airlines-partners-with-blue-elephant-to-expand-inflight-fine-dining-experience-in-royal-thai-cuisine/", "country": "US", "title": "Hong Kong Airlines Partners with Blue Elephant to Expand Inflight Fine Dining Experience in Royal Thai CuisineTravelandtourworld.com", "performance_score": 0, "site": "travelandtourworld.com", "participants_count": 1, "title_full": "Hong Kong Airlines Partners with Blue Elephant to Expand Inflight Fine Dining Experience in Royal Thai CuisineTravelandtourworld.com", "spam_score": 0.0, "site_type": "news", "published": "2015-09-30T03:00:00.000+03:00", "replies_count": 0, "uuid": "233394f1d2d23854b752c8e82d943bc20c9f4f31"}, "author": "travelandtourworld.com", "url": "http://www.travelandtourworld.com/news/article/hong-kong-airlines-partners-with-blue-elephant-to-expand-inflight-fine-dining-experience-in-royal-thai-cuisine/", "ord_in_thread": 0, "title": "Hong Kong Airlines Partners with Blue Elephant to Expand Inflight Fine Dining Experience in Royal Thai CuisineTravelandtourworld.com", "locations": [], "entities": {"persons": [], "locations": [], "organizations": []}, "highlightText": "", "language": "english", "persons": [], "text": "Hong Kong Airlines Partners with Blue Elephant to Expand Inflight Fine Dining Experience in Royal Thai Cuisine Published on : Wednesday, September 30, 2015\nHong Kong Airlines, an internationally-acclaimed SKYTRAX 4-star airline, announced its partnership with Blue Elephant, the famed fine-dining Thai restaurant in Thailand, to present to Business Class passengers, flying Bangkok/Hong Kong sector, a taste of Royal Thai cuisine with an exclusive inflight menu featuring a selection of classic Thai dishes, as one of the highlights of the “Sweeten You Up” surprises.\nThe new Royal Thai Cuisine menu selection, being served on Hong Kong Airlines flights from Bangkok to Hong Kong from now until 31 August 2016, features a total of 16 dishes including appetizers, main courses and desserts in phases. Traditional Thai cooking techniques are used to make every dish in the menu; and the main dishes are highlighted with an assortment of the famous Blue Elephant curry pastes, taking passengers on a delightful culinary journey the Thai way in the sky.\nMr. Stanley Kan, Director of Hong Kong Airlines Service Delivery said, “Hong Kong Airlines always strives to enhance the variety and quality of dishes served onboard. By working with different renowned restaurants around the world, we hope to deliver the best inflight dining experience possible to our passengers. This time we are delighted to join hands with Blue Elephant, presenting a variety of classical Thai cuisine and bringing exquisite dining experience at its best to the air.”\nChef Nooror Somany, Master Chef of Blue Elephant Restaurant said, “We are honoured to be featured in Hong Kong Airlines’ in-flight dining menu. Thai cuisine is one of the most popular types of food in the world; thus, we are confident that passengers will appreciate having the delicious menu options we have prepared for their in-flight meals. We are well experienced with creating menus for airline passengers and it’s always a pleasure to present dishes that taste as good in the air as they do in our restaurants on land. We hope that the passengers will enjoy these traditional Royal Thai dishes and that it will give them a deeper understanding of our fine cuisine. We especially appreciate Hong Kong Airlines for this wonderful opportunity to serve their passengers a taste of Thailand. ”\nBlue represents one of the colours of Thailand’s Flag and elephant is the country’s mascot. Blue Elephant Restaurant, which has more than 10 branches throughout Europe, Middle East and Asia, is widely recognized as the representative of authentic Royal Thai Cuisine. The Blue Elephant Restaurant in Thailand is so famous that it has welcomed presidents of numerous countries as well as VIP guests, advocating Thai cuisine and Thai culture all over the world. The exquisite selection on offer on board the Bangkok/Hong Kong sector includes a special selection of famous Blue Elephant signature dishes such as Panaeng Curry with Seabass, Massaman Beef, Green Curry with Chicken, etc. Fresh and tender meat works perfectly with coconut milk and curry pastes, creating a feeling of time travel to a palace in ancient Thailand.\nSource:- Hong Kong Airlines", "external_links": [], "published": "2015-09-30T03:00:00.000+03:00", "crawled": "2015-09-30T15:48:16.621+03:00", "highlightTitle": ""}