{"organizations": [], "uuid": "f5980bf8cc038fddd047ea6db46bb1e5238d16fe", "thread": {"social": {"gplus": {"shares": 0}, "pinterest": {"shares": 0}, "vk": {"shares": 0}, "linkedin": {"shares": 0}, "facebook": {"likes": 0, "shares": 0, "comments": 0}, "stumbledupon": {"shares": 0}}, "site_full": "newsr.in", "main_image": "http://cdn.newsserve.net/newsR256.jpg", "site_section": "http://newsr.in/latest/Technology.htm", "section_title": "Technology: newsR", "url": "http://newsr.in/n/Technology/75589jwji/Technology-›-Child-play-shifts-to-mobile.htm", "country": "US", "title": "Technology › Child's play shifts to mobile gadgets - newsR", "performance_score": 0, "site": "newsr.in", "participants_count": 1, "title_full": "Technology › Child's play shifts to mobile gadgets - newsR", "spam_score": 0.0, "site_type": "news", "published": "2015-09-26T03:00:00.000+03:00", "replies_count": 0, "uuid": "f5980bf8cc038fddd047ea6db46bb1e5238d16fe"}, "author": "newsr.in", "url": "http://newsr.in/n/Technology/75589jwji/Technology-›-Child-play-shifts-to-mobile.htm", "ord_in_thread": 0, "title": "Technology › Child's play shifts to mobile gadgets - newsR", "locations": [], "entities": {"persons": [], "locations": [], "organizations": []}, "highlightText": "", "language": "english", "persons": [], "text": "Children are going mobile with their video game play, shifting away from computers and consoles, according to a report released by NPD Group. Mobile devices are now the most used gadgets for video game play by U.S. children ranging in age from two to 17 years old, according to a… »", "external_links": [], "published": "2015-09-26T03:00:00.000+03:00", "crawled": "2015-09-27T08:53:50.919+03:00", "highlightTitle": ""}