{"organizations": [], "uuid": "0afaea01754b463346fc5515ba3748d9e04b7bac", "thread": {"social": {"gplus": {"shares": 0}, "pinterest": {"shares": 0}, "vk": {"shares": 0}, "linkedin": {"shares": 0}, "facebook": {"likes": 0, "shares": 0, "comments": 0}, "stumbledupon": {"shares": 0}}, "site_full": "www.hydroworld.com", "main_image": "", "site_section": "http://www.hydroworld.com/rssfeed/HydroworldcomTechnologyEquipmentNews.html", "section_title": "HydroWorld.com Technology & Equipment News", "url": "http://www.hydroworld.com/articles/premium-content/2015/09/u-s-seeks-turbine-headcovers-for-1-780-mw-dalles-dam.html", "country": "US", "title": "U.S. seeks turbine headcovers for 1,780-MW Dalles Dam", "performance_score": 0, "site": "hydroworld.com", "participants_count": 0, "title_full": "U.S. seeks turbine headcovers for 1,780-MW Dalles Dam", "spam_score": 0.0, "site_type": "news", "published": "2015-09-30T18:48:00.000+03:00", "replies_count": 0, "uuid": "0afaea01754b463346fc5515ba3748d9e04b7bac"}, "author": "", "url": "http://www.hydroworld.com/articles/premium-content/2015/09/u-s-seeks-turbine-headcovers-for-1-780-mw-dalles-dam.html", "ord_in_thread": 0, "title": "U.S. seeks turbine headcovers for 1,780-MW Dalles Dam", "locations": ["U.S."], "entities": {"persons": [], "locations": [], "organizations": []}, "highlightText": "", "language": "english", "persons": [], "text": "Company Country By clicking 'Register' you are indicating that you have read and agree with our Terms & Conditions and Privacy Policy . Forgot your password? Enter your email address below and click Submit to receive password reset instructions via email. Email Address Your password has been changed successfully. Your username is not found in the system. Please check the username and try again. Your password change is in progress.... Email Sent An email has been sent to . Please follow the instructions in the email to change your password. Welcome to PennWell Your account has been created and you are now logged in. You already have an account It looks like you've already registered with . Please login below to link your accounts. Email Address Forgot your password? Please Verify Your Account Thank you for registering. An email has been sent to with instructions on how to verify your account. Please Verify Your Account The specified email address, , needs to be verified in order to login. An email has been sent to with instructions on how to verify your account. /content/hydro/en/login.resendverification.html", "external_links": [], "published": "2015-09-30T18:48:00.000+03:00", "crawled": "2015-09-30T21:56:52.627+03:00", "highlightTitle": ""}