{"organizations": [], "uuid": "30046e3abf2dd689e627054e2006dee9ba8baaf6", "thread": {"social": {"gplus": {"shares": 0}, "pinterest": {"shares": 0}, "vk": {"shares": 0}, "linkedin": {"shares": 0}, "facebook": {"likes": 0, "shares": 0, "comments": 0}, "stumbledupon": {"shares": 0}}, "site_full": "www.bio-medicine.org", "main_image": "", "site_section": "http://feeds.bio-medicine.org/latest-biology-technology", "section_title": "Latest Biology Technology from Bio-Medicine.Org", "url": "http://www.bio-medicine.org/biology-technology-1/MiMedx-Announces-Release-Date-For-2015-Third-Quarter-Earnings-Conference-Call-34175-1/", "country": "US", "title": "MiMedx Announces Release Date For 2015 Third Quarter Earnings Conference Call", "performance_score": 0, "site": "bio-medicine.org", "participants_count": 0, "title_full": "MiMedx Announces Release Date For 2015 Third Quarter Earnings Conference Call", "spam_score": 0.0, "site_type": "news", "published": "2015-09-29T21:16:00.000+03:00", "replies_count": 0, "uuid": "30046e3abf2dd689e627054e2006dee9ba8baaf6"}, "author": "", "url": "http://www.bio-medicine.org/biology-technology-1/MiMedx-Announces-Release-Date-For-2015-Third-Quarter-Earnings-Conference-Call-34175-1/", "ord_in_thread": 0, "title": "MiMedx Announces Release Date For 2015 Third Quarter Earnings Conference Call", "locations": [], "entities": {"persons": [], "locations": [], "organizations": []}, "highlightText": "", "language": "english", "persons": [], "text": " ", "external_links": [], "published": "2015-09-29T21:16:00.000+03:00", "crawled": "2015-09-30T16:08:30.605+03:00", "highlightTitle": ""}