{"organizations": ["Hong Kong Airlines"], "uuid": "300400088d2f3cbe290917648c7fe9ed75bdff9b", "thread": {"social": {"gplus": {"shares": 0}, "pinterest": {"shares": 0}, "vk": {"shares": 0}, "linkedin": {"shares": 0}, "facebook": {"likes": 0, "shares": 0, "comments": 0}, "stumbledupon": {"shares": 0}}, "site_full": "www.travelmole.com", "main_image": "", "site_section": "http://www.travelmole.com/feeds/18_2.xml", "section_title": "TravelMole Media Group, L.L.C. | UK Travel Technology News", "url": "http://www.travelmole.com/news_feature.php?news_id=2018260", "country": "US", "title": "AsiaPay rolls out multi-currency pricing for Hong Kong Airlines", "performance_score": 0, "site": "travelmole.com", "participants_count": 0, "title_full": "AsiaPay rolls out multi-currency pricing for Hong Kong Airlines", "spam_score": 0.0, "site_type": "news", "published": "2015-08-27T10:45:00.000+03:00", "replies_count": 0, "uuid": "300400088d2f3cbe290917648c7fe9ed75bdff9b"}, "author": "", "url": "http://www.travelmole.com/news_feature.php?news_id=2018260", "ord_in_thread": 0, "title": "AsiaPay rolls out multi-currency pricing for Hong Kong Airlines", "locations": [], "entities": {"persons": [], "locations": [], "organizations": []}, "highlightText": "", "language": "english", "persons": [], "text": "Tuesday 01st September 2015 AsiaPay rolls out multi-currency pricing for Hong Kong Airlines \nDigital payment service AsiaPay has teamed up with multi-currency pricing provider FEXCO to offer a currency risk management tool for Hong Kong Airlines' e-commerce platform.The solution is fully integrated in the Hong Kong Airlines website displaying all fares and ancillary products in multiple currencies.Customers can select a preferred currency before browsing the website, offering added transparency on fares.\"This is a welcome advancement both for our passenger base and indeed for the airline itself. Our goal is to continue to innovate so we can better serve our passengers,\" said Li Dianchun, commercial director of Hong Kong Airlines.\"This partnership delivers them a tailored and transparent payment solution allowing them to better determine value on their purchase, in a currency they're familiar with.\"\"We are proud to implement this new real-time currency conversion service to Hong Kong Airlines together with FEXCO. Being a leading ePayment service player in Asia, we understand the ever-changing consumer needs for a more user-friendly, safe and convenient way to pay for online travel services,\" added Joseph Chan, CEO of AsiaPay. \nThursday, August 27, 2015", "external_links": [], "published": "2015-08-27T10:45:00.000+03:00", "crawled": "2015-09-01T10:51:08.969+03:00", "highlightTitle": ""}