{"organizations": ["Caters News Agency Published", "The Times Subscribe"], "uuid": "34f0cecd41294e4af166ab6d3557da7d65c17ec6", "thread": {"social": {"gplus": {"shares": 0}, "pinterest": {"shares": 0}, "vk": {"shares": 0}, "linkedin": {"shares": 0}, "facebook": {"likes": 0, "shares": 0, "comments": 0}, "stumbledupon": {"shares": 0}}, "site_full": "www.thetimes.co.uk", "main_image": "http://www.thetimes.co.uk/tto/multimedia/archive/00967/9d6587ce-5015-11e5-_967986h.jpg", "site_section": "http://www.thetimes.co.uk/tto/technology/rss", "section_title": "Technology | The Times", "url": "http://www.thetimes.co.uk/tto/technology/article4543686.ece", "country": "GB", "title": "No life on MARS — the ship that can sail itself", "performance_score": 0, "site": "thetimes.co.uk", "participants_count": 0, "title_full": "No life on MARS — the ship that can sail itself", "spam_score": 0.0, "site_type": "news", "published": "2015-08-31T11:35:00.000+03:00", "replies_count": 0, "uuid": "34f0cecd41294e4af166ab6d3557da7d65c17ec6"}, "author": "", "url": "http://www.thetimes.co.uk/tto/technology/article4543686.ece", "ord_in_thread": 0, "title": "No life on MARS — the ship that can sail itself", "locations": [], "entities": {"persons": [], "locations": [], "organizations": []}, "highlightText": "", "language": "english", "persons": [], "text": "Welcome to your preview of The Times Subscribe now No life on MARS — the ship that can sail itself The revolutionary vessel will be unmanned and powered by renewable energy Caters News Agency The revolutionary vessel will be unmanned and powered by renewable energy Caters News Agency Published 1 minute ago \nA “robot” ship able to sail itself and resist pirate attacks could transform the shipping industry, its designers claim (Simon de Bruxelles writes). \nThe Mayflower Autonomous Research Ship — MARS — will be powered by wind, solar and wave energy and will be able to make its own decisions about the best course to take, depending on conditions. \nThe scientists behind the project hope that it will be the first of a fleet of remote-contolled ships that could one day replace manned vessels. \nKevin Jones, executive dean of Plymouth University’s faculty of science and engineering, said: “If we can put a rover Subscribe now \nTo see the full article you need to subscribe Subscribe Facebook claims billion users in a day Last updated at 12:01AM, August 29 2015 \nThe ‘important milestone’ comes despite opposition to the social media site’s expansion tactics in the emerging markets Ashley Madison boss had affairs too, emails suggest Last updated at 11:19AM, August 27 2015 \nThe boss of Ashley Madison appears to have conducted a string of affairs despite claiming that he would never cheat on his wife, leaked emails suggest Second cyberattack shuts Mumsnet site Published at 12:01AM, August 27 2015 \nA spokesman for the website said that it was taken down on Monday and Tuesday by attacks that were twice the size of the first, earlier this month Airliner tweets charted end of the affair Published at 12:01AM, August 25 2015 \nIn the close confinement of an aircraft’s economy cabin, aboard a flight that was delayed, a man decided to break up with his girlfriend. . . Sponsored Editorial", "external_links": [], "published": "2015-08-31T11:35:00.000+03:00", "crawled": "2015-09-01T01:24:48.294+03:00", "highlightTitle": ""}