{"organizations": [], "uuid": "31574a0b9654eda0acdfabb609f5ab092c15aaa8", "thread": {"social": {"gplus": {"shares": 0}, "pinterest": {"shares": 0}, "vk": {"shares": 0}, "linkedin": {"shares": 0}, "facebook": {"likes": 0, "shares": 0, "comments": 0}, "stumbledupon": {"shares": 0}}, "site_full": "www.news24.com", "main_image": "http://cdn.24.co.za/files/Cms/General/d/378/7d7e3272c3b1435da3d3997d554be81d.jpg", "site_section": "http://www.news24.com/", "section_title": "News24, South Africa's premier news source, provides breaking news on national, world, Africa, sport, entertainment, technology &amp; more. ", "url": "http://www.news24.com/World/News/Irans-Rouhani-says-Syrian-regime-must-not-be-weakened-20150928", "country": "ZA", "title": "Iran's Rouhani says Syrian regime must not be weakened", "performance_score": 0, "site": "news24.com", "participants_count": 1, "title_full": "Iran's Rouhani says Syrian regime must not be weakened | News24", "spam_score": 0.0, "site_type": "news", "published": "2015-09-28T21:24:00.000+03:00", "replies_count": 0, "uuid": "31574a0b9654eda0acdfabb609f5ab092c15aaa8"}, "author": "news24.com", "url": "http://www.news24.com/World/News/Irans-Rouhani-says-Syrian-regime-must-not-be-weakened-20150928", "ord_in_thread": 0, "title": "Iran's Rouhani says Syrian regime must not be weakened", "locations": [], "entities": {"persons": [], "locations": [], "organizations": []}, "highlightText": "", "language": "english", "persons": [], "text": "New York - Iran's President Hassan Rouhani on Sunday warned that the Syrian government must be allowed to remain in power to prevent ISIS from taking over the country.\nRouhani, in New York to attend the United Nations General Assembly meeting, argued that the priority must be combating ISIS extremists in Syria, and that \"political reforms\" could follow.\n\"If we are to succeed in fighting terrorism, the government in Damascus cannot be weakened. It must be able to carry on the fight,\" Rouhani told a gathering of academics and journalists in New York.\n\"If the Syrian government is taken out of the equation, the terrorists will enter Damascus\" and \"the whole country will become controlled territory, a safe haven for terrorists,\" he said.", "external_links": [], "published": "2015-09-28T21:24:00.000+03:00", "crawled": "2015-09-28T15:02:40.341+03:00", "highlightTitle": ""}