{"organizations": [], "uuid": "c68daa7eb3faffdb7fa5dda01ee5e8a40e7032b2", "thread": {"social": {"gplus": {"shares": 0}, "pinterest": {"shares": 0}, "vk": {"shares": 0}, "linkedin": {"shares": 0}, "facebook": {"likes": 0, "shares": 0, "comments": 0}, "stumbledupon": {"shares": 0}}, "site_full": "www.freshnews.com", "main_image": "", "site_section": "http://freshnews.com//news/technology/feed", "section_title": "FreshNews.com - Technology News", "url": "http://www.freshnews.com/news/1130361/survey-reveals-how-american-catholics-will-communicate-about-pope-francis-visit-united", "country": "US", "title": "Survey reveals how American Catholics will communicate about Pope Francis' visit to the United States", "performance_score": 0, "site": "freshnews.com", "participants_count": 1, "title_full": "Survey reveals how American Catholics will communicate about Pope Francis' visit to the United States", "spam_score": 0.0, "site_type": "news", "published": "2015-09-21T22:00:00.000+03:00", "replies_count": 0, "uuid": "c68daa7eb3faffdb7fa5dda01ee5e8a40e7032b2"}, "author": "admin", "url": "http://www.freshnews.com/news/1130361/survey-reveals-how-american-catholics-will-communicate-about-pope-francis-visit-united", "ord_in_thread": 0, "title": "Survey reveals how American Catholics will communicate about Pope Francis' visit to the United States", "locations": [], "entities": {"persons": [], "locations": [], "organizations": []}, "highlightText": "", "language": "english", "persons": [], "text": "Submitted by admin on 9/21/2015 @ 12:00 PM Companies mentioned in this article: Verizon \nNEW YORK, Sept. 21, 2015 /PRNewswire/ -- Pope Francis will be visiting an American population that is communicating via their personal devices and taking part in national conversations on various digital platforms more than ever before. A new survey of American Catholics ahead of Pope Francis' visit to the United States shows that this will be a historically unprecedented communications moment. \nVerizon, which invested more than $1.6 billion in its networks since 2014 to help boost capacity in the regions where the Pope will visit and made specific local investments in both its wireless and wireline networks to prepare for the papal visit, sponsored the survey by KRC Research to learn what American Catholics are saying about Pope Francis, his visit, and how they plan to communicate and share about it. \nThe survey asked questions about how American Catholics see the relationship between Pope Francis and communications technology, view the upcoming papal visit, plan on communicating about the visit, looking at the views of millennials, age 18-34, and Spanish-speaking Catholics in particular. \nAmong the findings from the survey, key takeaways include: -- American Catholics say Pope Francis has better connected the Catholic Church with technology, including social media: 89% of Catholics surveyed say Pope Francis has made the Catholic Church more in touch with the tools of modern communication, like social media. -- Nearly half of American Catholics use social media to keep connected with the Pope or Catholic Church: 48% of Catholics surveyed say they keep in touch with the Pope or Catholic Church on social media. -- American Catholics plan on actively following coverage of the Pope's visit to the U.S.: Even if they can't attend any of the Pope's public appearances in the U.S. in person, 83% of Catholics surveyed plan on following coverage of the Pope's visit. -- Spanish-speaking American Catholics are particularly plugged-in: 97% of Spanish-speaking Catholics surveyed say they use a smartphone or tablet, compared to 83% of Catholics surveyed. -- American Catholics will overwhelmingly be using technology to share the experience of Pope Francis' visit: If given a chance to attend a public appearance by the Pope, 79% of Catholics surveyed would use technology to share the experience, compared with 89% of Spanish-speaking Catholics surveyed and 89% of millennial Catholics surveyed. \nIf given a chance to attend a Catholics Spanish- Millennial public appearance by the Pope, would you: speaking Catholics Catholics --- Do any of the following: 79% 89% 89% --- --- --- Share a picture or video 68% 81% 72% --- --- --- Post a status, location or tweet 46% 66% 60% --- --- --- \n-- Many American Catholics surveyed use technology as part of their faith and 78% say it would be hard to give up mobile technology: Half (51%) of Catholics say they've done one or more of the following: -- Shared religious views on social media (34%) -- Used a faith-related mobile app (24%) -- Used a mobile phone to coordinate plans around a religious event (18%) \nAmerican Catholics (78%) say it would be harder to give up their phones, tablets or the services we rely on them for (internet access, social media or streaming music) than: -- TV (53%) -- Coffee (37%) -- Junk food (31%) -- Their annual vacation (28%) -- Swearing (15%) \n-- Millennial Catholics are particularly likely to have used their mobile devices for a faith-related reason: More than two thirds (68%) of millennials surveyed have used their mobile devices for religious activities: -- Shared religious views on social media (43%) -- Used a faith-related mobile app (40%) -- Used a mobile phone to coordinate plans around a religious event (27%) \nHave you ever done any of the following: Catholics Spanish- Millennial speaking Catholics Catholics --- Any of these: 51% 70% 68% --- --- --- Share religious views on social media 34% 48% 43% --- --- --- Use a faith-based mobile app 24% 36% 40% --- --- --- Use mobile phone to coordinate 18% 27% 27% plans around a religious event", "external_links": [], "published": "2015-09-21T22:00:00.000+03:00", "crawled": "2015-09-22T00:39:23.344+03:00", "highlightTitle": ""}