{"organizations": ["Quality Magazine Rudolph Acquires Inspection Technology of Stella Alliance", "Rudolph Acquires Inspection Technology of Stella Alliance"], "uuid": "9e0fb7da7fd7f0608cdbed70e5920f434175ba00", "thread": {"social": {"gplus": {"shares": 0}, "pinterest": {"shares": 0}, "vk": {"shares": 0}, "linkedin": {"shares": 0}, "facebook": {"likes": 0, "shares": 0, "comments": 0}, "stumbledupon": {"shares": 0}}, "site_full": "news.google.com", "main_image": "http://www.qualitymag.com/ext/resources/Ed/thumb/Headlines.jpg?1434402284", "site_section": "http://news.google.com/news?hl=en&gl=us&q=technology&pws=0&bav=on.2,or.r_gc.r_pw.r_cp.r_qf.&bpcl=38093640&biw=1366&bih=653&um=1&ie=UTF-8&output=rss", "section_title": "technology - Google News", "url": "http://news.google.com/news/url?sa=t&fd=R&ct2=us&usg=AFQjCNH__pU94iRpmZ1hZ8hwlpl6_wmYbQ&clid=c3a7d30bb8a4878e06b80cf16b898331&cid=52778960985555&ei=-FALVqDrOoi4aZrjlZgN&url=http://www.qualitymag.com/articles/92871-rudolph-acquires-inspection-technology-of-stella-alliance", "country": "IL", "title": "Rudolph Acquires Inspection Technology of Stella Alliance - Quality Magazine", "performance_score": 0, "site": "google.com", "participants_count": 0, "title_full": "Rudolph Acquires Inspection Technology of Stella Alliance - Quality Magazine", "spam_score": 0.0, "site_type": "news", "published": "2015-09-29T22:53:00.000+03:00", "replies_count": 0, "uuid": "9e0fb7da7fd7f0608cdbed70e5920f434175ba00"}, "author": "", "url": "http://news.google.com/news/url?sa=t&fd=R&ct2=us&usg=AFQjCNH__pU94iRpmZ1hZ8hwlpl6_wmYbQ&clid=c3a7d30bb8a4878e06b80cf16b898331&cid=52778960985555&ei=-FALVqDrOoi4aZrjlZgN&url=http://www.qualitymag.com/articles/92871-rudolph-acquires-inspection-technology-of-stella-alliance", "ord_in_thread": 0, "title": "Rudolph Acquires Inspection Technology of Stella Alliance - Quality Magazine", "locations": [], "entities": {"persons": [], "locations": [], "organizations": []}, "highlightText": "", "language": "english", "persons": [], "text": "Rudolph Acquires Inspection Technology of Stella Alliance September 29, 2015 No Comments \nFLANDERS, NJ — Rudolph Technologies, Inc. purchased Stella Alliance, LLC, a Massachusetts-based semiconductor inspection technology intellectual property (IP) portfolio company. \nStella Alliance’s patented illumination, auto-focus and image acquisition technology significantly enhances the ability to identify certain critical defects not visible with current techniques. With this acquisition, Rudolph expects to add a next-generation, high-resolution inspection system to its portfolio of solutions in the second quarter of 2016. Additionally, the acquired technology is able to handle large rectangular substrates, extending Rudolph’s inspection portfolio footprint into growing unserved segments of microelectronic device manufacturing. \nPaul McLaughlin, Rudolph’s chairman and chief executive officer, stated, “We expect the addition of this patented technology to bring a competitive advantage to our customers by addressing current inspection limitations, while helping Rudolph maintain the dominant market share in the back-end inspection arena.” \nThe technology was developed to overcome the challenges of detecting residue-related defects that traditional technologies can miss. These defects can have a significant impact on the interconnect quality, such as incomplete etch of bond or bump pads, faint copper bridging and stringers at the bottom of vias and high aspect ratio trenches in fan-out wafer level packaging (FOWLP), wafer-level chip scale packaging (WLCSP) and embedded die applications. \nIn addition, the technology provides the high resolution needed to inspect highly warped rectangular panels (larger than 500mm). This compliments Rudolph’s JetStep S line of steppers, which are panel-ready today. With this technology, Rudolph will offer a more comprehensive panel solution, which involves printing, inspecting and yield analysis, to quickly ramp lines and maintain high productivity. \n“This new technology helps Rudolph provide configurable systems to meet current and future challenges faced by our customers,” said Mike Goodrich, vice president and general manager of Rudolph’s Inspection Business Unit. “As interconnect technology becomes increasingly important in back-end 3D and 2.5D applications, we anticipate this inspection technique to be a key component for our customers’ process control strategies.” \nThe Company does not expect the transaction to have an impact on the results of operations for the 2015 third quarter. Terms of the transaction were not disclosed. \nFor more information, visit www.rudolphtech.com . \nDid you enjoy this article? Click here to subscribe to Quality Magazine. Related Articles", "external_links": [], "published": "2015-09-29T22:53:00.000+03:00", "crawled": "2015-09-30T06:04:57.567+03:00", "highlightTitle": ""}