{"organizations": [], "uuid": "5206a7370a11fe0b994b25ed5c9dcc3de7c56453", "thread": {"social": {"gplus": {"shares": 0}, "pinterest": {"shares": 0}, "vk": {"shares": 0}, "linkedin": {"shares": 0}, "facebook": {"likes": 0, "shares": 0, "comments": 0}, "stumbledupon": {"shares": 0}}, "site_full": "www.freshnews.com", "main_image": "", "site_section": "http://freshnews.com//news/technology/feed", "section_title": "FreshNews.com - Technology News", "url": "http://www.freshnews.com/news/1132164/jeff-schermerhorn-appointed-vice-president-lockton-companies-cyber-technology-practice", "country": "US", "title": "Jeff Schermerhorn Appointed Vice President of Lockton Companies' Cyber Technology Practice", "performance_score": 0, "site": "freshnews.com", "participants_count": 1, "title_full": "Jeff Schermerhorn Appointed Vice President of Lockton Companies' Cyber Technology Practice", "spam_score": 0.0, "site_type": "news", "published": "2015-09-24T20:46:00.000+03:00", "replies_count": 0, "uuid": "5206a7370a11fe0b994b25ed5c9dcc3de7c56453"}, "author": "admin", "url": "http://www.freshnews.com/news/1132164/jeff-schermerhorn-appointed-vice-president-lockton-companies-cyber-technology-practice", "ord_in_thread": 0, "title": "Jeff Schermerhorn Appointed Vice President of Lockton Companies' Cyber Technology Practice", "locations": [], "entities": {"persons": [], "locations": [], "organizations": []}, "highlightText": "", "language": "english", "persons": [], "text": "Submitted by admin on 9/24/2015 @ 10:46 AM   Lockton \nLOS ANGELES, Sept. 24, 2015 /PRNewswire/ -- Lockton Companies announces Jeff Schermerhorn has joined the leadership team of its Cyber Technology Practice as Vice President. Schermerhorn will offer clients tailored programs to shelter them from the increasing threat of cyber attacks. Lockton is the world's largest privately held, independent insurance broker. \nhttps://photos.prnewswire.com/prnvar/20150924/270537 \n\"I am thrilled to have Jeff as a part of Lockton and our practice,\" said Laurie Schwarz, Senior Vice President of Lockton's Cyber team. \"I am really looking forward to working with Jeff as he shares our vision of creating innovative, tailored insurance solutions for our clients while being their trusted advisor and passionate advocate.\" \nSchermerhorn will focus on customizing professional liability and cyber liability insurance programs for clients. Specializing in comprehensive reviews of clients' E&O and cyber liability exposures, he will produce tailored solutions in the most robust and cost-effective manner possible. \n\"I welcome this opportunity to join Lockton and be a key part of its Cyber Technology Practice,\" said Schermerhorn. \"I look forward to working with clients to protect them from the growing cyber threats and helping ensure their businesses stay safe and are provided with complete coverage.\" \nPrior to his position at Lockton, Schermerhorn served as Vice President, National Cyber Liability and E&O practice for Marsh & McLennan Companies. Previously he was product counsel in US specialty division/professional risks for CNA Insurance, and he has served as corporate attorney in California. \nSchermerhorn holds a bachelor's degree in political science from California State University, earned his juris doctor from the Chapman University School of Law, and achieved his MBA in finance and technology from the New York University Stern School of Business. \nSchermerhorn will be based in Lockton's Los Angeles office located at 725 South Figueora, 35(th) Floor, Los Angeles, CA 90017. The office number is 213.689.0065. \nAbout Lockton More than 5,600 professionals at Lockton provide 48,000 clients around the world with risk management, insurance, employee benefits consulting, and retirement services that improve their businesses. From its founding in 1966 in Kansas City, Missouri, Lockton has attracted entrepreneurial professionals who have driven its growth to become the largest privately held, independent insurance broker in the world and 10(th )largest overall. For six consecutive years, Business Insurance magazine has recognized Lockton as a \" Best Place to Work in Insurance .\" To see the latest insights from Lockton's experts, check Lockton Market Update .", "external_links": [], "published": "2015-09-24T20:46:00.000+03:00", "crawled": "2015-09-24T21:50:39.074+03:00", "highlightTitle": ""}