{"organizations": [], "uuid": "330f582f9f483c5ca85077c4596fed60ff875c2b", "thread": {"social": {"gplus": {"shares": 0}, "pinterest": {"shares": 0}, "vk": {"shares": 0}, "linkedin": {"shares": 0}, "facebook": {"likes": 0, "shares": 0, "comments": 0}, "stumbledupon": {"shares": 0}}, "site_full": "timesofindia.indiatimes.com", "main_image": "http://timesofindia.indiatimes.com/photo/49135601.cms", "site_section": "http://timesofindia.indiatimes.com/rssfeeds/5880666.cms", "section_title": "Technology News, Latest Tech News & Reviews | Times of India", "url": "http://timesofindia.indiatimes.com/tech/tech-news/TRAI-directed-to-penalise-operators-encouraging-call-drops-Telecom-minister/articleshow/49135553.cms", "country": "IL", "title": "TRAI directed to penalise operators encouraging call drops: Telecom minister", "performance_score": 0, "site": "indiatimes.com", "participants_count": 1, "title_full": "TRAI directed to penalise operators encouraging call drops: Telecom minister - The Times of India", "spam_score": 0.0, "site_type": "news", "published": "2015-09-28T16:01:00.000+03:00", "replies_count": 0, "uuid": "330f582f9f483c5ca85077c4596fed60ff875c2b"}, "author": "timesofindia.indiatimes.com", "url": "http://timesofindia.indiatimes.com/tech/tech-news/TRAI-directed-to-penalise-operators-encouraging-call-drops-Telecom-minister/articleshow/49135553.cms", "ord_in_thread": 0, "title": "TRAI directed to penalise operators encouraging call drops: Telecom minister", "locations": [], "entities": {"persons": [], "locations": [], "organizations": []}, "highlightText": "", "language": "english", "persons": [], "text": "PATNA: Asserting the seriousness of central government on the issue of call drops, Communication and Information Technology minister Ravi Shankar Prasad has said that the TRAI (Telecom Regulatory Authority of India) has been directed to penalise any operator encouraging call drop.\n\n\"The central government is very much serious on the call drop issue, right from the beginning. Inquiry is going on for the last five to six months on call drops. The telecom department is monitoring the situation across the entire country, and even BSNL is working to improve the situation. The TRAI has even been told to penalise the operator in case of call drop. The TRAI is working in this direction,\" Prasad told media here.\n\n\"I want to say that with the effort of the central government in the last four to five months, the situation is about to improve, and will definitely improve. As far as, Bihar is concerned, I would like to say that, I had earlier announced the setting of 1150 BTS (Base Trans-Receiver Station) of 2G, and today, I want to say that 620 have been set up and 120 BTS of 3G have been set up,\" Prasad added.\n\n\"The experts from the BSNL have come to Bihar several times in the last few months and have done a survey on what all things are needed to improve the situation. Even Airtel, Vodafone is optimizing and trying to improve the situation in different cities. Airtel is also setting up 10 BTS in Patna,\" he said.\n\nAccording to the latest TRAI report, the call drop problem during peak hours has almost doubled in the last one year.  ", "external_links": [], "published": "2015-09-28T16:01:00.000+03:00", "crawled": "2015-09-28T11:57:48.251+03:00", "highlightTitle": ""}