{"organizations": [], "uuid": "ef14ae0825d09735be564bbedd4c9ee03fa67b81", "thread": {"social": {"gplus": {"shares": 0}, "pinterest": {"shares": 0}, "vk": {"shares": 0}, "linkedin": {"shares": 0}, "facebook": {"likes": 0, "shares": 0, "comments": 0}, "stumbledupon": {"shares": 0}}, "site_full": "www.wcax.com", "main_image": "", "site_section": "http://www.wcax.com/category/13536/technology-news", "section_title": "Technology &amp; Science News - WCAX.COM Local Vermont News, Weather and Sports-", "url": "http://www.wcax.com/story/30075842/filipino-in-singapore-jailed-for-sedition-through-facebook", "country": "US", "title": "Filipino in Singapore jailed for sedition through Facebook", "performance_score": 0, "site": "wcax.com", "participants_count": 1, "title_full": "Filipino in Singapore jailed for sedition through Facebook - WCAX.COM Local Vermont News, Weather and Sports-", "spam_score": 0.0, "site_type": "news", "published": "2015-09-21T03:00:00.000+03:00", "replies_count": 0, "uuid": "ef14ae0825d09735be564bbedd4c9ee03fa67b81"}, "author": "wcax.com", "url": "http://www.wcax.com/story/30075842/filipino-in-singapore-jailed-for-sedition-through-facebook", "ord_in_thread": 0, "title": "Filipino in Singapore jailed for sedition through Facebook", "locations": [], "entities": {"persons": [], "locations": [], "organizations": []}, "highlightText": "", "language": "english", "persons": [], "text": "By ANNABELLE LIANG\nAssociated Press SINGAPORE (AP) - A Filipino nurse working in Singapore was sentenced Monday to four months in jail for describing Singaporeans as losers on his Facebook, and subsequently providing false information to police investigators.\nEllo Ed Mundsel Bello, 28, pleaded guilty to a charge of promoting feelings of ill-will and hostility under the country's sedition act, and two charges of providing false information to the police. An additional charge under the sedition act, and another for lying to the police, was also considered during sentencing.\nIn a Facebook post on Jan. 2 that received more than 600 hostile replies, Bello called Singaporeans \"loosers (sic) in their own country\".\nSingapore will soon be the \"new Filipino state,\" he wrote. He added: \"We take their jobs, their future, their women, and soon, we will evict all SG loosers out of their own country.\"\nThe Filipino also stated that he was \"praying that disastors (sic) strike Singapore and more Singaporeans will die,\" and that he would \"celebrate\" if this happened.\nFollowing the hostility his comments generated, Bello deleted them and lodged a police report, claiming that someone logged into his Facebook account without permission.\nBello was dismissed from his job at Singapore's Tan Tock Seng Hospital after it was discovered that he had made three other similar online posts in 2014.\nIn sentencing Bello, district judge Siva Shanmugam emphasized that xenophobic comments had no place in cosmopolitan Singapore as they posed \"a threat to our social stability and security\".\n\"The local-foreigner divide has remained a challenging fault line in our society in recent times,\" Shanmugam said.\n\"Unlike the limited effect and reach of distinct racial or religious issues, this divide affects all and sundry and cannot be regarded as any less delicate or sensitive in the current context,\" he added.\nThe sedition charge is deserving of a three-month jail term, said Shanmugam, who took into account Bello's status as a first-time offender.\nTwo counts of providing false information to public officers were awarded a month in jail each, with punishment on these counts running consecutively.\nOn Aug. 27, Philippine authorities said they respected the decision of Singapore's court to convict Bello of sedition.\nBello, who was dressed in white and brown prison garb, looked straight ahead as the judgment was read in a relatively empty courtroom.\nThe maximum punishment for inciting feelings of ill-will and hostility between different races or classes of Singapore's population is a three-year jail term and a 5,000 Singapore dollars ($3,555) fine.\nFor giving false information to the police, offenders face a punishment of up to a year in jail and a fine of 5,000 Singapore dollars ($3,555).\nSingapore courts have in the past similarly punished offenders for making public remarks seen as seditious and likely to stir racial trouble.\nAbout 40 percent of Singapore's population of 5.47 million is made up of foreigners, most of them from neighboring countries including the Philippines. A large number of Filipinos work in the hospitality, medical and entertainment industries. Singapore citizens' three main races are Chinese, Malay and Indians.\n ", "external_links": [], "published": "2015-09-21T03:00:00.000+03:00", "crawled": "2015-09-28T13:20:46.761+03:00", "highlightTitle": ""}