{"organizations": [], "uuid": "f6d861c0c679f183278d4312cac26dc83d5a7147", "thread": {"social": {"gplus": {"shares": 0}, "pinterest": {"shares": 0}, "vk": {"shares": 0}, "linkedin": {"shares": 0}, "facebook": {"likes": 0, "shares": 0, "comments": 0}, "stumbledupon": {"shares": 0}}, "site_full": "www.news24.com", "main_image": "http://cdn.24.co.za/files/Cms/General/d/720/92c21e30b29b405a81d14e8667fca67c.jpg", "site_section": "http://www.news24.com/", "section_title": "News24, South Africa's premier news source, provides breaking news on national, world, Africa, sport, entertainment, technology &amp; more. ", "url": "http://www.news24.com/SouthAfrica/News/Suspected-drug-smuggler-not-an-SA-celeb-police-20150928", "country": "ZA", "title": "Suspected drug smuggler not an SA celeb - police", "performance_score": 0, "site": "news24.com", "participants_count": 1, "title_full": "Suspected drug smuggler not an SA celeb - police | News24", "spam_score": 0.0, "site_type": "news", "published": "2015-09-28T21:46:00.000+03:00", "replies_count": 0, "uuid": "f6d861c0c679f183278d4312cac26dc83d5a7147"}, "author": "news24.com", "url": "http://www.news24.com/SouthAfrica/News/Suspected-drug-smuggler-not-an-SA-celeb-police-20150928", "ord_in_thread": 0, "title": "Suspected drug smuggler not an SA celeb - police", "locations": [], "entities": {"persons": [], "locations": [], "organizations": []}, "highlightText": "", "language": "english", "persons": [], "text": "Johannesburg - A woman who allegedly tried to smuggle drugs worth R4.6m into the country is not a celebrity, police said.\n\"Contrary to public belief, the arrested woman is not a South African celebrity,\" Brigadier Vishnu Naidoo said.\nThe SA Revenue Service said earlier that the woman was a South African actress.\nSpokesperson Luther Lebelo said the woman, after arriving from Abu Dhabi in the United Arab Emirates, went through the \"nothing to declare\" channel at the OR Tambo International Airport on Sunday, when she was stopped by customs officials.", "external_links": [], "published": "2015-09-28T21:46:00.000+03:00", "crawled": "2015-09-28T14:59:12.526+03:00", "highlightTitle": ""}