{"organizations": ["Analytics Cox Automotive Selected"], "uuid": "e276f70cf8cb30d46a02aa36d1166414a4c875ad", "thread": {"social": {"gplus": {"shares": 0}, "pinterest": {"shares": 0}, "vk": {"shares": 0}, "linkedin": {"shares": 0}, "facebook": {"likes": 0, "shares": 0, "comments": 0}, "stumbledupon": {"shares": 0}}, "site_full": "globenewswire.com", "main_image": "http://globenewswire.com/Attachment/LogoDisplay/314406?filename=314406.png&amp;size=1", "site_section": "http://globenewswire.com//Rss/industry/9000/Technology", "section_title": "GlobeNewswire: Industry News on Technology", "url": "http://globenewswire.com/news-release/2015/09/28/771321/10150718/en/Cox-Automotive-Selected-as-Finalist-in-Constellation-SuperNova-Awards-Based-on-Cloudera-Powered-Data-Discovery-and-Analytics.html?f=22&fvtc=3&fvtv=9000", "country": "US", "title": "Cox Automotive Selected as Finalist in Constellation SuperNova Awards Based on Cloudera-Powered Data Discovery and Analytics", "performance_score": 0, "site": "globenewswire.com", "participants_count": 0, "title_full": "Cox Automotive Selected as Finalist in Constellation SuperNova Awards Based on Cloudera-Powered Data Discovery and Analytics", "spam_score": 0.0, "site_type": "news", "published": "2015-09-28T13:00:00.000+03:00", "replies_count": 0, "uuid": "e276f70cf8cb30d46a02aa36d1166414a4c875ad"}, "author": "", "url": "http://globenewswire.com/news-release/2015/09/28/771321/10150718/en/Cox-Automotive-Selected-as-Finalist-in-Constellation-SuperNova-Awards-Based-on-Cloudera-Powered-Data-Discovery-and-Analytics.html?f=22&fvtc=3&fvtv=9000", "ord_in_thread": 0, "title": "Cox Automotive Selected as Finalist in Constellation SuperNova Awards Based on Cloudera-Powered Data Discovery and Analytics", "locations": [], "entities": {"persons": [], "locations": [], "organizations": []}, "highlightText": "", "language": "english", "persons": [], "text": "Cox Automotive Selected as Finalist in Constellation SuperNova Awards Based on Cloudera-Powered Data Discovery and Analytics Now Accepting Votes for \"Data to Decisions\" Category September 28, 2015 06:00 ET | Source: Cloudera \nPALO ALTO, Calif., Sept. 28, 2015 (GLOBE NEWSWIRE) -- Cloudera , the leader in enterprise analytic data management powered by Apache Hadoop ™, today announced that its customer Cox Automotive has been named a finalist in the fifth annual Constellation SuperNova Awards. The Constellation SuperNova Awards recognize the leaders and teams leading the most successful disruptive technology implementation projects. According to R \"Ray\" Wang, chairman and founder, Constellation Research, Inc, \"The 2015 SuperNova Award finalists possess a deep understanding of the elements required for successful digital transformation. They are comprised of pioneers who took risks, and staked their reputations on transformational projects that enabled their organizations to conquer Digital Darwinism.\" \nCox Automotive is a leading provider of vehicle remarketing services and digital marketing and software solutions for the automotive industry - primarily serving consumers, dealers, and manufacturers - through brands like Autorader.com, Kelley Blue Book, and Manheim. When Cox Enterprises established Cox Automotive to bring its more than 20 wholesale and retail automotive businesses under a single operational entity, the firm saw an opportunity to usher in new levels of efficiency and innovation by delivering better customer and consumer experiences through greater data insight. \nThe company saw Apache Hadoop as the ideal foundation to launch itself into its next era, and decided to adopt Apache Spark to ensure the new environment could meet the organization's need for real-time performance. They selected Cloudera's platform based on the company's vision, proven experience in the marketplace, performance, and manageability. With Cloudera, Cox Automotive has achieved its goal of delivering new, better customer experiences through greater data insight, while improving operational efficiencies. \nFor example, Cox has improved its speed of analysis for car ad campaigns that run during the Super Bowl. Previously, prior to the Super Bowl, the Technology team would have to make significant changes to existing operational systems. The systems would run nightly processes to achieve the insights the business needed. These changes would introduce risk and complexity to those systems. With its enterprise data hub, Cox Automotive was able to not only get hourly updates during the 2015 Super Bowl, but real-time processing of advertising influence. This data enabled Cox Automotive to make recommendations to automakers and implement changes to their websites and products based on activity driven specifically by that evening's commercials. They created a sustainable and repeatable process that can be used for any advertising event. For example, they also used this same process during the NCAA College Basketball Final Four. \n\"When we show our analysts, executives, and Technology teams what's possible, we can see the light bulbs going off,\" said Scott Salter, vice president, Enterprise Data Services, Cox Automotive. \"This work has stimulated innovation and is enabling us to do things with our data that we hadn't even thought about before.\" \n\"We're happy to see Cox Automotive being recognized for their transformative use case,\" said Alan Saldich, vice president of marketing at Cloudera. \"Their real-time tracking of Super Bowl ads is such a great example of a substantial business benefit that can be realized through effective use of Apache Spark on the Hadoop platform, and we're proud to have partnered with Cox on this initiative.\" \nSelecting Winners \nThe SuperNova Award winners will be determined by a combination of public votes and judges' votes. The judges' votes will be weighted at 70 percent of the total. \nPublic polling opens on September 21, 2015 on the SuperNova Award page on the Constellation Research website. Cloudera encourages the general public to vote for Cox Automotive to win a 2015 SuperNova Award for innovators in disruptive technology. \nVoting will take place until October 2, 2015. Vote for Cox Automotive's SuperNova Award win here: https://www.constellationr.com/node/3137/vote/application/view/170 . The winners will be announced at the SuperNova Awards Gala Dinner on November 5, 2015 in Half Moon Bay, California. The Gala Dinner will be held on the second night of Constellation's Connected Enterprise innovation summit. \nThe 2015 finalists were selected from a pool of over 250 applications, and recognized by the SuperNova Award Judges as individuals who demonstrated the most forethought, creativity, and measured audacity in successfully implementing emerging technologies for their organizations. \nAdditional Information: \nRead the full Cox Automotive success story here: http://www.cloudera.com/content/dam/cloudera/Resources/PDF/casestudy/Cloudera_CoxAutomotive_CaseStudy.pdf ### \nAbout Cloudera \nCloudera is revolutionizing enterprise data management by offering the first unified Platform for big data, an enterprise data hub built on Apache Hadoop. Cloudera offers enterprises one place to store, access, process, secure, and analyze all their data, empowering them to extend the value of existing investments while enabling fundamental new ways to derive value from their data. Cloudera's open source big data platform is the most widely adopted in the world, and Cloudera is the most prolific contributor to the open source Hadoop ecosystem. As the leading educator of Hadoop professionals, Cloudera has trained over 40,000 individuals worldwide. Over 1,800 partners and a seasoned professional services team help deliver greater time to value. Leading organizations in every industry plus top public sector organizations globally run Cloudera in production. \nRead our blogs: http://www.cloudera.com/blog/ and http://vision.cloudera.com/ \nFollow us on Twitter: http://twitter.com/cloudera \nJoin the Cloudera Community: http://cloudera.com/community \nVisit us on Facebook: http://www.facebook.com/cloudera \nCloudera, Cloudera's Platform for Big Data, Cloudera Enterprise Data Hub Edition, Cloudera Enterprise Flex Edition, Cloudera Enterprise Basic Edition and CDH are trademarks or registered trademarks of Cloudera Inc. in the United States, and in jurisdictions throughout the world. All other company and product names may be trade names or trademarks of their respective owners. Karina Babcock Cloudera +1 (650) 644-3900 Related Articles", "external_links": [], "published": "2015-09-28T13:00:00.000+03:00", "crawled": "2015-09-28T13:10:12.984+03:00", "highlightTitle": ""}