{"organizations": [], "uuid": "d11f6f371bacfe73677b9b8c918bde11dd4ebe34", "thread": {"social": {"gplus": {"shares": 0}, "pinterest": {"shares": 0}, "vk": {"shares": 0}, "linkedin": {"shares": 0}, "facebook": {"likes": 0, "shares": 0, "comments": 0}, "stumbledupon": {"shares": 0}}, "site_full": "news.google.com", "main_image": "http://cdn.geekwire.com/wp-content/uploads/2015/09/DSC07394.jpg", "site_section": "http://news.google.com/news?hl=en&gl=us&q=technology&pws=0&bav=on.2,or.r_gc.r_pw.r_cp.r_qf.&bpcl=38093640&biw=1366&bih=653&um=1&ie=UTF-8&output=rss", "section_title": "technology - Google News", "url": "http://news.google.com/news/url?sa=t&fd=R&ct2=us&usg=AFQjCNFzFOdw6AWGhZOQrNhV1NPKRbgM-g&clid=c3a7d30bb8a4878e06b80cf16b898331&ei=vdIBVoDPOYmyaIT_u_AK&url=http://www.geekwire.com/2015/china-u-s-invention-firms-collaborate-for-potential-technology-incubator-center-in-seattle/", "country": "IL", "title": "China, U.S. invention firms collaborate for potential 'technology incubator ... - GeekWire", "performance_score": 0, "site": "google.com", "participants_count": 0, "title_full": "China, U.S. invention firms collaborate for potential 'technology incubator ... - GeekWire", "spam_score": 0.0, "site_type": "news", "published": "2015-09-23T00:52:00.000+03:00", "replies_count": 0, "uuid": "d11f6f371bacfe73677b9b8c918bde11dd4ebe34"}, "author": "", "url": "http://news.google.com/news/url?sa=t&fd=R&ct2=us&usg=AFQjCNFzFOdw6AWGhZOQrNhV1NPKRbgM-g&clid=c3a7d30bb8a4878e06b80cf16b898331&ei=vdIBVoDPOYmyaIT_u_AK&url=http://www.geekwire.com/2015/china-u-s-invention-firms-collaborate-for-potential-technology-incubator-center-in-seattle/", "ord_in_thread": 0, "title": "China, U.S. invention firms collaborate for potential 'technology incubator ... - GeekWire", "locations": [], "entities": {"persons": [], "locations": [], "organizations": []}, "highlightText": "", "language": "english", "persons": [], "text": "September 22, 2015 at 2:45 pm September 22, 2015 at 2:53 pm GeekWire Summit, Oct. 1-2: Tickets here! From left: Andy Wilson, Intellectual Ventures; Wu Lebin, CAS Holdings; and Allen Stephan, CEO, Stratos Group, sign the MOU on Tuesday in Seattle. \nTwo Seattle-area companies today signed a memorandum of understanding with China’s Shenzhen Institutes of Advanced Technology for a partnership that will explore a possible “technology incubator center” in Seattle that would focus on innovative clean technologies. \nPatent company Intellectual Ventures and Stratos Group , a firm that runs biotech startups like Stratos Genomics, today gathered at the Westin Building in downtown Seattle with Washington Gov. Jay Inslee on hand to witness the signing of the MOU. \nThe agreement aims to “promote technological commercialization and accompanying economic activity in Washington and Shenzhen, with a focus on clean technology and Areas of Exploration,” according to the MOU. \nBoth companies, with the support of the Washington State Department of Commerce, will work together over the next two years to establish a potential joint investment fund targeting early-stage clean technology and the formation of a “technology incubation center” in Seattle. \nThe Shenzhen Institutes of Advanced Technology is a subsidiary of Chinese Academy of Science Holdings . \nWe’ve followed up with the companies to learn more about the potential tech incubation center. Taylor Soper is a GeekWire staff reporter who covers a wide variety of tech assignments, including emerging startups in Seattle and Portland, the sharing economy and the intersection of technology and sports. Follow him @taylor_soper and email taylor@geekwire.com .", "external_links": [], "published": "2015-09-23T00:52:00.000+03:00", "crawled": "2015-09-23T01:17:33.705+03:00", "highlightTitle": ""}