{"organizations": [], "uuid": "79fb391aadabbfcb73dc05f58ac7c1788ccf7534", "thread": {"social": {"gplus": {"shares": 0}, "pinterest": {"shares": 0}, "vk": {"shares": 0}, "linkedin": {"shares": 0}, "facebook": {"likes": 0, "shares": 0, "comments": 0}, "stumbledupon": {"shares": 0}}, "site_full": "feeds.reuters.com", "main_image": "", "site_section": "http://feeds.reuters.com/reuters/technologysectorNews", "section_title": "Reuters: Technology", "url": "http://feeds.reuters.com/~r/reuters/technologysectorNews/~3/ydVj7sDrkr8/story01.htm", "country": "US", "title": "BRIEF-Cegedim H1 net profit group share up at 24.2 million euros", "performance_score": 0, "site": "reuters.com", "participants_count": 1, "title_full": "BRIEF-Cegedim H1 net profit group share up at 24.2 million euros | Reuters", "spam_score": 0.0, "site_type": "news", "published": "2015-09-28T20:27:00.000+03:00", "replies_count": 0, "uuid": "79fb391aadabbfcb73dc05f58ac7c1788ccf7534"}, "author": "Reuters", "url": "http://feeds.reuters.com/~r/reuters/technologysectorNews/~3/ydVj7sDrkr8/story01.htm", "ord_in_thread": 0, "title": "BRIEF-Cegedim H1 net profit group share up at 24.2 million euros", "locations": [], "entities": {"persons": [], "locations": [], "organizations": []}, "highlightText": "", "language": "english", "persons": [], "text": "Sept 28 Cegedim SA :\n* H1 operating income 15.0 million euros vs 16.2 million euros ($18.2 million) year ago\n* H1 consolidated profit group share 24.2 million euros vs loss of 17.4 million euros year ago\n* H1 EBITDA 40.3 million euros vs 36.5 million euros year ago\n* H1 revenue 246.1 million euros vs 238.6 million euros year ago\n* Confirms its expectation of like-for-like revenue growth from continuing activities of 2.5 pct for 2015\n* Confirms its expectation of underlying EBIT growth of 10 pct\nSource text: bit.ly/1iWwGbX\nFurther company coverage:\n($1 = 0.8902 euros) (Gdynia Newsroom)", "external_links": ["http://bit.ly/1iWwGbX"], "published": "2015-09-28T20:27:00.000+03:00", "crawled": "2015-09-29T00:15:19.715+03:00", "highlightTitle": ""}