{"organizations": [], "uuid": "76df3ef809a7b85bb2a227123a5946b55bebd2c3", "thread": {"social": {"gplus": {"shares": 0}, "pinterest": {"shares": 0}, "vk": {"shares": 0}, "linkedin": {"shares": 0}, "facebook": {"likes": 0, "shares": 0, "comments": 0}, "stumbledupon": {"shares": 0}}, "site_full": "www.wcax.com", "main_image": "", "site_section": "http://www.wcax.com/category/13536/technology-news", "section_title": "Technology &amp; Science News - WCAX.COM Local Vermont News, Weather and Sports-", "url": "http://www.wcax.com/story/30074520/kim-dotcom-extradition-hearing-begins-in-new-zealand", "country": "US", "title": "Kim Dotcom extradition hearing begins in New Zealand", "performance_score": 0, "site": "wcax.com", "participants_count": 1, "title_full": "Kim Dotcom extradition hearing begins in New Zealand - WCAX.COM Local Vermont News, Weather and Sports-", "spam_score": 0.0, "site_type": "news", "published": "2015-09-20T03:00:00.000+03:00", "replies_count": 0, "uuid": "76df3ef809a7b85bb2a227123a5946b55bebd2c3"}, "author": "wcax.com", "url": "http://www.wcax.com/story/30074520/kim-dotcom-extradition-hearing-begins-in-new-zealand", "ord_in_thread": 0, "title": "Kim Dotcom extradition hearing begins in New Zealand", "locations": [], "entities": {"persons": [], "locations": [], "organizations": []}, "highlightText": "", "language": "english", "persons": [], "text": "By NICK PERRY\nAssociated Press WELLINGTON, New Zealand (AP) - Kim Dotcom and three colleagues face an extradition hearing that began Monday in an Auckland courtroom. Dotcom is the colorful German-born entrepreneur who started the Internet site Megaupload, which was shut down by federal authorities in 2012. Here's what's at stake:\nTHE CASE: U.S. prosecutors are trying to extradite Dotcom from his home in New Zealand to face trial in Virginia. His Megaupload site was once used by millions of people to store files and download songs and movies. Federal authorities accuse Dotcom of facilitating Internet piracy on a massive scale and have charged him with conspiracy to commit copyright infringement, racketeering and money-laundering. Dotcom argues that plenty of people used his site for legitimate reasons he can't be held responsible for those who chose to use it for illegal downloads. As well as Dotcom, the U.S. is also trying to extradite former Megaupload officers Mathias Ortmann, Bram van der Kolk and Finn Batato.\nTHE HEARING: The hearing is expected to last about four weeks. U.S. prosecutors don't have to prove Dotcom and his colleagues are guilty. Instead, they have a lower legal bar: proving the men have a case to answer, also known as a prima facie case. It's similar to the level of proof that prosecutors would need to launch a criminal trial in the U.S.\nTHE DEFENSE: The defense has argued since his arrest that Dotcom should never have faced criminal charges and that any case against him should be heard in civil court. They argue that prosecutors have overplayed their hand, knowing they needed a criminal case to effect an extradition. In an affidavit for the defense, Harvard Law School professor Lawrence Lessig argues that criminal copyright infringement applies only to people who directly download or steal something and not to secondary parties like website operators. The defense also plans to argue the hearing should be delayed.\nTHE MONEY: Defense lawyers say that they have been hamstrung because Dotcom and his colleagues don't have access to their money in order to mount a robust defense. When Megaupload was shut down, prosecutors froze tens of millions of dollars in accounts in Hong Kong and New Zealand. New Zealand courts have since allowed Dotcom some living and legal expenses, but not enough to cover all his legal bills.\nTHE IMPLICATIONS: The case highlights the tensions between content creators, like the Hollywood studios who make movies and expect royalties for their work, and Internet sites that collect, curate or distribute content that others have made. Some argue the case could have broader implications for everyone from moviemakers and musicians to popular websites like YouTube and Google.\nWHAT'S NEXT: Whichever side loses the extradition judgment is likely to appeal, setting off a new round of legal wrangling. That means even if Dotcom is extradited, it may be months or even years before he faces trial in the U.S.\n ", "external_links": [], "published": "2015-09-20T03:00:00.000+03:00", "crawled": "2015-09-28T13:28:02.218+03:00", "highlightTitle": ""}