{"organizations": [], "uuid": "49b793e7548e261ab56be42b007a4f6f4fd521ae", "thread": {"social": {"gplus": {"shares": 0}, "pinterest": {"shares": 0}, "vk": {"shares": 0}, "linkedin": {"shares": 0}, "facebook": {"likes": 0, "shares": 0, "comments": 0}, "stumbledupon": {"shares": 0}}, "site_full": "www.dailytelegraph.com.au", "main_image": "http://cdn.newsapi.com.au/image/v1/714b72db92548a36e9c2a4457fc728dc", "site_section": "http://www.dailytelegraph.com.au/technology/tablets", "section_title": "Tablets | Tablet and iPad News | Technology and Reviews | dailytelegraph.com.au", "url": "http://www.dailytelegraph.com.au/technology/science/discovery-of-water-on-mars-coincides-with-ridley-scotts-movie-the-martian/story-fnjwlbuc-1227550130024", "country": "US", "title": "Ridley Scott’s movie The Martian coincides with NASA’s discovery of water on Mars | DailyTelegraph", "performance_score": 0, "site": "dailytelegraph.com.au", "participants_count": 1, "title_full": "Ridley Scott’s movie The Martian coincides with NASA’s discovery of water on Mars | DailyTelegraph", "spam_score": 0.0, "site_type": "news", "published": "2015-09-30T08:38:00.000+03:00", "replies_count": 0, "uuid": "49b793e7548e261ab56be42b007a4f6f4fd521ae"}, "author": "AAP and Network Writers", "url": "http://www.dailytelegraph.com.au/technology/science/discovery-of-water-on-mars-coincides-with-ridley-scotts-movie-the-martian/story-fnjwlbuc-1227550130024", "ord_in_thread": 0, "title": "Ridley Scott’s movie The Martian coincides with NASA’s discovery of water on Mars | DailyTelegraph", "locations": [], "entities": {"persons": [], "locations": [], "organizations": []}, "highlightText": "", "language": "english", "persons": [], "text": "DIRECTOR Ridley Scott was told about the discovery of water on Mars two months ago but he did not have time to change his new movie The Martian .\nSo why then did NASA wait to release the news?\nThe findings by officials at NASA hit headlines on Monday and The Martian is due to open worldwide on Friday.\nOther Stories Mundine’s crazy fight demand Sport Australia ‘picking and choosing’ which Kiwis to deport Nsw 0 comments Mum’s Mac attack chip fight appeal fried Nsw Jim Carrey’s ex-girlfriend takes own life Celebrity 0 comments What was Bishop’s boyfriend doing there? Nsw 0 comments If only Kurt Drysdale was as lucky as Guerra Nrl 0 comments Many are questioning if NASA waited to tell the world about the discovery so that the two would collide and drum up more publicity for each other. The Martian is certainly enjoying a lot of free press due to the news.\n#TheMartian movie is set on the surface of Mars. Our @MAVEN2Mars mission studies the planet&apos;s atmosphere from orbit. https://t.co/QqQAQuALFT\n— NASA (@NASA) September 29, 2015 So the truth about the discovery of water on Mars is.. 😂 #TheMartian @LateNightSeth pic.twitter.com/wvNP57373z\n— Benita Amalina (@benitaamalina) September 29, 2015 hey @NASA you expect me to believe that THE MARTIAN comes out the same week you announce WATER ON MARS and it&apos;s JUST A CO-INCIDENCE?\n— David Farrier (@davidfarrier) September 29, 2015 NASA has however denied the claims, telling Yahoo news: “No, the timing was dictated by the publication of the Nature Geoscience article, which was released today,” agency spokeswoman Laurie Cantillo said.\nIn the loop ... Director Ridley Scott knew about the discovery of water on Mars two months before it was announced. Picture: Evan Agostini/Invision/AP The British moviemaker revealed he knew about NASA’s big news two months before it was announced and was shown photographs obtained by the space agency, but he was unable to use the information to change a key plot point of his new movie.\nIn the film, Matt Damon plays an astronaut left to fend for himself on Mars, and his character uses special equipment to manufacture his own water.\nScott, who has already screened the film for NASA staff, admitted the agency’s latest discovery would have changed the film if it had come earlier.\nHe told the New York Times: “(Damon’s character) would’ve gone and dug in ... He’d have found the edge of a glacier, definitely. It would be fascinating. But then I would’ve lost a great sequence. He has to make water, and the steaming device, and put up the plastic tents, which creates the humidity, which grows the plants, which is the most basic form of irrigation. They still do it in Spain that way.”\nMan on Mars - Mission to the Red Planet 49:47 Getting to the red planet would involve a three year trek. Meet the scientists and engineers working on the 56 million kilometre trip.\nMay 4th 2015 5 months ago /video/video.news.com.au/TV/Documentary/ NASA delayed Mars water news", "external_links": ["http://pixel.tcog.cp1.news.com.au/track/news/content/v1/origin:video_integrator.FjNWF2dDqD5sdSxCmps2yc9izPt9t0vC?t_product=video&t_template=../video/player", "http://cdn.newsapi.com.au/image/v1/6fafc78b508d6137bd417777f1e1a44a", "https://twitter.com/NASA/status/648956227892850688", "https://twitter.com/MAVEN2Mars", "http://www.news.com.au/technology/science/discovery-of-water-on-mars-coincides-with-ridley-scotts-movie-the-martian/story-fnjwlcze-1227550130024?sv=83aeffe453856e47d2c6200b2bb4dfa", "https://twitter.com/hashtag/TheMartian?src=hash", "https://twitter.com/LateNightSeth", "http://cdn.newsapi.com.au/image/v1/external?url=http%3A%2F%2Fvideomam.news.com.au.s3.amazonaws.com%2Fgenerated%2Fprod%2F05%2F04%2F2015%2F470%2Fimage1024x768.jpg%3Fcount%3D2&width=650&api_key=kq7wnrk4eun47vz9c5xuj3mc", "https://twitter.com/NASA", "https://twitter.com/benitaamalina/status/649009189352706048", "http://cdn.newsapi.com.au/image/v1/33609132422eb16904362705be703fa9", "http://cdn.newsapi.com.au/image/v1/a3f99d020b9f30b50b9bc1a1f3db7547", "http://t.co/wvNP57373z", "http://cdn.newsapi.com.au/image/v1/2683733da93b3ed523edbe816d988adc", "http://cdn.newsapi.com.au/image/v1/e131114be954187954adf25fe112622b", "https://platform.twitter.com/widgets.js", "https://twitter.com/davidfarrier/status/648707764064129024", "http://cdn.newsapi.com.au/image/v1/737d4620273b45314dd33c8858030f66?width=650", "https://t.co/QqQAQuALFT", "http://cdn.newsapi.com.au/image/v1/0863071dbb1d55a13cc71e7fb800d346", "http://pixel.tcog.cp1.news.com.au/track/news/content/v1/?category=/section/dailytelegraph.com.au/collection/popular-content/all/24hours/&t_product=most-popular-mobile&td_standfirst=false&td_kicker=false&td_byline=false&td_resultSize=6&maxRelated=20&display:footer=true&origin=omniture&t_template=s3/chronicle-component/otherstories/templates/index&domain=dailytelegraph.com.au"], "published": "2015-09-30T08:38:00.000+03:00", "crawled": "2015-09-30T07:48:51.803+03:00", "highlightTitle": ""}