{"organizations": ["Hapag-Lloyd"], "uuid": "7467b345f9ee0b59f8813c70de8cd6e872dd9a7f", "thread": {"social": {"gplus": {"shares": 0}, "pinterest": {"shares": 0}, "vk": {"shares": 0}, "linkedin": {"shares": 0}, "facebook": {"likes": 0, "shares": 0, "comments": 0}, "stumbledupon": {"shares": 0}}, "site_full": "www.porttechnology.org", "main_image": "http://www.porttechnology.org/images/made/images/uploads/news/hapag_announce_multi_billion_ipo_360_200.jpg", "site_section": "http://www.porttechnology.org/rss_feeds/news/", "section_title": "Port Technology International - News", "url": "http://www.porttechnology.org/news/hapag_announce_multi_billion_ipo/", "country": "GB", "title": "Hapag Announce Multi-Billion IPO", "performance_score": 0, "site": "porttechnology.org", "participants_count": 0, "title_full": "Hapag Announce Multi-Billion IPO", "spam_score": 0.0, "site_type": "news", "published": "2015-09-28T12:11:00.000+03:00", "replies_count": 0, "uuid": "7467b345f9ee0b59f8813c70de8cd6e872dd9a7f"}, "author": "", "url": "http://www.porttechnology.org/news/hapag_announce_multi_billion_ipo/", "ord_in_thread": 0, "title": "Hapag Announce Multi-Billion IPO", "locations": ["Hamburg", "Frankfurt"], "entities": {"persons": [], "locations": [], "organizations": []}, "highlightText": "", "language": "english", "persons": [], "text": "German shipping line Hapag-Lloyd has announced that it will be listing its shares on the Hamburg and Frankfurt stock exchanges, with the initial public offering (IPO) potential valuing the company at several billion dollars, according to the Wall Street Journal . \nThe proceeds will be used to strengthen its finances and to boost investment. \nOn the back of this announcement, Rolf Habben Jansen, CEO of Hapag Lloyd said that the future of container shipping is going to look much brighter than the current scenario and expects to see growth in the coming years. \nHowever, realistically, the shipping line said it expects to raise around $500 million from the listing, with principal shareholders Kuehne Maritime and CSAV committed to buying $50 million of Hapag-Lloyd stock. \nHapag-Lloyd said that the remaining $400 million will come from the sale of new shares to institutional and retail investors. \nThe company’s biggest shareholder is CSAV, with a 34% stake, which was announced recently in a bid to strengthen its operating position.", "external_links": [], "published": "2015-09-28T12:11:00.000+03:00", "crawled": "2015-09-28T14:35:45.980+03:00", "highlightTitle": ""}