{"organizations": [], "uuid": "766a6df2ff6d99d2547e077d8beb14e4b3f11d6d", "thread": {"social": {"gplus": {"shares": 0}, "pinterest": {"shares": 0}, "vk": {"shares": 0}, "linkedin": {"shares": 0}, "facebook": {"likes": 0, "shares": 0, "comments": 0}, "stumbledupon": {"shares": 0}}, "site_full": "www.freshnews.com", "main_image": "", "site_section": "http://freshnews.com//news/technology/feed", "section_title": "FreshNews.com - Technology News", "url": "http://www.freshnews.com/news/1132935/projx360-management-software-debuts-cedia-2015", "country": "US", "title": "ProjX360 Management Software Debuts at CEDIA 2015", "performance_score": 0, "site": "freshnews.com", "participants_count": 1, "title_full": "ProjX360 Management Software Debuts at CEDIA 2015", "spam_score": 0.0, "site_type": "news", "published": "2015-09-28T17:00:00.000+03:00", "replies_count": 0, "uuid": "766a6df2ff6d99d2547e077d8beb14e4b3f11d6d"}, "author": "admin", "url": "http://www.freshnews.com/news/1132935/projx360-management-software-debuts-cedia-2015", "ord_in_thread": 0, "title": "ProjX360 Management Software Debuts at CEDIA 2015", "locations": [], "entities": {"persons": [], "locations": [], "organizations": []}, "highlightText": "", "language": "english", "persons": [], "text": "Submitted by admin on 9/28/2015 @ 7:00 AM   PTS Multimedia \nSCOTTSDALE, Ariz., Sept 28, 2015 /PRNewswire/ -- PTS Multimedia, a forward thinking Digital Advertising agency, announced today that they will be launching Proj X 360, a collaborative cloud-based premier project management software program designed specifically for Custom Integrators at CEDIA 2015. Backed by over 20 years of experience in the Custom Electronics Industry, ProjX360 was created by Doug Greenwald who is also co-owner of Creative Sound & Integration, a high-end integration company in Scottsdale, AZ. \n\"I am honored to announce the launch of ProjX360 specifically for the Custom Integrators Industry. This fully integrated package gives project managers and key stakeholders the ability to seamlessly control costs, manage budgets, improve productivity and communicate between projects to ensure that projects are delivered on time and within budget,\" said Doug Greenwald . \nThe software is unique in the sense that it can be custom tailored to suite your business. The dashboard features include shortcuts to view current jobs, long-term jobs, time tracking, scheduling, job costing, service invoicing, maps and much more. Additional files with details of the project can easily be attached so that you have all project details contained within each individual project. The software is also cloud and application-based allowing users to access project information, anywhere, anytime and from any device. \nDuring CEDIA 2015, ProjX360 will run a special promotion for early adopters. The company will be waiving the initial setup fee of $499 and early adopters will have free access to all future enhancements. There is a user fee of $19 per user per month and the software requires a three-user minimum. Early adopters will also receive four licenses for the price of 3 for the first year which reflects a $727 combined cost savings. \nJoin us at CEDIA 2015 and test drive ProjX360 for yourself! \nFor more information about ProjX360 please visit www.projx360.com \nTo view the original version on PR Newswire, visit: http://www.prnewswire.com/news-releases/projx360-management-software-debuts-at-cedia-2015-300149583.html \nSOURCE PTS Multimedia", "external_links": [], "published": "2015-09-28T17:00:00.000+03:00", "crawled": "2015-09-28T18:49:46.141+03:00", "highlightTitle": ""}