{"organizations": ["News Corp Australia Network Wet", "News Corp Australia Network Secret", "Apple"], "uuid": "5b9ca19a28966b3f61e4dc6857b7d50245aa9c33", "thread": {"social": {"gplus": {"shares": 0}, "pinterest": {"shares": 0}, "vk": {"shares": 0}, "linkedin": {"shares": 0}, "facebook": {"likes": 0, "shares": 0, "comments": 0}, "stumbledupon": {"shares": 0}}, "site_full": "www.heraldsun.com.au", "main_image": "http://cdn.newsapi.com.au/image/v1/54ea4a779715a9ba61a33481fd3ee905", "site_section": "http://feeds.news.com.au/heraldsun/rss/heraldsun_news_technology_2790.xml", "section_title": "Herald Sun | News | Technology", "url": "http://www.heraldsun.com.au/technology/wet-and-wild-video-claims-to-show-iphone-6ss-secret-super-power/story-fni0byb4-1227546818467?from=herald+sun_rss", "country": "IL", "title": "Wet and wild with the iPhone 6S", "performance_score": 0, "site": "heraldsun.com.au", "participants_count": 0, "title_full": "Wet and wild with the iPhone 6S", "spam_score": 0.0, "site_type": "news", "published": "2015-09-28T01:35:00.000+03:00", "replies_count": 0, "uuid": "5b9ca19a28966b3f61e4dc6857b7d50245aa9c33"}, "author": "", "url": "http://www.heraldsun.com.au/technology/wet-and-wild-video-claims-to-show-iphone-6ss-secret-super-power/story-fni0byb4-1227546818467?from=herald+sun_rss", "ord_in_thread": 0, "title": "Wet and wild with the iPhone 6S", "locations": [], "entities": {"persons": [], "locations": [], "organizations": []}, "highlightText": "", "language": "english", "persons": ["Rod Chester National"], "text": "Wet and wild: video claims to show iPhone 6S’s secret super power Wet and wild: video claims to show iPhone 6S’s secret waterproof super power Rod Chester National technology writer News Corp Australia Network Wet and wild: video claims to show iPhone 6S’s secret super power Wet and wild: video claims to show iPhone 6S’s secret waterproof super power Rod Chester National technology writer News Corp Australia Network Secret identity ... the iPhone 6s could be Apple’s first phone designed to survive a dunking. \nA video test pushing the iPhone 6S beyond its natural limits appears to show Apple has given its latest smartphone a secret super power. \nWhile Apple has never publicly claimed that the iPhone 6S is waterproof, a new video shows that the phone could well be designed to survive an accidental drenching or even dunking in the loo, the cause of death for countless phones. \nThe video by Youtuber Zach Straley shows the iPhone 6S and the iPhone 6S Plus submerged for an hour and in working order when they’re pulled out of the water and dried off. Other Stories", "external_links": [], "published": "2015-09-28T01:35:00.000+03:00", "crawled": "2015-09-28T02:19:51.812+03:00", "highlightTitle": ""}