{"organizations": ["US National Institute on Drug Abuse", "NIDA", "Million Research & Development Grant From"], "uuid": "a0962067534eb9a6d53a3c01e0a36acee6b61919", "thread": {"social": {"gplus": {"shares": 0}, "pinterest": {"shares": 0}, "vk": {"shares": 0}, "linkedin": {"shares": 0}, "facebook": {"likes": 0, "shares": 0, "comments": 0}, "stumbledupon": {"shares": 0}}, "site_full": "www.bio-medicine.org", "main_image": "", "site_section": "http://www.bio-medicine.org/inc/biomed/medicine-technology.asp", "section_title": "Latest Medical Technology from Bio-Medicine.Org", "url": "http://www.bio-medicine.org/medicine-technology-1/Heptares-Awarded--245-5-Million-Research--26amp-3B-Development-Grant-From-the-US-National-Institute-on-Drug-Abuse--28NIDA-29-48372-1/", "country": "US", "title": "Heptares Awarded $5.5 Million Research & Development Grant From the US National Institute on Drug Abuse (NIDA)", "performance_score": 0, "site": "bio-medicine.org", "participants_count": 0, "title_full": "Heptares Awarded $5.5 Million Research & Development Grant From the US National Institute on Drug Abuse (NIDA)", "spam_score": 0.0, "site_type": "news", "published": "2015-09-28T22:35:00.000+03:00", "replies_count": 0, "uuid": "a0962067534eb9a6d53a3c01e0a36acee6b61919"}, "author": "", "url": "http://www.bio-medicine.org/medicine-technology-1/Heptares-Awarded--245-5-Million-Research--26amp-3B-Development-Grant-From-the-US-National-Institute-on-Drug-Abuse--28NIDA-29-48372-1/", "ord_in_thread": 0, "title": "Heptares Awarded $5.5 Million Research & Development Grant From the US National Institute on Drug Abuse (NIDA)", "locations": [], "entities": {"persons": [], "locations": [], "organizations": []}, "highlightText": "", "language": "english", "persons": [], "text": " ", "external_links": [], "published": "2015-09-28T22:35:00.000+03:00", "crawled": "2015-09-28T12:06:37.630+03:00", "highlightTitle": ""}