{"organizations": [], "uuid": "3ec21b1a4525dc85632f8b249453629b686375a5", "thread": {"social": {"gplus": {"shares": 0}, "pinterest": {"shares": 0}, "vk": {"shares": 0}, "linkedin": {"shares": 0}, "facebook": {"likes": 0, "shares": 0, "comments": 0}, "stumbledupon": {"shares": 0}}, "site_full": "www.washingtonexaminer.com", "main_image": "http://cdn.washingtonexaminer.biz/cache/r620-faf0fb2149100655e8c96b95359c68b3.jpg", "site_section": "http://washingtonexaminer.com/rss/technology", "section_title": "WashingtonExaminer.com RSS - technology", "url": "http://www.washingtonexaminer.com/lawmakers-u.s.-plan-for-internet-may-be-unconstitutional/article/2572941?custom_click=rss", "country": "US", "title": "Lawmakers: U.S. plan for Internet may be unconstitutional", "performance_score": 0, "site": "washingtonexaminer.com", "participants_count": 1, "title_full": "Lawmakers: U.S. plan for Internet may be unconstitutional | Washington Examiner", "spam_score": 0.0, "site_type": "news", "published": "2015-09-28T15:27:00.000+03:00", "replies_count": 0, "uuid": "3ec21b1a4525dc85632f8b249453629b686375a5"}, "author": "Rudy Takala", "url": "http://www.washingtonexaminer.com/lawmakers-u.s.-plan-for-internet-may-be-unconstitutional/article/2572941?custom_click=rss", "ord_in_thread": 0, "title": "Lawmakers: U.S. plan for Internet may be unconstitutional", "locations": [], "entities": {"persons": [], "locations": [], "organizations": []}, "highlightText": "", "language": "english", "persons": [], "text": "President Obama's plan to \"internationalize\" the Internet may be unconstitutional, key members of Congress are claiming.\nThe group of lawmakers sent a letter to the Government Accountability Office last week, saying the plan to relinquish oversight of Internet domain name functions to a global, multi-stakeholder body raised questions about the administration's \"authority to transfer possession and control of critical components of the Internet's infrastructure to a third party.\"\nThe letter was signed by the chairmen of both congressional judiciary committees, Sen. Chuck Grassley, R-Iowa, and Rep. Bob Goodlatte, R-Va; presidential candidate Sen. Ted Cruz, R-Texas, and Rep. Darrell Issa, R-Calif. Issa is also a former chairman of the House Oversight Committee.\nThe lawmakers point out that the Constitution says \"Congress has the exclusive power 'to dispose of and make all needful rules and regulations respecting the territory or other property belonging to the United States.'\"\nRelated Story: http://www.washingtonexaminer.com/article/2571169 The Internet's root zone file was developed by a grant from the United States, and since 1997, it has been operated by the National Telecommunications and Information Administration under contract with the Department of Commerce. The department had planned to transfer its management rights to the Internet Corporation for Assigned Names and Numbers, an international agency, by this Wednesday, but announced this summer that the date would be postponed until roughly June 30 next year.\nIn their letter, the lawmakers asked the GAO whether transferring ownership of the Internet domain name functions would cause government property to be transferred to ICANN, whether the root zone file constituted U.S. property, and whether it was constitutional for that property to be transferred to any non-federal entity.\nThe lawmakers did not provide a deadline for answers, saying that the GAO would need to \"conduct both significant audit work and complex legal analysis\" in order to respond.\nInternet rules unfair http:&#x2F;&#x2F;washex.am&#x2F;1KOz9vJ in Politics on LockerDome  ", "external_links": [], "published": "2015-09-28T15:27:00.000+03:00", "crawled": "2015-09-29T03:31:30.733+03:00", "highlightTitle": ""}