{"organizations": [], "uuid": "788f64532cfea3bb462370f362169440279a0a74", "thread": {"social": {"gplus": {"shares": 0}, "pinterest": {"shares": 0}, "vk": {"shares": 0}, "linkedin": {"shares": 0}, "facebook": {"likes": 0, "shares": 0, "comments": 0}, "stumbledupon": {"shares": 0}}, "site_full": "www.tctmagazine.com", "main_image": "http://www.tctmagazine.com/downloads/7219/download/conept-laser.jpg?cb=20a51657975575c8298e0433d3ca5e3c", "site_section": "http://www.tctmagazine.com/api/rss/content.rss", "section_title": "TCT Magazine | 3D Printer & 3D Printing News | Additive Manufacturing | Product Development Technology", "url": "http://www.tctmagazine.com/tct-show-3D-printing-exhibition/concept-laser-to-present-am-factory-of-tomorrow-at-formnext-tct/", "country": "US", "title": "Concept Laser to present AM Factory of Tomorrow at formnext powered by tct", "performance_score": 0, "site": "tctmagazine.com", "participants_count": 0, "title_full": "Concept Laser to present AM Factory of Tomorrow at formnext powered by tct", "spam_score": 0.0, "site_type": "news", "published": "2015-09-25T12:50:00.000+03:00", "replies_count": 0, "uuid": "788f64532cfea3bb462370f362169440279a0a74"}, "author": "", "url": "http://www.tctmagazine.com/tct-show-3D-printing-exhibition/concept-laser-to-present-am-factory-of-tomorrow-at-formnext-tct/", "ord_in_thread": 0, "title": "Concept Laser to present AM Factory of Tomorrow at formnext powered by tct", "locations": ["Frankfurt"], "entities": {"persons": [], "locations": [], "organizations": []}, "highlightText": "", "language": "english", "persons": [], "text": "Concept Laser to present AM Factory of Tomorrow at formnext powered by tct 25 September 2015 Expand Concept Laser has announced details of a special presentation at the upcoming formnext powered by tct event in Frankfurt this November. The German additive manufacturing leader plans to exhibit a comprehensive machine concept under the title of “AM Factory of Tomorrow” along with the entire process chain of additive production. \nConcept Laser says the concept is about “intelligent networking of machines, a high level of automation and incorporating system technology into the production environment”. The AM Factory of Tomorrow is based around a decentralised approach to manufacturing with regional centres and service providers positioned across the globe. It also focuses on increasing productivity and exploiting the digital potential for industrial process and system design through three key areas; digital networking of systems, integration into the production environment and automation of processes. \n\"It is high time that the industrial dimension of additive manufacturing was revealed,” Frank Herzog, CEO & President and founder of Concept Laser, explained. “Great steps forward have been taken with build rates, process configuration and quality assurance. Now, users are focusing on digital networking and automation. And we're planning to address these points specifically at the formnext powered by TCT.\" \nIn addition to the new system concept, the company will also present the entire process chain of metal 3D printing from design, to production and quality insurance. The QMmeltpoool 3D will also be on show along with the M2 cusing multilaser and Mlab cusing machines. \nFrank, added: “Build rates have increased enormously with multilaser technology. The build envelope sizes have increased remarkably. Now, we intend to use an integrated system concept to show what possibilities exist for \"Industry 4.0\" approaches to change additive manufacturing as the production strategy for the future. There is a whole host of potential for boosting flexibility and the created value.\" \nformnext powered by tct takes place on 17-20 th November 2015 in Hall 3, Frankfurt Exhibition Centre, Germany. Tags", "external_links": [], "published": "2015-09-25T12:50:00.000+03:00", "crawled": "2015-09-28T19:32:27.850+03:00", "highlightTitle": ""}