{"organizations": [], "uuid": "be35a3340c9e9312b0ccf8495a3897de29410e3b", "thread": {"social": {"gplus": {"shares": 0}, "pinterest": {"shares": 0}, "vk": {"shares": 0}, "linkedin": {"shares": 0}, "facebook": {"likes": 0, "shares": 0, "comments": 0}, "stumbledupon": {"shares": 0}}, "site_full": "www.pctonline.com", "main_image": "http://www.pctonline.com/FileUploads/image/bedbugcrawling_dreamstime.jpg", "site_section": "http://www.pctonline.com/rss.ashx", "section_title": "PCT - Pest Control Technology", "url": "http://www.pctonline.com/Article/pct-poll-bed-bug-fatigue.aspx", "country": "US", "title": "Poll: Are Customers Experiencing 'Bed Bug Fatigue'?", "performance_score": 0, "site": "pctonline.com", "participants_count": 0, "title_full": "Poll: Are Customers Experiencing 'Bed Bug Fatigue'?", "spam_score": 0.0, "site_type": "news", "published": "2015-09-30T03:00:00.000+03:00", "replies_count": 0, "uuid": "be35a3340c9e9312b0ccf8495a3897de29410e3b"}, "author": "", "url": "http://www.pctonline.com/Article/pct-poll-bed-bug-fatigue.aspx", "ord_in_thread": 0, "title": "Poll: Are Customers Experiencing 'Bed Bug Fatigue'?", "locations": [], "entities": {"persons": [], "locations": [], "organizations": []}, "highlightText": "", "language": "english", "persons": [], "text": "Bumblebees May Be Adapting to Increase Declining Populations, Researchers Say September 29, 2015 \nRising temperatures in alpine habitats worldwide have resulted in declines of flowering among indigenous plants and contributed to dramatic declines in populations of several bumblebee species... Read More Study Examines Bed Bug Movement Between Apartments September 23, 2015 \nRutgers University researchers, Drs. Richard Cooper, Changlu Wang, and Narinderpal Singh, investigated bed bug movement within and between apartments to see how far bed bugs moved in this setting. Read More Bed Bug Sends Philadelphia City Hall Workers Home September 18, 2015 \nWorkers in Philadelphia City Hall's were sent home early one day last week after a bed bug was found where they work, NBC10 reported. Read More The Pulse", "external_links": [], "published": "2015-09-30T03:00:00.000+03:00", "crawled": "2015-09-30T23:59:01.596+03:00", "highlightTitle": ""}