{"organizations": [], "uuid": "2bcbd0d85b72ae3a88784fd8e6ddf30b23dec763", "thread": {"social": {"gplus": {"shares": 0}, "pinterest": {"shares": 0}, "vk": {"shares": 0}, "linkedin": {"shares": 0}, "facebook": {"likes": 0, "shares": 0, "comments": 0}, "stumbledupon": {"shares": 0}}, "site_full": "www.sfchronicle.com", "main_image": "http://ww4.hdnux.com/photos/41/12/12/8692375/13/rawImage.jpg", "site_section": "http://www.sfchronicle.com/business/technology/", "section_title": "Technology news, features, analysis and commentary - San Francisco Chronicle", "url": "http://www.sfchronicle.com/business/article/TwitchCon-take-1-Virtual-gamers-meet-in-6530469.php", "country": "US", "title": "TwitchCon, take 1: Virtual gamers meet in real-world S.F.", "performance_score": 0, "site": "sfchronicle.com", "participants_count": 1, "title_full": "TwitchCon, take 1: Virtual gamers meet in real-world S.F. - San Francisco Chronicle", "spam_score": 0.0, "site_type": "news", "published": "2015-09-25T03:00:00.000+03:00", "replies_count": 0, "uuid": "2bcbd0d85b72ae3a88784fd8e6ddf30b23dec763"}, "author": "Benny Evangelista", "url": "http://www.sfchronicle.com/business/article/TwitchCon-take-1-Virtual-gamers-meet-in-6530469.php", "ord_in_thread": 0, "title": "TwitchCon, take 1: Virtual gamers meet in real-world S.F.", "locations": [], "entities": {"persons": [], "locations": [], "organizations": []}, "highlightText": "", "language": "english", "persons": [], "text": "Photo: Lea Suzuki, The Chronicle Twitchcon attendees play Guild Wars 2: Heart of Thorns at the ArenaNet booth during Twitchcon at Moscone West on Friday, September 25, 2015 in San Francisco, Calif. Twitchcon attendees play Guild Wars 2: Heart of Thorns at the...\nLirik and LetsGetLexi aren’t household names, but they were superstars among the gamer crowd at the first-ever convention hosted by San Francisco online video game company Twitch. Twitchcon attendees play Guild Wars 2: Heart of Thorns at the ArenaNet booth during Twitchcon at Moscone West on Friday, September 25, 2015 in San Francisco, Calif. Twitchcon attendees play Guild Wars 2: Heart of Thorns at the...\nLirik and LetsGetLexi aren’t household names, but they were superstars among the gamer crowd at the first-ever convention hosted by San Francisco online video game company Twitch.", "external_links": ["http://ww4.hdnux.com/photos/41/12/12/8692375/13/920x1240.jpg"], "published": "2015-09-25T03:00:00.000+03:00", "crawled": "2015-09-28T23:26:28.548+03:00", "highlightTitle": ""}