{"organizations": [], "uuid": "5bdafa65a6effd24ccee46870ceceb9c77a8630b", "thread": {"social": {"gplus": {"shares": 0}, "pinterest": {"shares": 0}, "vk": {"shares": 0}, "linkedin": {"shares": 0}, "facebook": {"likes": 0, "shares": 0, "comments": 0}, "stumbledupon": {"shares": 0}}, "site_full": "www.sfchronicle.com", "main_image": "http://ww1.hdnux.com/photos/41/06/32/8677040/7/rawImage.jpg", "site_section": "http://www.sfchronicle.com/business/", "section_title": "Business and technology news from SF Bay Area and the world - San Francisco Chronicle", "url": "http://www.sfchronicle.com/business/article/Tech-firm-s-ethos-Lavish-1-month-staff-6532709.php", "country": "US", "title": "Tech firm’s ethos: Lavish 1-month staff trip breeds success", "performance_score": 0, "site": "sfchronicle.com", "participants_count": 1, "title_full": "Tech firm’s ethos: Lavish 1-month staff trip breeds success - San Francisco Chronicle", "spam_score": 0.0, "site_type": "news", "published": "2015-09-28T03:00:00.000+03:00", "replies_count": 0, "uuid": "5bdafa65a6effd24ccee46870ceceb9c77a8630b"}, "author": "Marissa Lang", "url": "http://www.sfchronicle.com/business/article/Tech-firm-s-ethos-Lavish-1-month-staff-6532709.php", "ord_in_thread": 0, "title": "Tech firm’s ethos: Lavish 1-month staff trip breeds success", "locations": [], "entities": {"persons": [], "locations": [], "organizations": []}, "highlightText": "", "language": "english", "persons": [], "text": "Photo: Nathaniel Y. Downes, The Chronicle Alexandra Revelli, an employee with Expensify, packs for her fourth trip with the company. Alexandra Revelli, an employee with Expensify, packs for her fourth...\nIn a cafe somewhere in Cambodia, dozens of Americans will file in this week, crack open their MacBooks and get to work while locals try to figure out what’s going on. Alexandra Revelli, an employee with Expensify, packs for her fourth trip with the company. Alexandra Revelli, an employee with Expensify, packs for her fourth...\nIn a cafe somewhere in Cambodia, dozens of Americans will file in this week, crack open their MacBooks and get to work while locals try to figure out what’s going on.", "external_links": ["http://ww1.hdnux.com/photos/41/06/32/8677040/7/920x1240.jpg"], "published": "2015-09-28T03:00:00.000+03:00", "crawled": "2015-09-28T23:48:36.994+03:00", "highlightTitle": ""}