{"organizations": [], "uuid": "e8b8afe34a6634b29b083c1633ac226736ccbb55", "thread": {"social": {"gplus": {"shares": 0}, "pinterest": {"shares": 0}, "vk": {"shares": 0}, "linkedin": {"shares": 0}, "facebook": {"likes": 0, "shares": 0, "comments": 0}, "stumbledupon": {"shares": 0}}, "site_full": "www.reuters.com", "main_image": "", "site_section": "http://feeds.reuters.com/reuters/technologysectorNews\r", "section_title": "Reuters: Technology", "url": "http://www.reuters.com/article/2015/09/22/idUSFWN11S02W20150922?feedType=RSS&feedName=technologySector", "country": "US", "title": "BRIEF-Evolis H1 net income rises by 51.6 pct to 4.7 million euros", "performance_score": 0, "site": "reuters.com", "participants_count": 0, "title_full": "BRIEF-Evolis H1 net income rises by 51.6 pct to 4.7 million euros", "spam_score": 0.0, "site_type": "news", "published": "2015-09-22T19:24:00.000+03:00", "replies_count": 0, "uuid": "e8b8afe34a6634b29b083c1633ac226736ccbb55"}, "author": "", "url": "http://www.reuters.com/article/2015/09/22/idUSFWN11S02W20150922?feedType=RSS&feedName=technologySector", "ord_in_thread": 0, "title": "BRIEF-Evolis H1 net income rises by 51.6 pct to 4.7 million euros", "locations": [], "entities": {"persons": [], "locations": [], "organizations": []}, "highlightText": "", "language": "english", "persons": [], "text": "BRIEF-Evolis H1 net income rises by 51.6 pct to 4.7 million euros Sept 22 \nSept 22 Evolis SA : \n* Reports H1 net income of 4.7 million euros ($5.23 million) versus 3.1 million euros a year ago (growth of 51.6 percent) \n* H1 operating profit rises by 54 percent to 7.1 million euros \n* Raises the sales target for full year 2015 to 25 percent, combined with historically high profit margins \nFurther company coverage: ($1 = 0.8986 euros) (Gdynia Newsroom) Trending On Reuters \nFind out what’s in store for our digital-everything lives. > \nThomson Reuters is the world's largest international multimedia news agency, providing investing news , world news , business news , technology news , headline news, small business news , news alerts, personal finance , stock market , and mutual funds information available on Reuters.com, video , mobile , and interactive television platforms. Thomson Reuters journalists are subject to an Editorial Handbook which requires fair presentation and disclosure of relevant interests. \nNYSE and AMEX quotes delayed by at least 20 minutes. Nasdaq delayed by at least 15 minutes. For a complete list of exchanges and delays, please click here .", "external_links": [], "published": "2015-09-22T19:24:00.000+03:00", "crawled": "2015-09-22T20:24:11.798+03:00", "highlightTitle": ""}