{"organizations": [], "uuid": "c856a18f6a3242ffeab300b61f3125643c5e6abc", "thread": {"social": {"gplus": {"shares": 0}, "pinterest": {"shares": 0}, "vk": {"shares": 0}, "linkedin": {"shares": 0}, "facebook": {"likes": 0, "shares": 0, "comments": 0}, "stumbledupon": {"shares": 0}}, "site_full": "www.reuters.com", "main_image": "", "site_section": "http://feeds.reuters.com/reuters/technologysectorNews", "section_title": "Reuters: Technology", "url": "http://www.reuters.com/article/2015/09/22/idUSFWN11R02020150922?feedType=RSS&feedName=technologySector", "country": "US", "title": "BRIEF-Atos signs contract with leading electricity provider in Serbia", "performance_score": 0, "site": "reuters.com", "participants_count": 0, "title_full": "BRIEF-Atos signs contract with leading electricity provider in Serbia", "spam_score": 0.0, "site_type": "news", "published": "2015-09-22T12:55:00.000+03:00", "replies_count": 0, "uuid": "c856a18f6a3242ffeab300b61f3125643c5e6abc"}, "author": "", "url": "http://www.reuters.com/article/2015/09/22/idUSFWN11R02020150922?feedType=RSS&feedName=technologySector", "ord_in_thread": 0, "title": "BRIEF-Atos signs contract with leading electricity provider in Serbia", "locations": ["Serbia"], "entities": {"persons": [], "locations": [], "organizations": []}, "highlightText": "", "language": "english", "persons": [], "text": "BRIEF-Atos signs contract with leading electricity provider in Serbia Sept 22 \nSept 22 Atos SE : \n* Atos signs major smart metering contract with EPS - leading electricity provider in Serbia \n* The smart meters and supporting technology and infrastructure are expected to be delivered by end of 2017 in accordance with EU directive 2020 Source text for Eikon: [ID: nHUG1NGBlx] Further company coverage: (Gdynia Newsroom) Trending On Reuters \nFind out what’s in store for our digital-everything lives. > \nThomson Reuters is the world's largest international multimedia news agency, providing investing news , world news , business news , technology news , headline news, small business news , news alerts, personal finance , stock market , and mutual funds information available on Reuters.com, video , mobile , and interactive television platforms. Thomson Reuters journalists are subject to an Editorial Handbook which requires fair presentation and disclosure of relevant interests. \nNYSE and AMEX quotes delayed by at least 20 minutes. Nasdaq delayed by at least 15 minutes. For a complete list of exchanges and delays, please click here .", "external_links": [], "published": "2015-09-22T12:55:00.000+03:00", "crawled": "2015-09-22T15:37:59.205+03:00", "highlightTitle": ""}