{"organizations": [], "uuid": "ba064278e599b77bd0e4fc3e24cef3303bf8ace1", "thread": {"social": {"gplus": {"shares": 0}, "pinterest": {"shares": 0}, "vk": {"shares": 0}, "linkedin": {"shares": 0}, "facebook": {"likes": 0, "shares": 0, "comments": 0}, "stumbledupon": {"shares": 0}}, "site_full": "www.bio-medicine.org", "main_image": "", "site_section": "http://feeds.bio-medicine.org/latest-biology-technology", "section_title": "Latest Biology Technology from Bio-Medicine.Org", "url": "http://www.bio-medicine.org/biology-technology-1/Intrexon-Strengthens-Leadership-Team-34140-1/", "country": "US", "title": "Intrexon Strengthens Leadership Team", "performance_score": 0, "site": "bio-medicine.org", "participants_count": 0, "title_full": "Intrexon Strengthens Leadership Team", "spam_score": 0.0, "site_type": "news", "published": "2015-09-28T15:34:00.000+03:00", "replies_count": 0, "uuid": "ba064278e599b77bd0e4fc3e24cef3303bf8ace1"}, "author": "", "url": "http://www.bio-medicine.org/biology-technology-1/Intrexon-Strengthens-Leadership-Team-34140-1/", "ord_in_thread": 0, "title": "Intrexon Strengthens Leadership Team", "locations": [], "entities": {"persons": [], "locations": [], "organizations": []}, "highlightText": "", "language": "english", "persons": [], "text": " ", "external_links": [], "published": "2015-09-28T15:34:00.000+03:00", "crawled": "2015-09-28T16:07:54.806+03:00", "highlightTitle": ""}