{"organizations": [], "uuid": "c766ef3666be6bc340ada49ba9b5e4469531f79d", "thread": {"social": {"gplus": {"shares": 0}, "pinterest": {"shares": 0}, "vk": {"shares": 0}, "linkedin": {"shares": 0}, "facebook": {"likes": 0, "shares": 0, "comments": 0}, "stumbledupon": {"shares": 0}}, "site_full": "www.kirotv.com", "main_image": "http://media.cmgdigital.com/shared/img/photos/2015/09/27/01/28/71718510b2514e538b2f83f674787955-44b498ec4d6145bd84793f4bdb50291b-0.jpg", "site_section": "http://www.kirotv.com/list/ap/technology/technology-news/akm/", "section_title": "Technology News | www.kirotv.com", "url": "http://www.kirotv.com/ap/ap/top-news/modi-touts-social-media-tech-development-in-facebo/nnpfG/", "country": "US", "title": "Modi touts social media, tech development in Facebook visit", "performance_score": 0, "site": "kirotv.com", "participants_count": 1, "title_full": "Modi touts social media, tech development in Facebook visit | www.kirotv.com", "spam_score": 0.0, "site_type": "news", "published": "2015-09-28T05:50:00.000+03:00", "replies_count": 0, "uuid": "c766ef3666be6bc340ada49ba9b5e4469531f79d"}, "author": "BRANDON BAILEY", "url": "http://www.kirotv.com/ap/ap/top-news/modi-touts-social-media-tech-development-in-facebo/nnpfG/", "ord_in_thread": 0, "title": "Modi touts social media, tech development in Facebook visit", "locations": [], "entities": {"persons": [], "locations": [], "organizations": []}, "highlightText": "", "language": "english", "persons": [], "text": "Indian Prime Minister Narendra Modi touted the power of social media and his own goals for developing India's tech economy on Sunday, speaking to a global audience from a \"town hall\" meeting at the headquarters of the world's largest social network.\nModi also vowed to improve education for girls and \"bring more women into decision-making\" in his country, while responding to a handful of questions during a carefully orchestrated session led by Facebook CEO Mark Zuckerberg .\n\"The strength of social media today is that it can tell governments where they are wrong and can stop them from moving in the wrong direction,\" Modi said, in remarks translated from Hindi by an interpreter.\n\"We used to have elections every five years and now we can have them every five minutes,\" added Modi, who is known for using both Facebook and Twitter to communicate with millions of followers.\nSunday's hour-long session came during a whirlwind tour of Silicon Valley that included two days of meetings with the CEOs of Apple, Google and other leading tech companies, along with local political leaders and an estimated 18,000 people who attended an \"Indian community reception\" at a San Jose sports arena.\nModi received a warm welcome from about 1,200 people at the morning session, which was also streamed live on Facebook.\n\"We are software engineers. This is music to our ears,\" said 23-year-old Ashna Jain, reacting to Modi's comments. Like many young Indian tech workers in the audience, Jain said she liked Modi's goals for increasing Internet connectivity and building a tech economy because she hopes to return home to work in India one day.\nModi in fact struck several notes that many tech entrepreneurs would applaud. He said he's working to reduce government regulation of business and crisscross the country with fiber optic networks.\nBut he also scored a human note, becoming emotional while describing his impoverished childhood and his mother's efforts to support his family by doing menial work. \"In India, there are hundreds of thousands of mothers like that,\" he added.\nModi's visit to California is the first by an Indian head of state since Indira Gandhi came to Los Angeles in 1982, and it's been a rallying event for many of the tens of thousands of Indian immigrants who work in Silicon Valley.\n\"We're pretty hopeful about how the country has progressed under him,\" said Ankur Sadhoo, a young Facebook engineer who brought his wife to the event.\nModi's fans say they admire his ambitions for \"Digital India,\" a broad program of technological and economic development, and his promise to end government corruption and inefficiency.\nBut he has critics: Some activists organized protests on Sunday to press the prime minister over creation of a Sikh homeland, along with alleged mistreatment of Muslims and Christians by groups linked to his Hindu nationalist Bharatiya Janata Party.\nDespite the protests, a raucous and jubilant crowd chanted greeted Modi at the SAP Center in San Jose. The Silicon Valley is home to scores of Indians working in technology.\n\"People are now saying that the 21st century is India's,\" Modi told the crowd in the arena. \"The world is now believing this.\"\nModi's schedule also included meetings with Apple Inc. CEO Tim Cook, Tesla Motors Inc. chief Elon Musk and two Indian-Americans who have recently become CEOs of major tech companies: Satya Nadella of Microsoft Corp. and Sundar Pichai of Google.\nThey had plenty to discuss: Silicon Valley companies see India as a huge potential market for their own expansion, while Modi wants their help in developing his country's tech industry. U.S. tech interests, however, would like to see Modi trim what they view as bureaucratic and financial restrictions on investment there.\nAbout 300 million Indians use the Internet but another billion don't have access. After meeting with Modi on Sunday, Google's Pichai announced his company will provide Wi-Fi service to 400 train stations across India, which he said would serve 10 million rail passengers daily.\nFacebook has already launched an effort to connect with lower-income Indians through Zuckerberg's Internet.org project, which promotes Internet use in developing countries by offering free access to a package of web apps on mobile phones.\nThat effort has drawn controversy, however. Critics in India said the project favors Facebook and a limited number of partners, while making it more difficult for homegrown entrepreneurs to draw traffic to their own websites.\nResponding to that criticism, Zuckerberg promised to open the program to more online services. Facebook announced last week that it has launched a new platform for outside developers to contribute apps to the program.\nModi's visit comes less than a week after Chinese President Xi Jinping met with many of the same U.S. tech executives in Seattle. Silicon Valley firms are eager to do more business in both countries, although China's government has thrown up more barriers to U.S. firms.\nModi is scheduled to fly east Monday to meet with President Obama before returning home to India.\n ", "external_links": ["http://w.sharethis.com/button/buttons.js"], "published": "2015-09-28T05:50:00.000+03:00", "crawled": "2015-09-28T17:53:55.224+03:00", "highlightTitle": ""}