{"organizations": [], "uuid": "ee1342152049858ed80d3bfeee411d20128c5339", "thread": {"social": {"gplus": {"shares": 0}, "pinterest": {"shares": 0}, "vk": {"shares": 0}, "linkedin": {"shares": 0}, "facebook": {"likes": 0, "shares": 0, "comments": 0}, "stumbledupon": {"shares": 0}}, "site_full": "www.freshnews.com", "main_image": "", "site_section": "http://freshnews.com//news/technology/feed", "section_title": "FreshNews.com - Technology News", "url": "http://www.freshnews.com/news/1134358/lenovo-showcasing-thinkcentre-m73-and-tiny-one-thin-client-solution-hett-expo-2015", "country": "US", "title": "Lenovo Showcasing ThinkCentre M73 and Tiny-in-One Thin Client Solution at HETT Expo 2015", "performance_score": 0, "site": "freshnews.com", "participants_count": 1, "title_full": "Lenovo Showcasing ThinkCentre M73 and Tiny-in-One Thin Client Solution at HETT Expo 2015", "spam_score": 0.0, "site_type": "news", "published": "2015-09-30T15:57:00.000+03:00", "replies_count": 0, "uuid": "ee1342152049858ed80d3bfeee411d20128c5339"}, "author": "admin", "url": "http://www.freshnews.com/news/1134358/lenovo-showcasing-thinkcentre-m73-and-tiny-one-thin-client-solution-hett-expo-2015", "ord_in_thread": 0, "title": "Lenovo Showcasing ThinkCentre M73 and Tiny-in-One Thin Client Solution at HETT Expo 2015", "locations": [], "entities": {"persons": [], "locations": [], "organizations": []}, "highlightText": "", "language": "english", "persons": [], "text": "Submitted by admin on 9/30/2015 @ 5:57 AM   Devon IT \nLONDON, Sept. 30, 2015 /PRNewswire-iReach/ -- Devon IT, a leading provider of thin client software solutions is proud to partner with and showcase Lenovo's Thin Client, M73 and Tiny-in-One Monitor at the HETT Expo in Olympia, London. \nhttps://photos.prnewswire.com/prnvar/20150929/272155 \nFully certified for all leading virtualisation environments available with both LeTOS or WES7 operating systems and Lenovo Terminal Management software, the Lenovo M73 is one of the most versatile and powerful thin clients available on the market. \n\"We are proud to showcase these important Lenovo products at HETT on an international scale and are extremely confident that they can help support digital innovations in healthcare technology and improve efficiency across many platforms.\" \n- Adrian Hedges, Vice President of Worldwide Sales, Devon IT \nFeatures and Benefits of ThinkCentre M73 Thin Client Device include: -- Fully Certified for Citrix, VMware and Microsoft virtual environments -- Award winning Tiny chassis design -- Powerful dual core Intel 2.4Ghz 1840T processor -- High performance graphics \nFeatures and Benefits of the Tiny-in-One Monitor System include: -- Full integration with the Tiny range of thin clients -- Stunning visuals with front and back tilt angles -- Crisp 23-inch wide LED or LCD display with 1920x1080 resolution -- Integrated single power supply for monitor and Tiny thin client -- Simple setup: no tools required \nDevon IT is proud to showcase this software along with the many other high-end solutions that have come from our partnership with Lenovo at such an important event in such a beautiful venue in London. \nDemonstrations of the Lenovo ThinkCentre thin clients and Lenovo end-to-end solutions are available in Lenovo's booth #258 at HETT. \nFor more information about Lenovo thin client solutions or product details email:info@devonit.com or call +44 121 2225500. For more information about LeTOS and LTM please visit www.devonit.com/software. Follow Devon IT on Twitter @DevonIT. \nAbout Devon IT \nDevon IT, Inc., (www.devonit.com) is a leading information technology company that offers thin client software, hardware, and virtual desktop solutions. Devon IT's products offer users in various industries and environments greater IT security, enhanced manageability, improved reliability, and lower costs. Devon IT is also the creator of the patented VDI Blaster(TM), software that transforms PCs with hard drives into virtual desktops. The company is headquartered in King of Prussia, Pennsylvania with offices in London, and Shanghai. Read Devon IT's technical blog, \"Thin Tank,\" at http://www.devonit.com/blog . \nAll company, brand, or product names are registered trademarks or trademarks of their respective holders. \nMedia Contact: Christine Olley, Devon IT, 8002517488, colley@devonintlgroup.com \nNews distributed by PR Newswire iReach: https://ireach.prnewswire.com", "external_links": [], "published": "2015-09-30T15:57:00.000+03:00", "crawled": "2015-09-30T16:48:05.703+03:00", "highlightTitle": ""}