{"organizations": [], "uuid": "411b8667c392459350bd468e1a6e1980bc73fc54", "thread": {"social": {"gplus": {"shares": 0}, "pinterest": {"shares": 0}, "vk": {"shares": 0}, "linkedin": {"shares": 0}, "facebook": {"likes": 0, "shares": 0, "comments": 0}, "stumbledupon": {"shares": 0}}, "site_full": "www.technologyreview.com", "main_image": "", "site_section": "http://www.technologyreview.com/tagged/oculus-1/", "section_title": "Oculus | MIT Technology Review", "url": "http://www.technologyreview.com/news/541566/a-closer-look-at-the-future-of-work/", "country": "US", "title": "Diving Deeper into the Future of Work", "performance_score": 0, "site": "technologyreview.com", "participants_count": 1, "title_full": "Diving Deeper into the Future of Work | MIT Technology Review", "spam_score": 0.0, "site_type": "news", "published": "2015-09-28T03:00:00.000+03:00", "replies_count": 0, "uuid": "411b8667c392459350bd468e1a6e1980bc73fc54"}, "author": "Nanette Byrnes", "url": "http://www.technologyreview.com/news/541566/a-closer-look-at-the-future-of-work/", "ord_in_thread": 0, "title": "Diving Deeper into the Future of Work", "locations": [], "entities": {"persons": [], "locations": [], "organizations": []}, "highlightText": "", "language": "english", "persons": [], "text": "Business Report\nThe Future of Work: 2015 Download the Full Report for Free Brought to you by\nContents Work in Transition Where the Tech Jobs Are On the Edge of Automation The Measured Working Man Uber’s Bumpy Ride in China Hired and Fired by Algorithm Aging Workers, New Technology Technology Jobs: Radiology Online and Self-Employed Freelancers on the Network A Closer Look at the Future of Work Download Full Report (Free)\nView More Reports OUTSIDE READING | CALENDAR\nOUTSIDE READING\nRise of the Robots: Technology and the Threat of a Jobless Future\nby Martin Ford\nBasic Books, May 2015\nA Silicon Valley entrepreneur discusses how advances in robotics could wipe out jobs and deepen inequality.\nThe Second Machine Age: Work, Progress, and Prosperity in a Time of Brilliant Technologies\nby Erik Brynjolfsson and Andrew McAfee\nW.W. Norton, January 2014\nIn this New York Times best-seller, two leading thinkers at MIT discuss how industries will have to adapt to a world where computers can do many jobs better than humans can.\nMachines of Loving Grace: The Quest for Common Ground Between Humans and Robots\nby John Markoff\nEcco, August 2015\nPulitzer Prize–winning science writer John Markoff details the history of interactions between humans and robots.\n“Who Will Own the Robots?”\nby David Rotman\nMIT Technology Review , July/August 2015\nIn this cover story, MIT Technology Review editor David Rotman explores how increased automation is affecting jobs and how the economic benefits of technology can be more fairly shared.\nThe Glass Cage: Automation and Us\nby Nicholas Carr\nW.W. Norton, September 2014\nA best-selling author looks at how automation is affecting several facets of our lives, including cars, wearables, and factory robots.\nVirtually Human: The Promise—and the Peril— of Digital Immortality\nby Martine Rothblatt\nSt. Martin’s Press, September 2014\nEntrepreneur Martine Rothblatt looks at what could happen if software becomes part of our brains.\nSuperintelligence: Paths, Dangers, Strategies\nby Nick Bostrom\nOxford University Press, September 2014\nCan humans stay in control when machines become smarter than we are? Philosopher Nick Bostrom explores questions like these in this book, recommended by both Bill Gates and Elon Musk.\nThe Future of Employment: How Susceptible Are Jobs to Computerisation?\nby Carl Benedikt Frey and Michael A. Osborne\nUniversity of Oxford, September 2013\nThis report looks at how vulnerable certain workers are to being replaced by robots.\n“Will Your Job Be Done by a Machine?”\nby Quoctrung Bui\nPlanet Money , May 2015\nNPR has turned the above-mentioned Oxford study into an interactive graphic that readers can use to determine the likelihood of losing their job to a robot.\nAI, Robotics, and the Future of Jobs\nby Aaron Smith and Janna Anderson\nPew Research Center, August 2014\nThis report from a prominent think tank explores how the rise of robots could affect humans’ jobs.\nWorld Robotics: Industrial Robots 2014, Executive Summary\nInternational Federation of Robotics, 2014\nAn oft-cited report on industrial robot sales.\n“Technology and Inequality”\nby David Rotman\nMIT Technology Review , November/December 2014\nThe gap between the very rich and poor is especially wide in Silicon Valley. David Rotman attempts to find out how much technology has to do with it.\nFastest Declining Occupations, 2012 and projected 2022\nEmployment Statistics Program, U.S. Department of Labor, Bureau of Labor Statistics, December 2013\nU.S. government data shows which jobs are expected to decline the most quickly over the next decade.\nLearning by Doing: The Real Connection between Innovation, Wages, and Wealth\nBy James Bessen\nYale University Press, 2015\nMuch of the value from innovations comes over time as they are implemented, the author argues, and while technology transforms work in profound ways, it can take a long time for workers and society to fully adapt.\n“Technology and People: The Great Job Creating Machine”\nBy Ian Stewart, Debapratim De, and Alex Cole\nDeloitte, December 2014\nThis study of employment data from England and Wales over the last 140 years concludes that when machines replace workers, the result is faster growth and rising overall employment. Though the authors don’t attempt to forecast the jobs of the future, they conclude that work will increasingly focus on factors that cannot be automated, including social interaction and empathy, creativity, and skill.\n“A World without Work”\nBy Derek Thompson\nThe Atlantic , July/August 2015\nFor centuries, experts have predicted that machines would make workers obsolete. If that moment has finally arrived, could it be a good thing?\nCALENDAR\nNext: Economy\nNovember 12–13, 2015\nSan Francisco\nhttp://conferences.oreilly.com/next-economy\nRobotics Alley Conference Expo\nDecember 1–2, 2015\nMinneapolis\nhttp://roboticsalley.org/\n11th ACM/IEEE International Conference on Human-Robot Interaction (HR1 2016)\nMarch 7–10, 2016\nChristchurch, New Zealand\nhttp://humanrobotinteraction.org/2016/\nICRA 2016: IEEE International Conference on Robotics and Automation\nMay 16–21, 2016\nStockholm, Sweden\nwww.icra2016.org\nRoboBusiness Europe\nJune 1–3, 2016\nOdense, Denmark\nwww.robobusiness.eu/rb/\nIEEE CASE 2016\nAugust 21–25, 2016\nFort Worth, Texas\nhttp://sites.ieee.org/case-2016/\nIROS 2016\nOctober 9–14, 2016\nDaejeon, Korea\nwww.iros2016.org\nAutomate\nApril 3–6, 2017\nChicago\nhttp://www.automateshow.com/\nBack to top\nDownload a PDF of this Business Report:\nThe Future of Work: 2015 Download Now\nFree for a limited time, courtesy of", "external_links": ["http://www.theatlantic.com/magazine/archive/2015/07/world-without-work/395294/", "http://humanrobotinteraction.org/2016/", "http://www.amazon.com/exec/obidos/ASIN/0393239357", "http://www.amazon.com/exec/obidos/ASIN/0199678111", "http://www2.deloitte.com/content/dam/Deloitte/uk/Documents/finance/deloitte-uk-technology-and-people.pdf", "http://www.npr.org/sections/money/2015/05/21/408234543/will-your-job-be-done-by-a-machine", "http://roboticsalley.org/", "http://www.worldrobotics.org/uploads/media/Executive_Summary_WR_2014_02.pdf", "http://www.harpercollins.com/9780062266705/machines-of-loving-grace", "http://www.amazon.com/exec/obidos/ASIN/0300195664", "https://www.betterworks.com/", "http://www.bls.gov/emp/ep_table_105.htm", "http://www.automateshow.com/", "http://www.robobusiness.eu/rb/", "http://conferences.oreilly.com/next-economy", "http://www.amazon.com/exec/obidos/ASIN/0393240762", "http://sites.ieee.org/case-2016/", "http://www.pewinternet.org/2014/08/06/future-of-jobs/", "http://www.amazon.com/exec/obidos/ASIN/1250046637", "http://www.amazon.com/exec/obidos/ASIN/0465059996", "http://www.oxfordmartin.ox.ac.uk/downloads/academic/The_Future_of_Employment.pdf"], "published": "2015-09-28T03:00:00.000+03:00", "crawled": "2015-09-28T07:07:44.688+03:00", "highlightTitle": ""}