{"organizations": [], "uuid": "fcd1c7b0f8ba65cdb8ed9e1ef28cc474129ebbd7", "thread": {"social": {"gplus": {"shares": 0}, "pinterest": {"shares": 0}, "vk": {"shares": 0}, "linkedin": {"shares": 0}, "facebook": {"likes": 0, "shares": 0, "comments": 0}, "stumbledupon": {"shares": 0}}, "site_full": "www.travelandtourworld.com", "main_image": "http://www.travelandtourworld.com/wp-content/uploads/2013/02/HRG.jpg", "site_section": "http://www.travelandtourworld.com/news/article/category/travel-technology-news/", "section_title": "Travel Technology news | Travel and Tour World | Online technology news | distributive system | mobile application |travel trade professionalsTravelandtourworld.com", "url": "http://www.travelandtourworld.com/news/article/us-embassy-appoint-hrg-as-travel-management-company-in-china-2/", "country": "US", "title": "US Embassy appoint HRG as travel management company in China - Travelandtourworld.comTravelandtourworld.com", "performance_score": 0, "site": "travelandtourworld.com", "participants_count": 1, "title_full": "US Embassy appoint HRG as travel management company in China - Travelandtourworld.comTravelandtourworld.com", "spam_score": 0.0, "site_type": "news", "published": "2015-09-30T03:00:00.000+03:00", "replies_count": 0, "uuid": "fcd1c7b0f8ba65cdb8ed9e1ef28cc474129ebbd7"}, "author": "travelandtourworld.com", "url": "http://www.travelandtourworld.com/news/article/us-embassy-appoint-hrg-as-travel-management-company-in-china-2/", "ord_in_thread": 0, "title": "US Embassy appoint HRG as travel management company in China - Travelandtourworld.comTravelandtourworld.com", "locations": [], "entities": {"persons": [], "locations": [], "organizations": []}, "highlightText": "", "language": "english", "persons": [], "text": "US Embassy appoint HRG as travel management company in China Published on : Wednesday, September 30, 2015\nThe US Embassy has awarded HRG, the global travel management company, its corporate travel business in China. The award includes all US consulates across China, covering Beijing, Shanghai, Guangzhou, Shenyang, Wuhan and Chengdu.\nThe business went live at the beginning of September for a five year master contract. HRG will be providing onsite services and the HRG Classic teams will deliver a service that is both uncompromising and cost effective whilst meeting the needs of VIP clients.\nDavid Radcliffe, Chief Executive of HRG, commented: “We are very proud to announce the US Embassy as one of our newest clients. It is another progressive step for us as we continue to grow our global government services.”\n“The business was awarded to HRG because of our expertise and knowledge in this specialist sector. And we will be measured on our excellent customer service together with our ability to provide a truly one stop shop for embassy and consulate travellers. I have no doubt that the US Embassy will quickly enjoy the benefits of working with us whilst we establish the benchmark in the region for comprehensive global travel management for government.”", "external_links": [], "published": "2015-09-30T03:00:00.000+03:00", "crawled": "2015-09-30T15:50:51.870+03:00", "highlightTitle": ""}