{"organizations": [], "uuid": "40e3f0c9d6bc0e08de18e2d2d1afc22a6d74e902", "thread": {"social": {"gplus": {"shares": 0}, "pinterest": {"shares": 0}, "vk": {"shares": 0}, "linkedin": {"shares": 0}, "facebook": {"likes": 0, "shares": 0, "comments": 0}, "stumbledupon": {"shares": 0}}, "site_full": "www.freshnews.com", "main_image": "", "site_section": "http://freshnews.com//news/technology/feed", "section_title": "FreshNews.com - Technology News", "url": "http://www.freshnews.com/news/1133207/correcting-and-replacing-rush-street-interactive-launches-online-casino4fun-philly-s-s", "country": "US", "title": "CORRECTING and REPLACING Rush Street Interactive Launches Online CASINO4FUN for Philly’s SugarHouse Casino", "performance_score": 0, "site": "freshnews.com", "participants_count": 1, "title_full": "CORRECTING and REPLACING Rush Street Interactive Launches Online CASINO4FUN for Philly’s SugarHouse Casino", "spam_score": 0.0, "site_type": "news", "published": "2015-09-29T02:37:00.000+03:00", "replies_count": 0, "uuid": "40e3f0c9d6bc0e08de18e2d2d1afc22a6d74e902"}, "author": "admin", "url": "http://www.freshnews.com/news/1133207/correcting-and-replacing-rush-street-interactive-launches-online-casino4fun-philly-s-s", "ord_in_thread": 0, "title": "CORRECTING and REPLACING Rush Street Interactive Launches Online CASINO4FUN for Philly’s SugarHouse Casino", "locations": [], "entities": {"persons": [], "locations": [], "organizations": []}, "highlightText": "", "language": "english", "persons": [], "text": "  Rush Street Gaming Please replace the release with the following corrected version due to multiple revisions. \nCHICAGO -- (BUSINESS WIRE) -- The corrected release reads: RUSH STREET INTERACTIVE LAUNCHES ONLINE CASINO4FUN FOR PHILLY’S SUGARHOUSE CASINO \nRush Street Interactive, the online division of Chicago-based Rush Street Gaming, today announced the launch of CASINO4FUN TM for SugarHouse Casino in Philadelphia. The CASINO4FUN site, which is powered by a proprietary Internet gaming platform owned by Rush Street Interactive, enables visitors to the SugarHouse website to play online slots and table games for free and to purchase virtual credits good for further free play. \nThe site also includes a unique separate daily digital wheel promotion which offers players a one per day opportunity to win real prizes that are redeemable by visiting the SugarHouse Casino property. Real prizes include free slot play, dining comps, virtual credits and more. All CASINO4FUN players must be at least 21 years old; the site includes industry-leading functionality for age verification and player eligibility. \nDozens of popular slots including \"Classic Goldfish” and “Jacks or Better” video poker, in addition to single deck and multi-hand blackjack, are immediately available with additional content to be introduced on an ongoing basis. Games are available for all mobile devices, tablets, desktop and laptop computers. Registration is free and easy at www.sugarhousecasino.com/casino4fun . \n“We’re excited to offer our guests, casino enthusiasts and those new to online fun an exciting experience while they’re away from our brick-and-mortar casinos properties,\" said Greg Carlin, CEO of Rush Street Gaming. \n“SugarHouse Casino is thrilled by the opportunity to debut this entertaining marketing program,” said Linda Powers, vice president of marketing at SugarHouse Casino. “We realize that our SugarHouse Casino guests have a wide and ever-increasing range of entertainment options to select from online, so we’re particularly excited to use the CASINO4FUN program as a dynamic marketing tool to keep the SugarHouse Casino brand ‘top of mind’ for our players in the digital world.\" \nSugarHouse Casino is owned and operated by an affiliate of Rush Street Gaming. Related online gaming initiatives are underway or planned at other Rush Street-affiliated casinos, pending regulatory approvals. \nRichard Schwartz, president of Rush Street Interactive, added, “As Pennsylvania and other states contemplate legalizing online gaming, CASINO4FUN will provide our affiliated brick-and-mortar casinos with the potential opportunity to both convert play-for-fun patrons to play-for-real money players and increase the engagement levels of existing customers.” \nAbout Rush Street Gaming \nFounded by Neil Bluhm and Greg Carlin, Rush Street Gaming and its affiliates have developed and operate successful casinos in Pittsburgh, Philadelphia and Des Plaines, IL (Chicago area). By placing an emphasis on superior design and outstanding customer service, Rush Street Gaming has become one of the leading casino developers in the United States. Rush Street casinos generate more than $1 billion in annual gaming revenues, and all Rush Street Gaming casinos have been voted a “Best Place to Work” or “Top Workplace” by their team members. For more information, visit rushstreetgaming.com . View source version on businesswire.com: http://www.businesswire.com/news/home/20150928006515/en/ Copyright © Business Wire 2015", "external_links": [], "published": "2015-09-29T02:37:00.000+03:00", "crawled": "2015-09-29T06:00:30.678+03:00", "highlightTitle": ""}