{"organizations": [], "uuid": "0f9891bad2d59fd60701f5fee27a1cd06dc49276", "thread": {"social": {"gplus": {"shares": 0}, "pinterest": {"shares": 0}, "vk": {"shares": 0}, "linkedin": {"shares": 0}, "facebook": {"likes": 0, "shares": 0, "comments": 0}, "stumbledupon": {"shares": 0}}, "site_full": "timesofindia.indiatimes.com", "main_image": "http://timesofindia.indiatimes.com/photo/49138819.cms", "site_section": "http://timesofindia.indiatimes.com/rssfeeds/5880659.cms", "section_title": "Technology News, Latest Gadget Reviews, Gaming & Tech Videos | Times of India", "url": "http://timesofindia.indiatimes.com/tech/tech-news/Flipkarts-second-Big-Billion-Sale-to-include-Myntra/articleshow/49138784.cms", "country": "IL", "title": "Flipkart announces next Big Billion sale’s dates", "performance_score": 0, "site": "indiatimes.com", "participants_count": 6, "title_full": "Flipkart announces next Big Billion sale’s dates - The Times of India", "spam_score": 0.0, "site_type": "news", "published": "2015-09-28T20:16:00.000+03:00", "replies_count": 5, "uuid": "4d9178a6cef9a24798a2a00add95f4a8fbc324f0"}, "author": "timesofindia.indiatimes.com", "url": "http://timesofindia.indiatimes.com/tech/tech-news/Flipkarts-second-Big-Billion-Sale-to-include-Myntra/articleshow/49138784.cms#post-0", "ord_in_thread": 0, "title": "Flipkart announces next Big Billion sale’s dates", "locations": [], "entities": {"persons": [], "locations": [], "organizations": []}, "highlightText": "", "language": "english", "persons": [], "text": "BENGALURU: Homegrown e-commerce giant Flipkart has announced the second edition of \"Big Billion Sale,\" to be held between October 13 and 17.\n\nAn app-only shopping event, Big Billion Days, will offer exciting offers and unbeatable discounts across 70+ product categories for customers to shop from, the company said.\n\nCelebrating the start of festive season, Big Billion Days will be the ultimate shopping event for customers to shop for gifts and other items for friends and family, it said.\n\nStating that customers can shop across a range of categories during the five-day long shopping festival, Flipkart said Myntra will also be a part of Big Billion Days and will be presenting a curated selection from iconic fashion brands at never-before offers.\n\nFlipkart had last year apologized for the glitches encountered during the 'Big Billion Day' sale, admitting its \"failure\" in living upto the expectations of its customers.\n\n\"India shops the most during this time of the year. With over 75% of traffic coming via mobile, we expect this app only sale to be the biggest shopping event of the year. Bigger and better as compared to last year, we have worked towards ensuring a seamless shopping experience for our customers,\" Flipkart head of commerce Mukesh Bansal said.\n\nPointing out that the company has ramped up its technology and supply chain support to ensure all our 50 million customers have the best ever mobile shopping experience, he said \"Infact, to cater to the massive customer demand; we have opened new fulfillment centers across the country to guarantee efficient delivery.\"\n\n\"Considering the sale will feature fantastic deals across millions of products in all categories from over 40,000 sellers, our aim is to give our consumers nothing less than 5 days to shop to their hearts content,\" he added.\n\nThe company has also roped in its partner banks to give Flipkart customers exclusive offers during 'Big Billion Days.'  ", "external_links": [], "published": "2015-09-28T20:16:00.000+03:00", "crawled": "2015-09-28T20:01:09.125+03:00", "highlightTitle": ""}