{"organizations": ["Post", "Sales & Accessories Shop For Sale Management Training"], "uuid": "43e45db776eae3b7ae8590e0877409c558aef6de", "thread": {"social": {"gplus": {"shares": 0}, "pinterest": {"shares": 0}, "vk": {"shares": 0}, "linkedin": {"shares": 0}, "facebook": {"likes": 0, "shares": 0, "comments": 0}, "stumbledupon": {"shares": 0}}, "site_full": "www.globalbx.com", "main_image": "", "site_section": "http://www.globalbx.com/rss/Canada/byIndustry/Technology.rss", "section_title": "Technology - Internet Related Businesses For Sale in Canada", "url": "http://www.globalbx.com/listing.asp?bId=204565", "country": "US", "title": "Computer Repair, Sales & Accessories Shop For Sale", "performance_score": 0, "site": "globalbx.com", "participants_count": 0, "title_full": "Computer Repair, Sales & Accessories Shop For Sale", "spam_score": 0.0, "site_type": "news", "published": "2015-09-22T07:51:00.000+03:00", "replies_count": 0, "uuid": "43e45db776eae3b7ae8590e0877409c558aef6de"}, "author": "", "url": "http://www.globalbx.com/listing.asp?bId=204565", "ord_in_thread": 0, "title": "Computer Repair, Sales & Accessories Shop For Sale", "locations": [], "entities": {"persons": [], "locations": [], "organizations": []}, "highlightText": "", "language": "english", "persons": [], "text": "Management Training and Support: Yes Reason For Selling: Relocated and moving to other business Click on the \"Contact Seller\" button for more information on this Technology – Internet Related > Other Technology – Internet Related business for sale. Print Listing Id: 700204565 Can't Find Your Dream Business? Get Free Franchise Information on all the top franchises, Post a Free Wanted Ad on our Message Boards, Get New Listings sent to you, or try our Advanced Search . Don't forget to Sign up for our Newsletter and get free tips on how to buy or sell a business from the leading industry experts!", "external_links": [], "published": "2015-09-22T07:51:00.000+03:00", "crawled": "2015-09-22T11:30:59.118+03:00", "highlightTitle": ""}