{"organizations": ["Google"], "uuid": "2774084d50aa96c4c46c365946566ab4185ea6be", "thread": {"social": {"gplus": {"shares": 0}, "pinterest": {"shares": 0}, "vk": {"shares": 0}, "linkedin": {"shares": 0}, "facebook": {"likes": 0, "shares": 0, "comments": 0}, "stumbledupon": {"shares": 0}}, "site_full": "www.clipsyndicate.com", "main_image": "", "site_section": "http://www.clipsyndicate.com/rss/feed/12237?rel=3&wpid=1770", "section_title": "Science & Technology", "url": "http://www.clipsyndicate.com/video/playlist/12237/5981159?cpt=8&wpid=1770", "country": "", "title": "Video: Google's SDC Concerns Insurers", "performance_score": 0, "site": "clipsyndicate.com", "participants_count": 0, "title_full": "Video: Google's SDC Concerns Insurers", "spam_score": 0.0, "site_type": "news", "published": "2015-09-22T06:20:00.000+03:00", "replies_count": 0, "uuid": "2774084d50aa96c4c46c365946566ab4185ea6be"}, "author": "", "url": "http://www.clipsyndicate.com/video/playlist/12237/5981159?cpt=8&wpid=1770", "ord_in_thread": 0, "title": "Video: Google's SDC Concerns Insurers", "locations": [], "entities": {"persons": [], "locations": [], "organizations": []}, "highlightText": "", "language": "english", "persons": ["Rachel Glaser"], "text": "Sep. 21, 2015. 11:20 PM EST Rachel Glaser KTAB News Rachel Glaser KTAB News « Less Tags", "external_links": [], "published": "2015-09-22T06:20:00.000+03:00", "crawled": "2015-09-22T18:10:37.883+03:00", "highlightTitle": ""}