{"organizations": [], "uuid": "19ceb07bed91ef57154a8f590a0272e2340cfa20", "thread": {"social": {"gplus": {"shares": 0}, "pinterest": {"shares": 0}, "vk": {"shares": 0}, "linkedin": {"shares": 0}, "facebook": {"likes": 0, "shares": 0, "comments": 0}, "stumbledupon": {"shares": 0}}, "site_full": "news.google.com", "main_image": "", "site_section": "http://news.google.com/news?hl=en&gl=us&q=technology&pws=0&bav=on.2,or.r_gc.r_pw.r_cp.r_qf.&bpcl=38093640&biw=1366&bih=653&um=1&ie=UTF-8&output=rss", "section_title": "technology - Google News", "url": "http://news.google.com/news/url?sa=t&fd=R&ct2=us&usg=AFQjCNF53atZ_qxECP-X1-UQ8Uun_9tW8Q&clid=c3a7d30bb8a4878e06b80cf16b898331&ei=Km4IVpjQNtLhaq-tn7gO&url=http://www.baynews9.com/content/news/baynews9/news/article.html/content/news/articles/bn9/2015/9/27/innovative_construct.html", "country": "IL", "title": "New USF housing being built with innovative 3-D technology - Bay News 9", "performance_score": 0, "site": "google.com", "participants_count": 0, "title_full": "New USF housing being built with innovative 3-D technology - Bay News 9", "spam_score": 0.0, "site_type": "news", "published": "2015-09-27T19:07:00.000+03:00", "replies_count": 0, "uuid": "19ceb07bed91ef57154a8f590a0272e2340cfa20"}, "author": "", "url": "http://news.google.com/news/url?sa=t&fd=R&ct2=us&usg=AFQjCNF53atZ_qxECP-X1-UQ8Uun_9tW8Q&clid=c3a7d30bb8a4878e06b80cf16b898331&ei=Km4IVpjQNtLhaq-tn7gO&url=http://www.baynews9.com/content/news/baynews9/news/article.html/content/news/articles/bn9/2015/9/27/innovative_construct.html", "ord_in_thread": 0, "title": "New USF housing being built with innovative 3-D technology - Bay News 9", "locations": [], "entities": {"persons": [], "locations": [], "organizations": []}, "highlightText": "", "language": "english", "persons": [], "text": "WEATHER ON THE GO: Get the Bay News 9+ app with Klystron 9 on the go! New USF housing being built with innovative 3-D technology \nThe new USF off-campus apartments will include 163 units and a seven-story attached parking garage. it will be the first building of its kind in Florida. By Ashley Jeffery, Reporter Last Updated: Sunday, September 27, 2015 TAMPA -- \nThe Clark Builders Group (CBG) in Tampa is building one the newest, most innovative builds for off-ampus housing near the University of South Florida. \n“This building is the next step in construction technology,” said CBG Company Senior Vice President Chris Hirst. \nThe new six-story apartment building will be built using a patented 3-D model from the Denver-based technology company Prescient. The apartment will include 163 units and a seven-story attached parking garage. This will be the first building of its kind in Tampa and in the state of Florida. \n“We've built an algorithm that will actually take an architect's design and populate that with the system very, very precisely,” said Prescient founder John Vanker. “So now we have what I like to call an exact replica of what the build will be when it is completed.\" \nJohn Vanker's technology takes out the guesswork when it comes to materials for framing. This means no more cutting down two-by-fours to fit the frame; instead the framing will come in separate pieces, ready to install and put together. \n“In this building, we’re only bringing to the site exact things we’re going to use and no trash will be going off the site from the framing portion of the building,” Hirst said. \n“It’s really a paradigm shift for the construction industry,” Hirst said. This system fills the gap between wood and concrete or red iron construction.” \nThe framing portion of the building is expected to begin early November. The entire dorm is expected to be completed by August 2016. \nArtist’s rendering of the exterior of the courtyard. \nArtist’s rendering of the pool area. \nArtist’s rendering looking out into courtyard.", "external_links": [], "published": "2015-09-27T19:07:00.000+03:00", "crawled": "2015-09-28T01:33:29.276+03:00", "highlightTitle": ""}