{"organizations": [], "uuid": "767f006a92e6fafee2901a00293921916843e3d2", "thread": {"social": {"gplus": {"shares": 0}, "pinterest": {"shares": 0}, "vk": {"shares": 0}, "linkedin": {"shares": 0}, "facebook": {"likes": 0, "shares": 0, "comments": 0}, "stumbledupon": {"shares": 0}}, "site_full": "www.freshnews.com", "main_image": "", "site_section": "http://freshnews.com//news/technology/feed", "section_title": "FreshNews.com - Technology News", "url": "http://www.freshnews.com/news/1134197/brocade-increases-stock-repurchase-authorization-700m-", "country": "US", "title": "Brocade Increases Stock Repurchase Authorization by $700M", "performance_score": 0, "site": "freshnews.com", "participants_count": 1, "title_full": "Brocade Increases Stock Repurchase Authorization by $700M", "spam_score": 0.0, "site_type": "news", "published": "2015-09-30T15:00:00.000+03:00", "replies_count": 0, "uuid": "767f006a92e6fafee2901a00293921916843e3d2"}, "author": "admin", "url": "http://www.freshnews.com/news/1134197/brocade-increases-stock-repurchase-authorization-700m-", "ord_in_thread": 0, "title": "Brocade Increases Stock Repurchase Authorization by $700M", "locations": [], "entities": {"persons": [], "locations": [], "organizations": []}, "highlightText": "", "language": "english", "persons": [], "text": "Submitted by admin on 9/30/2015 @ 5:00 AM   Brocade \nSAN JOSE, CA -- (Marketwired) -- 09/30/15 -- BROCADE ® (NASDAQ: BRCD) today announced that its Board of Directors has increased the authorization to repurchase its common stock under its existing stock repurchase program by $700 million, bringing the total remaining amount authorized under the program to over $1.0 billion. The timing and amounts of specific purchases will be determined by Brocade from time to time based on Brocade's cash balances, the trading price of Brocade's common stock, general business and market conditions, and other factors, including alternative investment opportunities. \nSince Q2 2011, Brocade has repurchased approximately $1.3 billion worth of its common stock, reducing Brocade's outstanding shares by approximately 13 percent as of August 1, 2015. \nAbout Brocade Brocade (NASDAQ: BRCD) networking solutions help the world's leading organizations transition smoothly to a world where applications and information reside anywhere. ( www.brocade.com ) \nADX, Brocade, Brocade Assurance, the B-wing symbol, DCX, Fabric OS, Fabric Vision, HyperEdge, ICX, MLX, MyBrocade, OpenScript, The Effortless Network, vADX, VCS, VDX, vPlane and Vyatta are registered trademarks of Brocade Communications Systems, Inc., in the United States and/or in other countries. Other brands, products, or service names mentioned may be trademarks of Brocade or others. \n© 2015 Brocade Communications Systems, Inc. All Rights Reserved. Contact:", "external_links": [], "published": "2015-09-30T15:00:00.000+03:00", "crawled": "2015-09-30T15:49:41.486+03:00", "highlightTitle": ""}