{"organizations": [], "uuid": "91ea3549b7d34619abd856b6d94febe05a49edc2", "thread": {"social": {"gplus": {"shares": 0}, "pinterest": {"shares": 0}, "vk": {"shares": 0}, "linkedin": {"shares": 0}, "facebook": {"likes": 0, "shares": 0, "comments": 0}, "stumbledupon": {"shares": 0}}, "site_full": "www.financialexpress.com", "main_image": "http://www.financialexpress.com/wp-content/uploads/2015/09/sensex-s.jpg", "site_section": "http://www.financialexpress.com/section/lifestyle/science/", "section_title": "Science News:Latest Science News,Science News Today,Science and Technology News | The Financial Express", "url": "http://www.financialexpress.com/article/markets/indian-markets/igl-gujarat-gas-gain-after-govt-reduces-natural-gas-price-by-18/143810", "country": "IE", "title": "IGL, Gujarat Gas shares gain after govt reduces natural gas price by 18%", "performance_score": 0, "site": "financialexpress.com", "participants_count": 1, "title_full": "IGL, Gujarat Gas shares gain after govt reduces natural gas price by 18% | The Financial Express", "spam_score": 0.0, "site_type": "news", "published": "2015-09-30T21:11:00.000+03:00", "replies_count": 0, "uuid": "91ea3549b7d34619abd856b6d94febe05a49edc2"}, "author": "financialexpress.com", "url": "http://www.financialexpress.com/article/markets/indian-markets/igl-gujarat-gas-gain-after-govt-reduces-natural-gas-price-by-18/143810", "ord_in_thread": 0, "title": "IGL, Gujarat Gas shares gain after govt reduces natural gas price by 18%", "locations": [], "entities": {"persons": [], "locations": [], "organizations": []}, "highlightText": "", "language": "english", "persons": [], "text": "Other Articles How FIIs reacted to Reserve Bank of India's rate cut of 50 bps Realty, Housing Finance shares continue to cheer RBI rate cut Lanco Infratech shares gain over 19% on debt reduction plans Share price of city gas companies Indraprastha Gas Ltd (IGL) and Gujarat Gas moved northward on Wednesday following reports that the price of natural gas from domestic fields would drop by 18 per cent to $4.24/mBtu from October 1. Till now, the price is $5.18/mBtu.\nIGL gained 3.70 per cent at Rs 478.05 while Gujarat Gas advanced 2.76 per cent at Rs 519.10.\nIGL shares opened at Rs 461.90 and had touched a high and low of Rs 498.40 and Rs 461.90, in trade. Similarly, Gujarat Gas opened at Rs 510 and had touched a high and low of Rs 530 and Rs 505, in trade. Sensex closed 1.46 per cent up at 26,154.83.\nThe price would be valid for the next six months. The price of domestic natural gas is decided based on a formula approved by Narendra Modi -government in October last year, which is linked to global indices.\n“Gas companies like IGL and Gujarat Gas would be beneficiary but its pass on model so if they do not pass full benefit than we could expect margin expansion in 3QFY16,” Emkay Global said in a note.\n 30, 2015 1:11 pm © The Indian Express Online Media Pvt Ltd", "external_links": [], "published": "2015-09-30T21:11:00.000+03:00", "crawled": "2015-09-30T20:11:40.054+03:00", "highlightTitle": ""}