{"organizations": [], "uuid": "2df674dfb309c10d99bdd5732a0286f5213ab2dc", "thread": {"social": {"gplus": {"shares": 0}, "pinterest": {"shares": 0}, "vk": {"shares": 0}, "linkedin": {"shares": 0}, "facebook": {"likes": 0, "shares": 0, "comments": 0}, "stumbledupon": {"shares": 0}}, "site_full": "www.telegraph.co.uk", "main_image": "http://i.telegraph.co.uk/multimedia/archive/03421/instagram_3421084k.jpg", "site_section": "http://www.telegraph.co.uk/technology/news/", "section_title": "Technology News - Telegraph", "url": "http://www.telegraph.co.uk/technology/news/11827747/Instagram-finally-drops-square-picture-rules-to-embrace-rectangular-photos.html", "country": "GB", "title": "Instagram finally drops square picture rules to embrace rectangular photos", "performance_score": 0, "site": "telegraph.co.uk", "participants_count": 2, "title_full": "Instagram finally drops square picture rules to embrace rectangular photos - Telegraph", "spam_score": 0.0, "site_type": "news", "published": "2015-08-28T02:01:00.000+03:00", "replies_count": 1, "uuid": "85a258afc67dfa8aece966eddfd90366810ecfe0"}, "author": "Rhiannon Williams", "url": "http://www.telegraph.co.uk/technology/news/11827747/Instagram-finally-drops-square-picture-rules-to-embrace-rectangular-photos.html#post-0", "ord_in_thread": 0, "title": "Instagram finally drops square picture rules to embrace rectangular photos", "locations": [], "entities": {"persons": [], "locations": [], "organizations": []}, "highlightText": "", "language": "english", "persons": [], "text": " ", "external_links": [], "published": "2015-08-28T02:01:00.000+03:00", "crawled": "2015-09-01T12:54:39.256+03:00", "highlightTitle": ""}