{"organizations": [], "uuid": "f9dc064e55b0ae6097206a19663b29ea8588e521", "thread": {"social": {"gplus": {"shares": 0}, "pinterest": {"shares": 0}, "vk": {"shares": 0}, "linkedin": {"shares": 0}, "facebook": {"likes": 0, "shares": 0, "comments": 0}, "stumbledupon": {"shares": 0}}, "site_full": "www.crutchtech.com", "main_image": "http://rc.feedsportal.com/r/238386517336/u/163/f/645093/c/34938/s/4a3422f2/sc/24/rc/1/rc.img", "site_section": "http://crutchtech.com/?feed=rss2", "section_title": "Crutch Technologies", "url": "http://www.crutchtech.com/2015/09/27/indias-modi-in-facebook-talk-pushes-internet-as-key-way-to-govern/", "country": "US", "title": "India's Modi, in Facebook talk, pushes Internet as key way to govern", "performance_score": 0, "site": "crutchtech.com", "participants_count": 1, "title_full": "India's Modi, in Facebook talk, pushes Internet as key way to govern", "spam_score": 0.0, "site_type": "news", "published": "2015-09-27T20:42:00.000+03:00", "replies_count": 0, "uuid": "f9dc064e55b0ae6097206a19663b29ea8588e521"}, "author": "Chris Kerins", "url": "http://www.crutchtech.com/2015/09/27/indias-modi-in-facebook-talk-pushes-internet-as-key-way-to-govern/", "ord_in_thread": 0, "title": "India's Modi, in Facebook talk, pushes Internet as key way to govern", "locations": [], "entities": {"persons": [], "locations": [], "organizations": []}, "highlightText": "", "language": "english", "persons": [], "text": " ", "external_links": [], "published": "2015-09-27T20:42:00.000+03:00", "crawled": "2015-09-27T20:47:17.044+03:00", "highlightTitle": ""}