{"organizations": [], "uuid": "ad467d477dab48af1f7032878dd700a726af282b", "thread": {"social": {"gplus": {"shares": 0}, "pinterest": {"shares": 0}, "vk": {"shares": 0}, "linkedin": {"shares": 0}, "facebook": {"likes": 0, "shares": 0, "comments": 0}, "stumbledupon": {"shares": 0}}, "site_full": "www.reuters.com", "main_image": "", "site_section": "http://feeds.reuters.com/reuters/technologysectorNews", "section_title": "Reuters: Technology", "url": "http://www.reuters.com/article/2015/09/28/idUSFWN11V01T20150928?feedType=RSS&feedName=technologySector", "country": "US", "title": "BRIEF-Sevenet signs deal with banking company", "performance_score": 0, "site": "reuters.com", "participants_count": 0, "title_full": "BRIEF-Sevenet signs deal with banking company", "spam_score": 0.0, "site_type": "news", "published": "2015-09-28T12:09:00.000+03:00", "replies_count": 0, "uuid": "ad467d477dab48af1f7032878dd700a726af282b"}, "author": "", "url": "http://www.reuters.com/article/2015/09/28/idUSFWN11V01T20150928?feedType=RSS&feedName=technologySector", "ord_in_thread": 0, "title": "BRIEF-Sevenet signs deal with banking company", "locations": [], "entities": {"persons": [], "locations": [], "organizations": []}, "highlightText": "", "language": "english", "persons": [], "text": "BRIEF-Sevenet signs deal with banking company Sept 28 \nSept 28 Sevenet SA : \n* Signs deal with banking company for implementation of Contact Center System and related maintenance services \n* Deal value exceeds 9 million zlotys ($2.4 million) gross Source text for Eikon: Further company coverage: ($1 = 3.7800 zlotys) (Gdynia Newsroom) Trending On Reuters \nFind out what’s in store for our digital-everything lives. > \nThomson Reuters is the world's largest international multimedia news agency, providing investing news , world news , business news , technology news , headline news, small business news , news alerts, personal finance , stock market , and mutual funds information available on Reuters.com, video , mobile , and interactive television platforms. Thomson Reuters journalists are subject to an Editorial Handbook which requires fair presentation and disclosure of relevant interests. \nNYSE and AMEX quotes delayed by at least 20 minutes. Nasdaq delayed by at least 15 minutes. For a complete list of exchanges and delays, please click here .", "external_links": [], "published": "2015-09-28T12:09:00.000+03:00", "crawled": "2015-09-28T16:31:43.872+03:00", "highlightTitle": ""}