{"organizations": [], "uuid": "86a361bed25e70682d4f673719d475db47e15925", "thread": {"social": {"gplus": {"shares": 0}, "pinterest": {"shares": 0}, "vk": {"shares": 0}, "linkedin": {"shares": 0}, "facebook": {"likes": 0, "shares": 0, "comments": 0}, "stumbledupon": {"shares": 0}}, "site_full": "www.businessspectator.com.au", "main_image": "", "site_section": "http://www.businessspectator.com.au/technology", "section_title": "Technology | Business Spectator", "url": "https://www.businessspectator.com.au/news/2015/10/1/property/clearance-rates-drop-september", "country": "US", "title": "Clearance rates drop in September", "performance_score": 0, "site": "businessspectator.com.au", "participants_count": 1, "title_full": "Clearance rates drop in September | Business Spectator", "spam_score": 0.0, "site_type": "news", "published": "2015-10-01T08:28:00.000+03:00", "replies_count": 0, "uuid": "86a361bed25e70682d4f673719d475db47e15925"}, "author": "AAP", "url": "https://www.businessspectator.com.au/news/2015/10/1/property/clearance-rates-drop-september", "ord_in_thread": 0, "title": "Clearance rates drop in September", "locations": [], "entities": {"persons": [], "locations": [], "organizations": []}, "highlightText": "", "language": "english", "persons": [], "text": "The spring auction season has got off to a mixed start, with the proportion of homes sold in September down from 2014.\nLower clearance rates reflect an increase in the number of owners seeking to sell their property, and indicate a greater choice for buyers but a more challenging environment for sellers.\n\"The first month of spring has provided mixed results, with all major capital cities except Adelaide reporting decreases in clearance rates over the month,\" property website Domain's senior economist Andrew Wilson said.\n\"September home auction activity is now generally tracking below last year's September levels.\"\nSydney's clearance rate dropped to 69.9 per cent in September, the lowest rate for the first month of spring since 2012.\nAuction sales in Melbourne had a more modest drop from August, while Brisbane and Canberra's clearance rates suffered sharp falls from the prior month.\nAdelaide's clearance rate of 65.3 per cent was barely higher than 65.2 per cent in August.\nWhile sales rates are lower, prices have either risen or remained steady across capital cities.\n\"Record high volumes of auctions will continue to test capital city markets for the remainder of the year, providing greater competition amongst sellers and more choice for buyers,\" Dr Wilson said.\n\"This is likely to continue putting downward pressure on clearance rates, particularly in Sydney, and to a lesser degree Melbourne.\"", "external_links": [], "published": "2015-10-01T08:28:00.000+03:00", "crawled": "2015-09-30T17:59:29.658+03:00", "highlightTitle": ""}