{"organizations": [], "uuid": "1761eed2ed1abe7bbd89950b94a2edc605126b86", "thread": {"social": {"gplus": {"shares": 0}, "pinterest": {"shares": 0}, "vk": {"shares": 0}, "linkedin": {"shares": 0}, "facebook": {"likes": 0, "shares": 0, "comments": 0}, "stumbledupon": {"shares": 0}}, "site_full": "www.freshnews.com", "main_image": "", "site_section": "http://freshnews.com//news/technology/feed", "section_title": "FreshNews.com - Technology News", "url": "http://www.freshnews.com/news/1133098/sunrise-technologies-announces-addition-revolutionary-bat-circuit-blind-artificial-lig", "country": "US", "title": "Sunrise Technologies Announces the Addition of a Revolutionary Bat Circuit (Blind to Artificial Light) Technology to its LED Dimming Twistlock Photocontrol", "performance_score": 0, "site": "freshnews.com", "participants_count": 1, "title_full": "Sunrise Technologies Announces the Addition of a Revolutionary Bat Circuit (Blind to Artificial Light) Technology to its LED Dimming Twistlock Photocontrol", "spam_score": 0.0, "site_type": "news", "published": "2015-09-28T21:07:00.000+03:00", "replies_count": 0, "uuid": "1761eed2ed1abe7bbd89950b94a2edc605126b86"}, "author": "admin", "url": "http://www.freshnews.com/news/1133098/sunrise-technologies-announces-addition-revolutionary-bat-circuit-blind-artificial-lig", "ord_in_thread": 0, "title": "Sunrise Technologies Announces the Addition of a Revolutionary Bat Circuit (Blind to Artificial Light) Technology to its LED Dimming Twistlock Photocontrol", "locations": [], "entities": {"persons": [], "locations": [], "organizations": []}, "highlightText": "", "language": "english", "persons": [], "text": "  Sunrise Technologies, Inc. \nBOSTON -- (BUSINESS WIRE) -- The Dimulator 3 is an ANSI C136.41 compliant factory programmed twistlock control that has no response to artificial light. Mid-Night dimming activates automatically on installation. No network or utility programming is required. This Smart News Release features multimedia. View the full release here: http://www.businesswire.com/news/home/20150928006457/en/ Sunrise Technologies Dimulator 3. ANSI C136.41 Dimming Photocontrol (Photo: Business Wire) \nThe Sunrise Technologies’ Dimulator 3 with Bat Circuit offers: Twistlock Control that Automatically Dims LED fixtures at Mid-Night. Immunity to artificial Light preventing unwanted fixture turn-off at night. Cycling is eliminated. The energy saving microprocessor dimming circuit automatically de-energizes at dawn. Fault tolerance is achieved through the self-healing automatic re-set (re-boot) at dusk. Bat Circuit using Sunrise Technologies’ unique proprietary features all contribute to extra ordinarily long field life expectancy. \nVance Spillman, Vice President and GM of Sunrise Technologies says, “We have worked tirelessly on developing technology that we feel would be beneficial to anyone deploying outdoor LED lighting.” \nThe Dimulator 3 with Bat Circuit Technology is the latest addition to Sunrise Technologies’ family of control products for LED Streetlighting applications. Sunrise’s other LED Streetlighting Control product applications include network (e.g. IPV6, etc.) compatible wireless monitoring/control/dimming/metering, PC controlled wireless parking lot monitoring/control/dimming, and highly accurate Long Life Dusk to Dawn control. \nAbout Sunrise Technologies, Inc. \nSunrise Technologies is the world’s largest manufacturer of Roadway Lighting Controls. Through product development and acquisitions the high quality photocontrol product brands date back to the 1950s. Products groups also include products used in Municipal Wi-Fi and Wireless Communications Systems for Electric and Water utilities. Sunrise Technologies is a unit of Electro Switch Corp. \nFor more information visit our website, www.sun-tech.biz . View source version on businesswire.com: http://www.businesswire.com/news/home/20150928006457/en/ Copyright © Business Wire 2015", "external_links": [], "published": "2015-09-28T21:07:00.000+03:00", "crawled": "2015-09-28T22:57:41.622+03:00", "highlightTitle": ""}