{"organizations": [], "uuid": "e036dd7fcb7b59a6dd89b7c47c0c3ea01dfcbb0b", "thread": {"social": {"gplus": {"shares": 0}, "pinterest": {"shares": 0}, "vk": {"shares": 0}, "linkedin": {"shares": 0}, "facebook": {"likes": 0, "shares": 0, "comments": 0}, "stumbledupon": {"shares": 0}}, "site_full": "newsr.in", "main_image": "http://cdn.newsserve.net/i/20150918/895-Major-banks-testing-Bitcoin-blockchain-technology.jpg", "site_section": "http://newsr.in/latest/Technology.htm", "section_title": "Technology: newsR", "url": "http://newsr.in/n/Technology/75589dc08/Major-banks-testing-Bitcoin-blockchain-technology.htm", "country": "US", "title": "Major banks testing Bitcoin blockchain technology", "performance_score": 0, "site": "newsr.in", "participants_count": 1, "title_full": "Major banks testing Bitcoin blockchain technology - newsR", "spam_score": 0.0, "site_type": "news", "published": "2015-09-18T03:00:00.000+03:00", "replies_count": 0, "uuid": "e036dd7fcb7b59a6dd89b7c47c0c3ea01dfcbb0b"}, "author": "newsr.in", "url": "http://newsr.in/n/Technology/75589dc08/Major-banks-testing-Bitcoin-blockchain-technology.htm", "ord_in_thread": 0, "title": "Major banks testing Bitcoin blockchain technology", "locations": [], "entities": {"persons": [], "locations": [], "organizations": []}, "highlightText": "", "language": "english", "persons": [], "text": "The Bitcoin virtual currency could be used by some of the world’s biggest banks. Nine banks that include Barclays and Goldman Sachs, are considering adopting the blockchain technology to log who spends which virtual coins. The primary reason why these banks want to use blockchain, is because it is hard to fool it, which makes fraud more difficult. Besides just fraud, the technology can also help banks carry out transactions even faster and also helps make processes more transparent. Right now, the Bitcoin blockchain technology is currently being tested by the financial technology firm R3. The firm has signed up… [Continue Reading] »", "external_links": ["http://cdn.newsserve.net/i/20150918/895-Major-banks-testing-Bitcoin-blockchain-technology.jpg"], "published": "2015-09-18T03:00:00.000+03:00", "crawled": "2015-09-18T19:42:51.367+03:00", "highlightTitle": ""}