{"organizations": [], "uuid": "1b6b1fee13fdd23569272769b2cf7f1914bc8aa2", "thread": {"social": {"gplus": {"shares": 0}, "pinterest": {"shares": 0}, "vk": {"shares": 0}, "linkedin": {"shares": 0}, "facebook": {"likes": 0, "shares": 0, "comments": 0}, "stumbledupon": {"shares": 0}}, "site_full": "news.google.com", "main_image": "https://hbr.org/resources/images/article_assets/2015/09/SEPT15_25_462827724-383x215.jpg", "site_section": "http://news.google.com/news?hl=en&gl=us&q=technology&pws=0&bav=on.2,or.r_gc.r_pw.r_cp.r_qf.&bpcl=38093640&biw=1366&bih=653&um=1&ie=UTF-8&output=rss", "section_title": "technology - Google News", "url": "http://news.google.com/news/url?sa=t&fd=R&ct2=us&usg=AFQjCNHD6lTNk9x1NPJ9NTsvOyyv7E2OEQ&clid=c3a7d30bb8a4878e06b80cf16b898331&ei=VT8HVrj2Co3iaZCjl7gM&url=https://hbr.org/2015/09/technology-should-be-about-more-than-efficiency", "country": "IL", "title": "Technology Should Be About More than Efficiency - blogs.hbr.org (blog)", "performance_score": 0, "site": "google.com", "participants_count": 0, "title_full": "Technology Should Be About More than Efficiency - blogs.hbr.org (blog)", "spam_score": 0.0, "site_type": "news", "published": "2015-09-25T17:45:00.000+03:00", "replies_count": 0, "uuid": "1b6b1fee13fdd23569272769b2cf7f1914bc8aa2"}, "author": "", "url": "http://news.google.com/news/url?sa=t&fd=R&ct2=us&usg=AFQjCNHD6lTNk9x1NPJ9NTsvOyyv7E2OEQ&clid=c3a7d30bb8a4878e06b80cf16b898331&ei=VT8HVrj2Co3iaZCjl7gM&url=https://hbr.org/2015/09/technology-should-be-about-more-than-efficiency", "ord_in_thread": 0, "title": "Technology Should Be About More than Efficiency - blogs.hbr.org (blog)", "locations": [], "entities": {"persons": [], "locations": [], "organizations": []}, "highlightText": "", "language": "english", "persons": [], "text": "Technology Should Be About More than Efficiency Loading... \nWe humans are a paradoxical species. On the one hand, we are uniquely endowed with the power of extraordinary imagination – the ability to see what could be, but has never been. On the other,we are imperfect. We have weaknesses and we make mistakes, lots of them. It is the ability of our imagination to triumph over our imperfections, weaknesses, and mistakes that has driven human progress over the millennia. \nHere’s another paradox: the rise and spread of industrial society was at one level a product of that powerful imagination — and yet that very same society has been on a quest to limit and contain that imagination. Our industrial society embraces scalable efficiency. It thrives on predictability and reliability and views imagination with some ambivalence – yes, it drives innovation, but it also undermines predictability and reliability. Drucker Forum 2015: Managing in the Digital Age This post is one in a series of perspectives by presenters and participants in the 7th Global Drucker Forum. \nAs here’s a third paradox: digital technology has intensified the quest for scalable efficiency and undermined our humanity while at the same time opening up the possibility of a new renaissance of the imagination that can help us recapture our humanity. \nLet me explain. \nDigital technology indeed has a dark side – a dark side that is intrinsic to the technology. The dark side is mounting performance pressure that comes in three different forms – intensified competition, accelerated pace of change, and the increased likelihood of extreme events that disrupt our best laid plans and predictions. It’s a self-reinforcing cycle: extreme events surface in part because we have turned over decision-making to globally connected machines (such as the automated trading algorithms that have made the stock market more volatile) that react more quickly to extreme events, which surface more regularly as global connectivity, platform businesses, and network effects make it far easier to scale initiatives than ever before. \nWe all are experiencing that mounting performance pressure as individuals and institutions. As examples of this mounting pressure, my analysis in the Shift Index shows that return on assets for all public companies in the United States has declined by 75 percent since 1965 and companies that manage to make it into the top quartile of ROA performance topple out of that position at an accelerating rate. \nThe dark side leads to very understandable human psychological reactions. We magnify perception of risk and discount perception of reward. We shorten our time horizons. We tend to adopt a “zero sum” view of the world – it’s a “you win, I lose” world. We therefore find it increasingly difficult to trust each other – just look at all the surveys showing trust deteriorating in all of our major institutions. These natural psychological reactions are in many cases amplified by the isolation that we experience as we begin to interact more with machines than with each other. \nWhile understandable, these psychological reactions are highly dysfunctional, creating a vicious cycle of steadily increasing performance pressure and stress. We tend to become even more conscious of our imperfections, weaknesses, and mistakes and determined to hide them from others, in the fear that they will create vulnerability that others will exploit. In that kind of world, we tend to suppress our imagination and stay within our comfort zone, looking for narrow ways to squeeze out that next increment of performance improvement, hoping that we can at least make it to the next quarter. In other words, we suppress our humanity and look longingly at the efficiency and reliability of the machines around us. We tighten our focus on the computer generated data and analytics that offer the promise of greater efficiency within the world as we know it. \nBut does it have to be that way? The very same technology that is generating this mounting performance pressure also provides us with the platforms and tools to re-awaken our imagination and overcome the cognitive biases that keep us confined within the practices of the past. \nWe can harness the powerful processing power of computers to help us imagine, visualize and explore worlds that go far beyond anything we have experienced to date. We can use sophisticated analytic tools to test and refine what we have imagined so that these new worlds can become even more fertile seedbeds of possibility and potential. We can then harness computing power to imagine and design the products and services that will begin to make these imagined worlds a reality. \nAs our imagination revives, we’ll begin to find ways to compensate for and transcend our imperfections, weaknesses, and mistakes. They are indeed part of being human, and should be acknowledged as challenges that we all face, but they should never be allowed to stand in the way of the imagination that can help us to achieve more and more of our potential. As one example, today we’re able to deploy experimentation platforms that simulate environments and allow us to test new approaches before deploying them in the real world. \nDone right, we can unleash a virtuous cycle. The more we succeed in overcoming our imperfections, weaknesses, and mistakes, the more willing we are to imagine more boldly — and the more boldly we imagine, the more motivation we have to address and overcome our limitations. \nBut the first requirement is to step back and reflect on what makes us uniquely human and what the consequences might be if we surrender our humanity to the mounting performance pressure that we are all experiencing. We need to understand that the choice is ours – that there is nothing inevitable about the trajectory that we are on. If we choose to re-claim our humanity, we can take the very same technology that is squeezing the humanity out of us and re-focus it on ways to reinforce and amplify our humanity. We can create worlds that were previously unimaginable and that will allow our humanity to flourish. \nIf we choose this path, the mounting performance pressure that we experience today can be transformed into excitement as we begin to see the opportunity to create new worlds that open up new potential and possibility. \nIt will be up to us to ultimately determine how we use that digital technology. Will we use it to narrowly squeeze out all inefficiency in the work we do? Or will we use it to catalyze and amplify the imagination that makes us uniquely human and that could identify entirely new avenues to create fundamentally new sources of value? \nThis post is one in a series of perspectives by presenters and participants in the 7th Global Drucker Forum , taking place November 5-6, 2015 in Vienna. The theme: Claiming Our Humanity — Managing in the Digital Age. John Hagel III is Founder and Chairman of the Deloitte Center for the Edge , a research center based in Silicon Valley. A long-time resident of Silicon Valley, he is also a compulsive writer, having written 7 books. His latest, with John Seely Brown and Lang Davison, is The Power of Pull: How Small Moves, Smartly Made, Can Set Big Things in Motion . This article is about CREATIVITY", "external_links": [], "published": "2015-09-25T17:45:00.000+03:00", "crawled": "2015-09-27T04:00:25.785+03:00", "highlightTitle": ""}