{"organizations": [], "uuid": "f39e945cd9556a8b0bdcee8bde071754cf7f6ab3", "thread": {"social": {"gplus": {"shares": 0}, "pinterest": {"shares": 0}, "vk": {"shares": 0}, "linkedin": {"shares": 0}, "facebook": {"likes": 0, "shares": 0, "comments": 0}, "stumbledupon": {"shares": 0}}, "site_full": "www.news24.com", "main_image": "http://cdn.24.co.za/files/Cms/General/d/711/25dad559237d47d2b0b32647947e779b.jpg", "site_section": "http://www.news24.com/", "section_title": "News24, South Africa's premier news source, provides breaking news on national, world, Africa, sport, entertainment, technology &amp; more. ", "url": "http://www.news24.com/SouthAfrica/News/Man-runs-head-on-into-traffic-signal-20150921", "country": "ZA", "title": "Man runs head-on into traffic light", "performance_score": 0, "site": "news24.com", "participants_count": 1, "title_full": "Man runs head-on into traffic light | News24", "spam_score": 0.0, "site_type": "news", "published": "2015-09-22T17:34:00.000+03:00", "replies_count": 0, "uuid": "f39e945cd9556a8b0bdcee8bde071754cf7f6ab3"}, "author": "news24.com", "url": "http://www.news24.com/SouthAfrica/News/Man-runs-head-on-into-traffic-signal-20150921", "ord_in_thread": 0, "title": "Man runs head-on into traffic light", "locations": [], "entities": {"persons": [], "locations": [], "organizations": []}, "highlightText": "", "language": "english", "persons": [], "text": "Pietermaritzburg - A man reportedly ran head-first into a traffic light at a busy intersection on Monday, breaking the metal from the ground and sending it crashing on to a minibus taxi.\nThe incident, which according to a source left the bystanders chuckling, was caught by Safe City cameras.\nAccording to the camera operators who keep watch over the city centre, two men were seen trying to apprehend another man wearing a striped shirt and cap on Church Street at about 07:00 on Monday.\nWith the man tightly held down, the men escorted the unknown man towards Retief Street where an angry group of about 20 people were pointing to him.", "external_links": [], "published": "2015-09-22T17:34:00.000+03:00", "crawled": "2015-09-22T16:19:51.665+03:00", "highlightTitle": ""}