{"organizations": [], "uuid": "0b6a710a6475d9a2eac80ca5e9144912aafdbd01", "thread": {"social": {"gplus": {"shares": 0}, "pinterest": {"shares": 0}, "vk": {"shares": 0}, "linkedin": {"shares": 0}, "facebook": {"likes": 0, "shares": 0, "comments": 0}, "stumbledupon": {"shares": 0}}, "site_full": "www.al.com", "main_image": "http://imgick.al.com/home/bama-media/width620/img/news_impact/photo/18717583-standard.png", "site_section": "http://impact.al.com/technology/atom.xml", "section_title": "Technology Impact - al.com", "url": "http://www.al.com/news/index.ssf/2015/09/how_and_why_to_enable_wi-fi_as.html", "country": "US", "title": "How and why to disable Wi-Fi Assist on Apple's iOS 9", "performance_score": 0, "site": "al.com", "participants_count": 1, "title_full": "How and why to disable Wi-Fi Assist on Apple's iOS 9", "spam_score": 0.0, "site_type": "news", "published": "2015-09-28T18:02:00.000+03:00", "replies_count": 0, "uuid": "0b6a710a6475d9a2eac80ca5e9144912aafdbd01"}, "author": "Leada Gore | lgore@al.com", "url": "http://www.al.com/news/index.ssf/2015/09/how_and_why_to_enable_wi-fi_as.html", "ord_in_thread": 0, "title": "How and why to disable Wi-Fi Assist on Apple's iOS 9", "locations": [], "entities": {"persons": [], "locations": [], "organizations": []}, "highlightText": "", "language": "english", "persons": [], "text": "How and why to disable Wi-Fi Assist on Apple's iOS 9 Apple's new pink (rose gold) iPhone 6S Apple's new iPhone comes in four colors, including pink (rose gold). (Apple event) Comments \nApple's new mobile operating system iOS 9 was unveiled last week with an array of new features. One of those additions, however, could end up being expensive for people with limited data plans. \nThe new \"Wi-Fi Assist\" automatically switches the phones from Wi-Fi to a cell network if the Wi-Fi signal is weak. The new setting, designed to limit buffering while online, is turned on automatically when a phone is updated to iOS 9 but it could lead to people unwittingly using up their data plan when the network switch occurs. \nSo what can you do to avoid the costs? Turn off Wi-Fi Assist in the Mobile Data settings screen. Here's how to do that, from phonearena.com. \n1. Go to settings menu. Once there, tap on cellular 2. Once inside cellular, scroll all the way down to the bottom. Right beneath the apps list, you will see Wi-Fi Assist. It's enabled by default. 3. Flip the Wi-Fi Assist off.Turning the Wi-Fi Assist off should prevent a nasty surprise – at least due to data usage from the switch - at the end of the month. I usually use 1-2GB of mobile data a month, this month I'm up to 7. I suspect iOS 9 wifi assist, anybody else? pic.twitter.com/7T3J0bQf8m", "external_links": [], "published": "2015-09-28T18:02:00.000+03:00", "crawled": "2015-09-28T18:41:00.270+03:00", "highlightTitle": ""}