{"organizations": [], "uuid": "0cac578af80873ad6e4412161d506c94ad749a4c", "thread": {"social": {"gplus": {"shares": 0}, "pinterest": {"shares": 0}, "vk": {"shares": 0}, "linkedin": {"shares": 0}, "facebook": {"likes": 0, "shares": 0, "comments": 0}, "stumbledupon": {"shares": 0}}, "site_full": "www.reuters.com", "main_image": "", "site_section": "http://feeds.reuters.com/reuters/technologysectorNews", "section_title": "Reuters: Technology", "url": "http://www.reuters.com/article/2015/09/22/idUSASN000ACC20150922?feedType=RSS&feedName=technologySector", "country": "US", "title": "BRIEF-Ericsson wins cash suite order", "performance_score": 0, "site": "reuters.com", "participants_count": 0, "title_full": "BRIEF-Ericsson wins cash suite order", "spam_score": 0.0, "site_type": "news", "published": "2015-09-22T13:03:00.000+03:00", "replies_count": 0, "uuid": "0cac578af80873ad6e4412161d506c94ad749a4c"}, "author": "", "url": "http://www.reuters.com/article/2015/09/22/idUSASN000ACC20150922?feedType=RSS&feedName=technologySector", "ord_in_thread": 0, "title": "BRIEF-Ericsson wins cash suite order", "locations": [], "entities": {"persons": [], "locations": [], "organizations": []}, "highlightText": "", "language": "english", "persons": [], "text": "BRIEF-Ericsson wins cash suite order Sept 22 \nSept 22 Telefonaktiebolaget L M Ericsson \n* Ericsson Order to Cash suite consisting of Charging System, Ericsson Multi Mediation and Multi Activation software will be deployed in all MTN networks. \n* Ericsson will also provide Support Services and Managed Services for the suite Source text for Eikon: Further company coverage: (Reporting By Johan Ahlander) Trending On Reuters \nFind out what’s in store for our digital-everything lives. > \nThomson Reuters is the world's largest international multimedia news agency, providing investing news , world news , business news , technology news , headline news, small business news , news alerts, personal finance , stock market , and mutual funds information available on Reuters.com, video , mobile , and interactive television platforms. Thomson Reuters journalists are subject to an Editorial Handbook which requires fair presentation and disclosure of relevant interests. \nNYSE and AMEX quotes delayed by at least 20 minutes. Nasdaq delayed by at least 15 minutes. For a complete list of exchanges and delays, please click here .", "external_links": [], "published": "2015-09-22T13:03:00.000+03:00", "crawled": "2015-09-22T15:37:59.133+03:00", "highlightTitle": ""}