{"organizations": [], "uuid": "db41de5a2aefd28bbf251edbd95c1344e5a0e247", "thread": {"social": {"gplus": {"shares": 0}, "pinterest": {"shares": 0}, "vk": {"shares": 0}, "linkedin": {"shares": 0}, "facebook": {"likes": 0, "shares": 0, "comments": 0}, "stumbledupon": {"shares": 0}}, "site_full": "www.stockhouse.com", "main_image": "", "site_section": "http://www.stockhouse.com/discovery/technology", "section_title": "The Technology Report - Technology investor news and research center ", "url": "http://www.stockhouse.com/news/press-releases/2015/09/28/aethlon-medical-extends-contract-with-the-defense-advanced-research-projects", "country": "US", "title": "Aethlon Medical Extends Contract with the Defense Advanced Research Projects Agency", "performance_score": 0, "site": "stockhouse.com", "participants_count": 1, "title_full": "Aethlon Medical Extends Contract with the Defense Advanced Research Projects Agency", "spam_score": 0.0, "site_type": "news", "published": "2015-09-28T03:00:00.000+03:00", "replies_count": 0, "uuid": "db41de5a2aefd28bbf251edbd95c1344e5a0e247"}, "author": "stockhouse.com", "url": "http://www.stockhouse.com/news/press-releases/2015/09/28/aethlon-medical-extends-contract-with-the-defense-advanced-research-projects", "ord_in_thread": 0, "title": "Aethlon Medical Extends Contract with the Defense Advanced Research Projects Agency", "locations": [], "entities": {"persons": [], "locations": [], "organizations": []}, "highlightText": "", "language": "english", "persons": [], "text": "SAN DIEGO , Sept. 28, 2015 /PRNewswire/ -- Aethlon Medical, Inc. (Nasdaq: AEMD), today announced that it has entered into an extension of its contract with the Defense Advanced Research Projects Agency, or DARPA, part of the Department of Defense. The Company originally entered into the initial DARPA contract on September 30, 2011 . DARPA entered into this contract extension in order to exercise its option to continue the contract for year five, the final year of the contract.\nUnder the DARPA contract, the company has been engaged to develop a therapeutic device to reduce the incidence of sepsis, a fatal bloodstream infection that often results in the death of combat-injured soldiers. The award from the Defense Advanced Research Projects Agency is a fixed-price contract that requires the achievement of multiple, incremental milestones to receive the full award during each year of the contract. The Company has achieved 23 milestones under the contract, which have resulted in revenues of approximately $4,872,000 .\nAbout Aethlon Medical, Inc.\nAethlon Medical creates affinity biofiltration devices to treat life-threatening diseases. Our lead therapeutic candidate is the Aethlon Hemopurifier®, a first-in-class device that targets the rapid elimination of infectious viruses and cancer-promoting exosomes from the circulatory system of treated individuals. U.S. clinical progression of Hemopurifier therapy is being advanced under an FDA approved clinical study. We also provide government contracting services to the Defense Advanced Research Projects Agency related to the development of a biofiltration device to treat sepsis. Additional information can be found online at www.AethlonMedical.com or you can connect with us on Twitter, LinkedIn, Facebook and Google+.\nThis press release contains forward-looking statements within the meaning of Section 27A of the Securities Act of 1933 and Section 21E of the Securities Exchange Act of 1934 that involve risks and uncertainties. Statements containing words such as \"may,\" \"believe,\" \"anticipate,\" \"expect,\" \"intend,\" \"plan,\" \"project,\" \"will,\" \"projections,\" \"estimate,\" or similar expressions constitute forward-looking statements. Such forward-looking statements are subject to significant risks and uncertainties and actual results may differ materially from the results anticipated in the forward-looking statements. Factors that may contribute to such differences include, without limitation, the Company's ability to maintain its listing on the Nasdaq Capital Market, or any other national securities exchange, that the Company or its subsidiary will not be able to commercialize its products, that the FDA will not approve the initiation or continuation of the Company's clinical programs or provide market clearance of the Company's products, the Company's ability to raise capital when needed, the Company's ability to complete the development of its planned products, the Company's ability to manufacture its products either internally or through outside companies, the impact of government regulations, patent protection on the Company's proprietary technology, the ability of the Company to meet the milestones contemplated in its contract with DARPA, product liability exposure, uncertainty of market acceptance, competition, technological change, and other risk factors. The foregoing list of risks and uncertainties is illustrative, but is not exhaustive. Additional factors that could cause results to differ materially from those anticipated in forward-looking statements can be found under the caption \"Risk Factors\" in the Company's Annual Report on Form 10-K for the year ended March 31, 2015 , and in the Company's other filings with the Securities and Exchange Commission. Except as may be required by law, the Company does not intend, nor does it undertake any duty, to update this information to reflect future events or circumstances.\nContacts:\nMike Smargiassi / Brad Edwards\nBrainerd Communicators, Inc\n212-986-6667\n[email protected]\nPhoto - http://photos.prnewswire.com/prnh/20090325/LA88762LOGO-b\nTo view the original version on PR Newswire, visit: http://www.prnewswire.com/news-releases/aethlon-medical-extends-contract-with-the-defense-advanced-research-projects-agency-300149984.html\nSOURCE Aethlon Medical, Inc.\nPR Newswire September 28, 2015 - 2:45 PM EDT Tags: SCIENTIFIC &AMP; TECHNICAL INSTRUMENTS TECHNOLOGY", "external_links": ["http://photos.prnewswire.com/prnvar/20090325/LA88762LOGO-b", "http://www.aethlonmedical.com/", "http://www.prnewswire.com/news-releases/aethlon-medical-extends-contract-with-the-defense-advanced-research-projects-agency-300149984.html", "http://photos.prnewswire.com/prnh/20090325/LA88762LOGO-b", "http://rt.prnewswire.com/rt.gif?NewsItemId=LA13585&Transmission_Id=201509281445PR_NEWS_USPR_____LA13585&DateId=20150928"], "published": "2015-09-28T03:00:00.000+03:00", "crawled": "2015-09-28T22:50:01.513+03:00", "highlightTitle": ""}