{"organizations": [], "uuid": "bd1ac7be159bb59985c3d3a355b80448ab2b72a2", "thread": {"social": {"gplus": {"shares": 0}, "pinterest": {"shares": 0}, "vk": {"shares": 0}, "linkedin": {"shares": 0}, "facebook": {"likes": 0, "shares": 0, "comments": 0}, "stumbledupon": {"shares": 0}}, "site_full": "www.travelmole.com", "main_image": "", "site_section": "http://www.travelmole.com/feeds/18_2.xml", "section_title": "TravelMole Media Group, L.L.C. | UK Travel Technology News", "url": "http://www.travelmole.com/news_feature.php?news_id=2018233", "country": "US", "title": "LOT Polish Airlines latest carrier to take-off with Bitcoin", "performance_score": 0, "site": "travelmole.com", "participants_count": 0, "title_full": "LOT Polish Airlines latest carrier to take-off with Bitcoin", "spam_score": 0.0, "site_type": "news", "published": "2015-08-27T10:45:00.000+03:00", "replies_count": 0, "uuid": "bd1ac7be159bb59985c3d3a355b80448ab2b72a2"}, "author": "", "url": "http://www.travelmole.com/news_feature.php?news_id=2018233", "ord_in_thread": 0, "title": "LOT Polish Airlines latest carrier to take-off with Bitcoin", "locations": [], "entities": {"persons": [], "locations": [], "organizations": []}, "highlightText": "", "language": "english", "persons": [], "text": "Tuesday 01st September 2015 LOT Polish Airlines latest carrier to take-off with Bitcoin \nTravellers heading to Warsaw or Krakow will now be able to fund their travels with digital currency Bitcoin.Star Alliance member LOT Polish Airlines is the latest carrier to adopt Bitcoin payment for flights which will be handled through third party Polish payment platform PSP.Ticket prices will be calculated in appropriate currencies such as dollars, euros or Polish zloty and then converted into Bitcoin through PSP.Transactions can be completed through LOT's desktop or mobile platforms. \"We noticed this potential, which is why we are one of the first airlines in the world to give passengers the possibility of paying with bitcoins,\" said Jiri Marek, LOT executive director for sales and distribution.Despite this, the airline industry has been fairly slow to embrace the Bitcoin economy.Just over a year ago Latvian carrier airBaltic became the world's first airline enabling Bitcoin transactions followed by Mexican carrier TAR Airlines in June.Earlier this year airline payment network UATP, which is jointly owned by several global airlines, partnered with Bitcoin processor Bitnet to offer a Bitcoin payment option for more than 200 of the world's airlines. \nThursday, August 27, 2015", "external_links": [], "published": "2015-08-27T10:45:00.000+03:00", "crawled": "2015-09-01T10:50:52.744+03:00", "highlightTitle": ""}