{"organizations": [], "uuid": "adb96dc710c3e18e92e52b2791aa0978e52f01e1", "thread": {"social": {"gplus": {"shares": 0}, "pinterest": {"shares": 0}, "vk": {"shares": 0}, "linkedin": {"shares": 0}, "facebook": {"likes": 0, "shares": 0, "comments": 0}, "stumbledupon": {"shares": 0}}, "site_full": "www.ibtimes.co.uk", "main_image": "http://d.ibtimes.co.uk/en/full/1461184/htc-one-a9.jpg", "site_section": "http://ibtimes.co.uk//rss/technology", "section_title": "IBTimes.co.uk : Technology", "url": "http://www.ibtimes.co.uk/android-marshmallow-powered-new-htc-one-device-out-20-october-1521832", "country": "US", "title": "Android Marshmallow-powered new HTC One device out on 20 October", "performance_score": 0, "site": "ibtimes.co.uk", "participants_count": 0, "title_full": "Android Marshmallow-powered new HTC One device out on 20 October", "spam_score": 0.0, "site_type": "news", "published": "2015-09-30T15:27:00.000+03:00", "replies_count": 0, "uuid": "adb96dc710c3e18e92e52b2791aa0978e52f01e1"}, "author": "", "url": "http://www.ibtimes.co.uk/android-marshmallow-powered-new-htc-one-device-out-20-october-1521832", "ord_in_thread": 0, "title": "Android Marshmallow-powered new HTC One device out on 20 October", "locations": [], "entities": {"persons": [], "locations": [], "organizations": []}, "highlightText": "", "language": "english", "persons": [], "text": "September 30, 2015 13:27 BST HTC readying for the 20 October event for its first Android Marshmallow device HTC \nGoogle is not the only player in the global smartphone market to bring out Nexus devices powered with its latest and greatest Android version, as HTC has even joined the race. The Taiwanese tech major has just made an announcement about the launch event of its upcoming Android Marshmallow device. \nIt will not be a regular media event, rather a virtual one that will be held here at noon ET. \"On Oct 20 we will introduce our newest HTC One smartphone. This is not your traditional smartphone so we aren't hosting a traditional launch event,\" says the company in an invite. And one more thing... We'll be one of the first to drop a new Marshmallow device. Revealed 10/20 #BeBrilliant pic.twitter.com/RuHxjCA7jk — HTC (@htc) September 29, 2015 \nThe company did not reveal details about the device, just noted that it will be one of the first to introduce an Android Marshmallow device, following Google's launch of Nexus 6P, 5X and Pixel C at the 29 September event in San Francisco. It is widely expected that the event will mark the debut of the long rumoured HTC One A9 handset codenamed the Aero. \nInitially rumoured to be a replacement for One M9, the One A9 seemed to be an upper mid-range handset coming in six different colour variants, such as acid gold, opal silver, deep garnet, carbon gray, rose gold and cast iron. Snapdragon 617 chip set is likely to be the driving force inside the 5in handset, coupled with 2GB RAM. Expect a 13 megapixel rear camera and a four ultrapixel sensor on the front. To know more about it, we will have to wait until the official launch. More about HTC One series", "external_links": [], "published": "2015-09-30T15:27:00.000+03:00", "crawled": "2015-09-30T16:39:29.435+03:00", "highlightTitle": ""}