{"organizations": [], "uuid": "ab0893ebebd65db8066d071af9990bb1b35eef6d", "thread": {"social": {"gplus": {"shares": 0}, "pinterest": {"shares": 0}, "vk": {"shares": 0}, "linkedin": {"shares": 0}, "facebook": {"likes": 0, "shares": 0, "comments": 0}, "stumbledupon": {"shares": 0}}, "site_full": "www.mirror.co.uk", "main_image": "http://i2.mirror.co.uk/incoming/article6479406.ece/ALTERNATES/s1200/Mars.jpg", "site_section": "http://www.mirror.co.uk/news/technology-science/", "section_title": "Technology &amp; Science: news, rumours &amp; reviews - Mirror Online", "url": "http://www.mirror.co.uk/news/technology-science/science/nasa-makes-incredible-mars-discovery-6532150", "country": "US", "title": "NASA makes INCREDIBLE Mars discovery which points to existence of alien life", "performance_score": 0, "site": "mirror.co.uk", "participants_count": 1, "title_full": "NASA makes INCREDIBLE Mars discovery which points to existence of alien life - Mirror Online", "spam_score": 0.0, "site_type": "news", "published": "2015-09-29T00:00:00.000+03:00", "replies_count": 0, "uuid": "ab0893ebebd65db8066d071af9990bb1b35eef6d"}, "author": "Jasper Hamill", "url": "http://www.mirror.co.uk/news/technology-science/science/nasa-makes-incredible-mars-discovery-6532150", "ord_in_thread": 0, "title": "NASA makes INCREDIBLE Mars discovery which points to existence of alien life", "locations": [], "entities": {"persons": [], "locations": [], "organizations": []}, "highlightText": "", "language": "english", "persons": [], "text": "NASA claims to have found evidence of running water on Mars - which could suggest alien lifeforms have lived on the planet.\nIn a study, researchers said flowing liquid water is almost certainly responsible for mysterious features on the surface of the planet that change with the seasons. A Martian life: These pictures suggest water can be found on the Red Planet\nSatellite images have identified narrow streaks, typically less than five metres (16.4 ft) wide, that appear on slopes during warm seasons, lengthen, and then fade when conditions become cooler.\nRead more: Strangest objects spotted on Mars after water find including 'alien scorpions', 'spoon' and a 'dark lady'\nExperts have speculated that water might be involved in the formation of the gully-like features, known as recurring slope lineae (RSL), but only now has evidence supporting the theory come to light.\nNASA/JPL/University of Arizona/PA Satellite images have identified narrow streaks which appear on slopes during warm seasons\nA new high resolution technique has revealed that RSLs at four locations on Mars contain salt minerals that precipitate from briny water.\nThe salts, which are absent from the surrounding terrain, are thought to have been left by water flowing down the sides of hills or crater rims.\nQuote: : \"Water is essential to life as we know it. The presence of liquid water on Mars today has astrobiological, geologic and hydrologic implications and may affect future human exploration.\"\nNASA/JPL/University of Arizona/PA Scientists believe flowing liquid water is almost certainly responsible for mysterious features on Mars\nWatch the NASA press conference on the findings\nVideo loading\nWriting in the journal Nature Geoscience, the scientists led by Phd student Lujendra Ojha, from the Georgia Institute of Technology in Atlanta, US, concluded: \"Our findings strongly support the hypothesis that recurring slope lineae form as a result of contemporary water activity on Mars.\"\nIf confirmed the discovery has major implications for the chances of finding life on Mars, and future human exploration of the Red Planet.\nVIEW GALLERY\nMars is a cold barren desert today but is thought to have been warmer and wetter billions of years ago, with a thicker atmosphere, rivers and oceans.\nMuch of the planet's water is believed to have evaporated into space, but some remains locked in the polar icecaps and possibly in pockets underground.\nThe new research is based on an analysis of spectral data from the American space agency Nasa's Mars Reconnaissance Orbiter spacecraft.\nWill humans ever visit the Red Planet?\nBreaking down reflected light into its different wavelengths provides a chemical \"fingerprint\" of what a substance is made of.\nThe Mars scientists devised a new method that allowed chemical signatures to be extracted from individual image pixels, providing a much higher level of resolution than had been achieved before.\nAt four locations, Palikir Crater, Horowitz Crater, Hale Crater, and Coprates Chasma - a huge Martian canyon - they found evidence of RSL salt deposits. The most common salts were magnesium perchlorate, magnesium chlorate and sodium perchlorate, all of which are consistent with flowing briny water.\nNASA Earth and the Moon, as seen from the surface of Mars\nJust where the water has come from still remains an unsolved mystery.\nTheories include the melting of near-surface ice, absorption from the thin Martian atmosphere, and seasonal discharges from local aquifers, layers of water-bearing rock.\n\"It is conceivable that RSL are forming in different parts of Mars through different formation mechanisms,\" said the scientists.\nNASA/Reuters The Curiosity Rover is on a mission to find water - and life\nDr Joe Michalski, a Mars expert at London's Natural History Museum London, said: \"These results provide strong evidence that salty water occasionally flows on the Martian surface, even today.\n\"We know from the study of extremophiles on Earth that life can not only survive, but thrive in conditions that are hyperarid, very saline or otherwise 'extreme' in comparison to what is habitable to a human. In fact, on Earth, wherever we find water, we find life.\n\"This finding is yet another example of water on Mars, but a hugely important one because it points to environments that could potentially be habitable to certain kinds of bacteria, even today.\"\nPoll loading …\n ", "external_links": ["https://www.facebook.com/DailyMirror", "http://brightcove.vo.llnwd.net/v1/unsecured/media/4221396001/201509/486/4221396001_4514836376001_MARS.jpg?pubId=4221396001", "https://www.facebook.com/MirrorSciTech", "https://twitter.com/jasperhamill", "https://plus.google.com/u/0/+Mirror/posts", "https://twitter.com/MirrorTech"], "published": "2015-09-29T00:00:00.000+03:00", "crawled": "2015-09-28T18:48:56.184+03:00", "highlightTitle": ""}