{"organizations": [], "uuid": "4bd5a3a223d3c8794c433f7e4babd1abfb861cc7", "thread": {"social": {"gplus": {"shares": 0}, "pinterest": {"shares": 0}, "vk": {"shares": 0}, "linkedin": {"shares": 0}, "facebook": {"likes": 0, "shares": 0, "comments": 0}, "stumbledupon": {"shares": 0}}, "site_full": "www.cbs8.com", "main_image": "", "site_section": "http://www.cbs8.com/category/266385/technology-general", "section_title": "Technology Press Releases from PRWeb - CBS News 8 - San Diego, CA News Station - KFMB Channel 8", "url": "http://www.cbs8.com/story/30127013/perth-based-software-development-company-dbsit-announces-new-services-to-finance-sector", "country": "US", "title": "Perth based Software Development Company DBSIT Announces New Services to Finance Sector", "performance_score": 0, "site": "cbs8.com", "participants_count": 1, "title_full": "Perth based Software Development Company DBSIT Announces New Services to Finance Sector - CBS News 8 - San Diego, CA News Station - KFMB Channel 8", "spam_score": 0.0, "site_type": "news", "published": "2015-09-28T02:01:00.000+03:00", "replies_count": 0, "uuid": "4bd5a3a223d3c8794c433f7e4babd1abfb861cc7"}, "author": "cbs8", "url": "http://www.cbs8.com/story/30127013/perth-based-software-development-company-dbsit-announces-new-services-to-finance-sector", "ord_in_thread": 0, "title": "Perth based Software Development Company DBSIT Announces New Services to Finance Sector", "locations": [], "entities": {"persons": [], "locations": [], "organizations": []}, "highlightText": "", "language": "english", "persons": [], "text": "This Perth software company aims to make transitioning to better software and IT solutions an easy process so that businesses can focus on their day-to-day needs. They also ensure that their clients are getting the most bang for their buck, allowing them to update and expand in the future if necessary.\nPerth, Australia (PRWEB) September 28, 2015\nDBSIT is a software development country based in Perth, Western Australia. It has been offering both IT and software development solutions to businesses both in Australia and around the world since 2007, and has announced that it will be offering new services to the finance sector in Australia.\nAustralia's finance sector is sophisticated, and its strong economy and excellent positioning has made it a financial hub in the fastest growing region in the world. However, the sector also faces many new challenges, some of them due to the influence of global markets on the country.\nA new discussion paper by the Climate Institute has pointed out that the finance sector in Australia is unprepared for the potential impacts of climate change. ( http://www.theguardian.com/business/2015/jul/12/australias-finance-sector-heavily-exposed-to-climate-risk-report-says )\nIt also warns of threats to the insurance, superannuation, and banking sectors, and says that although several submissions which made to the financial sector inquiry in 2014 referred to the risk from climate change, the final report failed to mention the issue.\nWith the coal industry struggling as China aims to cut down their coal use, and slaps stricter quality tests on imports, and coal prices down by close to $US60 per tonne, the markets are indeed showing signs of slowing down.\nDBSIT have long been committed to the Finance Sector in Australia, and as the markets naturally rise and fall, many in the sector will take advantage of the lull and use the time wisely. This means updating software, developing IT solutions, and consulting with experts.\nThe finance sector is highly advanced in Australia and needs IT solutions which allow those in the industry to have as much information at their fingertips as possible, without being overloaded by data and hard-to-use systems.\nDBSIT offer these services and are experienced in providing solutions and solving problems for both small and large businesses. This software development company is one which rewards innovation, and consistently offers the best in cutting-edge solutions so that their clients have the best technology at their fingertips.\nThey also focus on ensuring that employees are using software which is dependable, and makes their lives easier every day.\nThis Perth software company aims to make transitioning to better software and IT solutions an easy process so that businesses can focus on their day-to-day needs. They also ensure that their clients are getting the most bang for their buck, allowing them to update and expand in the future if necessary.\nBecause each business has different requirements, DBSIT aim to always use the most innovative approaches to tackle each problem. This ability to think both strategically and creatively has led to them being one of the best software development companies in Australia.\nIf you’re looking for custom software development in Perth , be sure to get in touch with DBSIT, who will revolutionise the way you and your team do business.\n //www.prweb.com/releases/2015/09/prweb12958302.htm\n ", "external_links": ["https://www.dbsitsoftware.com.au/", "http://www.theguardian.com/business/2015/jul/12/australias-finance-sector-heavily-exposed-to-climate-risk-report-says", "https://www.dbsitsoftware.com.au/custom-software-development-perth/", "http://www.prweb.com/releases/2015/09/prweb12958302.htm"], "published": "2015-09-28T02:01:00.000+03:00", "crawled": "2015-09-28T03:24:22.394+03:00", "highlightTitle": ""}