{"organizations": [], "uuid": "5b576e22cf042d9ed6b6785ff88f0ff7d86aeeb0", "thread": {"social": {"gplus": {"shares": 0}, "pinterest": {"shares": 0}, "vk": {"shares": 0}, "linkedin": {"shares": 0}, "facebook": {"likes": 0, "shares": 0, "comments": 0}, "stumbledupon": {"shares": 0}}, "site_full": "www.prbuzz.com", "main_image": "", "site_section": "https://www.prbuzz.com/technology.html", "section_title": "Technology", "url": "https://www.prbuzz.com/technology/349416-discover-the-5-new-rules-to-building-enterprise-apps-that-matter.html", "country": "US", "title": "Discover the 5 New Rules to Building Enterprise Apps That Matter", "performance_score": 0, "site": "prbuzz.com", "participants_count": 1, "title_full": "Discover the 5 New Rules to Building Enterprise Apps That Matter", "spam_score": 0.0, "site_type": "news", "published": "2015-09-28T03:00:00.000+03:00", "replies_count": 0, "uuid": "5b576e22cf042d9ed6b6785ff88f0ff7d86aeeb0"}, "author": "prbuzz.com", "url": "https://www.prbuzz.com/technology/349416-discover-the-5-new-rules-to-building-enterprise-apps-that-matter.html", "ord_in_thread": 0, "title": "Discover the 5 New Rules to Building Enterprise Apps That Matter", "locations": [], "entities": {"persons": [], "locations": [], "organizations": []}, "highlightText": "", "language": "english", "persons": [], "text": "What: Mobile enterprise apps offer the potential to generate billions in new revenue while significantly improving employee productivity and business efficiency. But according to analyst firm IDC, one in every three mobile enterprise apps fall short of expectations due to major challenges with usability, security, maintenance and more. To help companies overcome these barriers, Globo Plc (LSE-AIM: GBO, OTCQX: GOBPY) has identified “ 5 New Rules for Building Enterprise Apps That Matter .”\nIt’s a fresh, provocative take on how enterprises can build apps that increase revenue, maximize productivity, minimize costs and deliver brand-differentiating consumer experiences. In short – how they can create apps that matter.\nGlobo is a global provider of enterprise mobility and mobile application development platforms and services. The company has built apps that matter for household names such as Intel, GE, Procter & Gamble and The Coca-Cola Company. That experience drove the insights shared in “5 New Rules for Building Enterprise Apps That Matter.”\nKey lessons from the new report include:\n· A role-based design strategy is critical for maximizing employee usage. That starts with analyzing workflows to ensure the app provides the data employees need, in the order they need it.\n· Security and compliance can’t be an afterthought. Savvy developers address device and app management, end-to-end encryption, policy-based access control and secure containers from day one of mobile app planning.\n· Future proofing is achievable. Wearables are just one example of how rapidly and dramatically the mobile landscape evolves. How can developers be prepared for new devices, OS version updates and regulation changes? “5 New Rules for Building Enterprise Apps That Matter” has the answer.\nWhen: “ 5 New Rules for Building Enterprise Apps That Matter ” is available immediately for download. It’s part of Globo’s new “Apps That Matter” program to help companies create and revamp their apps to ensure innovative mobile experiences for their consumers, partners, and employees.\nAbout Globo: Globo ( GBO.L ) ( GOBPY ) empowers the mobile enterprise by enabling employees to work and collaborate from anywhere, anytime and by extending the enterprise’s engagement with customers and partners. Globo is unique in offering a complete enterprise mobility solution by merging Enterprise Mobility Management (EMM), Mobile Application Development Platform (MADP) and professional services. Globo solutions cover critical areas for a “Mobile First” enterprise, which are data security, app and device management as well as app design and development. The Group operates internationally in USA, Europe, Middle East and South East Asia, and has achieved worldwide recognition from leading analysts firms like Gartner, IDC and OVUM. For more information visit www.globoplc.com.\nContact:\nLora Wilson/Gabriela Lechin\nGlobal Results Communications\n+1 (949) 608 0276 and g This email address is being protected from spambots. You need JavaScript enabled to view it.", "external_links": ["http://globoplc.com/5-rules-for-apps-that-matter/", "http://finance.yahoo.com/q?s=gbo.l", "http://finance.yahoo.com/q?s=gobpy"], "published": "2015-09-28T03:00:00.000+03:00", "crawled": "2015-09-28T19:18:00.740+03:00", "highlightTitle": ""}