{"organizations": [], "uuid": "d337f773e2e89cc70ed5ebf4d02497fab1dc318c", "thread": {"social": {"gplus": {"shares": 0}, "pinterest": {"shares": 0}, "vk": {"shares": 0}, "linkedin": {"shares": 0}, "facebook": {"likes": 0, "shares": 0, "comments": 0}, "stumbledupon": {"shares": 0}}, "site_full": "www.freshnews.com", "main_image": "", "site_section": "http://freshnews.com//news/technology/feed", "section_title": "FreshNews.com - Technology News", "url": "http://www.freshnews.com/news/1122286/idt-present-upcoming-investor-conferences-new-york", "country": "US", "title": "IDT to Present at Upcoming Investor Conferences in New York", "performance_score": 0, "site": "freshnews.com", "participants_count": 1, "title_full": "IDT to Present at Upcoming Investor Conferences in New York", "spam_score": 0.0, "site_type": "news", "published": "2015-08-31T23:05:00.000+03:00", "replies_count": 0, "uuid": "d337f773e2e89cc70ed5ebf4d02497fab1dc318c"}, "author": "admin", "url": "http://www.freshnews.com/news/1122286/idt-present-upcoming-investor-conferences-new-york", "ord_in_thread": 0, "title": "IDT to Present at Upcoming Investor Conferences in New York", "locations": [], "entities": {"persons": [], "locations": [], "organizations": []}, "highlightText": "", "language": "english", "persons": [], "text": "Companies mentioned in this article: Integrated Device Technology, Inc. \nSAN JOSE, Calif. -- (BUSINESS WIRE) -- Integrated Device Technology, Inc. (IDT ® ) (NASDAQ: IDTI) today announced that members of the senior management team will present to the investment community at the following investor conferences: Citi Global Technology ConferenceDate: Tuesday, September 8, 2015Time: 2:45 pm ETLocation: Hilton New York Hotel, New York, NY Credit Suisse Small & Mid Cap ConferenceDate: Wednesday, September 16, 2015Time: 9:30 am ETLocation: The Waldorf Astoria, New York, NY \nA live audio webcast of the Citi Global Technology Conference presentation will be available on the “Investor Relations” section of IDT’s website at http://ir.idt.com/ . An archived replay of the webcast will be available following the live presentation. The Credit Suisse Small & Mid Cap Conference will not be webcast as the event sponsor is not making a webcast available of this event. \nAbout IDT \nIntegrated Device Technology, Inc. develops system-level solutions that optimize its customers’ applications. IDT uses its market leadership in timing, serial switching and interfaces, and adds analog and system expertise to provide complete application-optimized, mixed-signal solutions for the communications, computing and consumer segments. Headquartered in San Jose, Calif., IDT has design, manufacturing, sales facilities and distribution partners throughout the world. IDT stock is traded on the NASDAQ Global Select Stock Market® under the symbol “ IDTI .” Additional information about IDT is accessible at www.IDT.com . Follow IDT on Facebook , LinkedIn , Twitter , YouTube and Google+ . IDT and the IDT logo are trademarks or registered trademarks of Integrated Device Technology, Inc. All other brands, product names and marks are or may be trademarks or registered trademarks used to identify products or services of their respective owners. View source version on businesswire.com: http://www.businesswire.com/news/home/20150831006006/en/ Copyright © Business Wire 2015", "external_links": [], "published": "2015-08-31T23:05:00.000+03:00", "crawled": "2015-09-01T00:12:46.274+03:00", "highlightTitle": ""}