{"organizations": [], "uuid": "c6e7ab83f6b6e28423a792fd1d0312b8b5d1f65c", "thread": {"social": {"gplus": {"shares": 0}, "pinterest": {"shares": 0}, "vk": {"shares": 0}, "linkedin": {"shares": 0}, "facebook": {"likes": 0, "shares": 0, "comments": 0}, "stumbledupon": {"shares": 0}}, "site_full": "www.news24.com", "main_image": "http://cdn.24.co.za/files/Cms/General/d/710/7777f931610e46399d70a0ecac109b46.jpg", "site_section": "http://www.news24.com/", "section_title": "News24, South Africa's premier news source, provides breaking news on national, world, Africa, sport, entertainment, technology &amp; more. ", "url": "http://www.news24.com/Africa/News/Government-forces-in-Burkina-Faso-storm-holdout-rebel-camp-20150930", "country": "ZA", "title": "Government forces in Burkina Faso storm holdout rebel camp", "performance_score": 0, "site": "news24.com", "participants_count": 1, "title_full": "Government forces in Burkina Faso storm holdout rebel camp | News24", "spam_score": 0.0, "site_type": "news", "published": "2015-09-30T15:39:00.000+03:00", "replies_count": 0, "uuid": "c6e7ab83f6b6e28423a792fd1d0312b8b5d1f65c"}, "author": "news24.com", "url": "http://www.news24.com/Africa/News/Government-forces-in-Burkina-Faso-storm-holdout-rebel-camp-20150930", "ord_in_thread": 0, "title": "Government forces in Burkina Faso storm holdout rebel camp", "locations": [], "entities": {"persons": [], "locations": [], "organizations": []}, "highlightText": "", "language": "english", "persons": [], "text": "Ouagadougou - Government forces in Burkina Faso stormed a camp of holdout rebels who refused to disarm late Tuesday, a news report said.\n\"The rebel elements of the former presidential guard have remained inflexible in their will to defy the Burkinabe people, by refusing to disarm\" despite an agreement on Sunday, the government said in a statement carried by news outlet Burkina24.com.\nIn response, the guards' barracks near the capital \"were liberated by our valiant Defence and Security Forces,\" it said.\nThe presidential guard staged a failed coup two weeks ago.", "external_links": [], "published": "2015-09-30T15:39:00.000+03:00", "crawled": "2015-09-30T14:14:13.435+03:00", "highlightTitle": ""}