{"organizations": ["Umea University"], "uuid": "a37e898db1956e4215f70ae367ebf7c99b35e7b2", "thread": {"social": {"gplus": {"shares": 0}, "pinterest": {"shares": 0}, "vk": {"shares": 0}, "linkedin": {"shares": 0}, "facebook": {"likes": 0, "shares": 0, "comments": 0}, "stumbledupon": {"shares": 0}}, "site_full": "www.eurekalert.org", "main_image": "http://media.eurekalert.org/multimedia_prod/pub/web/100070_web.jpg", "site_section": "http://www.eurekalert.org/rss/technology_engineering.xml", "section_title": "EurekAlert! - Technology, Engineering and Computer Science", "url": "http://www.eurekalert.org/pub_releases/2015-09/uu-oup092815.php", "country": "US", "title": "Opening up product design to the consumer through 3-D printing", "performance_score": 0, "site": "eurekalert.org", "participants_count": 0, "title_full": "Opening up product design to the consumer through 3-D printing", "spam_score": 0.0, "site_type": "news", "published": "2015-09-28T07:00:00.000+03:00", "replies_count": 0, "uuid": "a37e898db1956e4215f70ae367ebf7c99b35e7b2"}, "author": "", "url": "http://www.eurekalert.org/pub_releases/2015-09/uu-oup092815.php", "ord_in_thread": 0, "title": "Opening up product design to the consumer through 3-D printing", "locations": [], "entities": {"persons": [], "locations": [], "organizations": []}, "highlightText": "", "language": "english", "persons": [], "text": "Opening up product design to the consumer through 3-D printing Umea University \nIMAGE: Speaker that grows in a piece of furniture, the shape is generated by an algorithm to suit one's physical space. view more Credit: Umeå University \nThrough the use of 3D printing, product designers can enable the consumer to design their own everyday products thereby creating more meaningful products for people and more value for companies. These are some of the conclusions Guido Hermans draws in his dissertation at Umeå University in Sweden. \n\"The two questions that I have focused on are: How will the roles of the professional designer and the layperson change when the latter engages in the design of personal products? And, how can designers develop digital-physical toolkits for the layperson to collaboratively create value and meaning?\" says Guido Hermans. \nWithin product design there has traditionally been a gap between production and consumption, with distinct roles for the professional designer, who engages in production, and the consumer, who engages in consumption. However, this clear distinction has been blurred recently and the consumer, or layperson, is no longer involved only in consumption, but also in production. \nIn his research, Guido Hermans has investigated a way to open up design to the consumer and how to give this group an active role in the design of everyday products. \n\"This role change implies a shift for the professional designer from knowing what a future user would like to have towards knowing what a layperson would like to design, which is for most designers an unfamiliar way of thinking,\" says Guido Hermans. \nFramework for understanding lay design \nThe new form of lay design is enabled by two developments: On the one hand, the creation of variable designs by using computational design, and on the other hand, the fabrication of variable products with 3D printing. \n\"I specifically investigated how the layperson can be involved in design through the use of so-called digital-physical toolkits, software applications where one designs in a digital environment and which outputs a physical product\", says Guido Hermans. \nGuido Hermans has conducted a series of studies, both analytical and experimental. For the experiments he took a constructive design research approach, which means that he engaged in the making of toolkit and product prototypes. \n\"The main contribution of this research is a framework of lay design that consists of a set of principles and guidelines that enables the professional designer to develop digital-physical toolkits that empower the layperson to engage in the design of everyday products,\" says Guido Hermans. \nThe implications of lay design concern the role of the professional designer, the way value is created, a shared accountability, and also the way designers are educated regarding the tool-sets, skill-sets, mindset, and knowledge. \n\"Lay design constitutes value created by both the professional and lay designer, thereby eliminating the separation of production and consumption,\" says Guido Hermans. \nGuido Hermans has carried out his doctoral level studies at the Umeå Institute of Design, Umeå University. ### \nDisclaimer: AAAS and EurekAlert! are not responsible for the accuracy of news releases posted to EurekAlert! by contributing institutions or for the use of any information through the EurekAlert system.", "external_links": [], "published": "2015-09-28T07:00:00.000+03:00", "crawled": "2015-09-28T21:32:53.759+03:00", "highlightTitle": ""}