{"organizations": [], "uuid": "30a1cd08578eca942578cdac6443dd50671fac48", "thread": {"social": {"gplus": {"shares": 0}, "pinterest": {"shares": 0}, "vk": {"shares": 0}, "linkedin": {"shares": 0}, "facebook": {"likes": 0, "shares": 0, "comments": 0}, "stumbledupon": {"shares": 0}}, "site_full": "www.i360gov.com", "main_image": "", "site_section": "http://feeds.feedburner.com/FederalGovernmentNewsRss-I360Gov", "section_title": "Government Policy, Business and Technology: i360 Gov", "url": "http://www.i360gov.com/government-energy-news/2015/sep/17/administration-balks-at-gop-led-effort-to-lift-oil-export-ban", "country": "US", "title": "Administration balks at GOP-led effort to lift oil export ban", "performance_score": 0, "site": "i360gov.com", "participants_count": 0, "title_full": "Administration balks at GOP-led effort to lift oil export ban", "spam_score": 0.0, "site_type": "news", "published": "2015-09-17T15:15:00.000+03:00", "replies_count": 0, "uuid": "30a1cd08578eca942578cdac6443dd50671fac48"}, "author": "", "url": "http://www.i360gov.com/government-energy-news/2015/sep/17/administration-balks-at-gop-led-effort-to-lift-oil-export-ban", "ord_in_thread": 0, "title": "Administration balks at GOP-led effort to lift oil export ban", "locations": [], "entities": {"persons": [], "locations": [], "organizations": []}, "highlightText": "", "language": "english", "persons": [], "text": "17 Administration balks at GOP-led effort to lift oil export ban \nFuelfix: The Obama administration signaled Tuesday that it would not back legislation to authorize widespread crude exports, as a Republican-led effort to lift decades-old restrictions on foreign oil sales gained steam on Capitol Hill.“This is a policy decision that is made over at the Commerce Department,” White House press secretary Josh Earnest told reporters. “And for that reason, we wouldn’t support legislation like the one that’s been put forward by Republicans.”", "external_links": [], "published": "2015-09-17T15:15:00.000+03:00", "crawled": "2015-09-18T00:41:22.416+03:00", "highlightTitle": ""}