{"organizations": [], "uuid": "7dc38205a7faf6e8b35094e164187d4065da5abd", "thread": {"social": {"gplus": {"shares": 0}, "pinterest": {"shares": 0}, "vk": {"shares": 0}, "linkedin": {"shares": 0}, "facebook": {"likes": 0, "shares": 0, "comments": 0}, "stumbledupon": {"shares": 0}}, "site_full": "www.topix.com", "main_image": "http://64.13.129.136/pics/up-", "site_section": "http://www.topix.com/tech", "section_title": "Science / Technology News » Topix", "url": "http://www.topix.com/tech/2015/09/the-new-microsoft-office-is-here", "country": "US", "title": "The new Microsoft Office is here - KCCI-TV Des Moines", "performance_score": 0, "site": "topix.com", "participants_count": 1, "title_full": "The new Microsoft Office is here - KCCI-TV Des Moines - Discussion on Topix", "spam_score": 0.0, "site_type": "news", "published": "2015-09-22T03:00:00.000+03:00", "replies_count": 0, "uuid": "7dc38205a7faf6e8b35094e164187d4065da5abd"}, "author": "Source: KCCI-TV Des Moines", "url": "http://www.topix.com/tech/2015/09/the-new-microsoft-office-is-here", "ord_in_thread": 0, "title": "The new Microsoft Office is here - KCCI-TV Des Moines", "locations": [], "entities": {"persons": [], "locations": [], "organizations": []}, "highlightText": "", "language": "english", "persons": [], "text": "It is Microsoft's most successful product, but has been stuck in a 90s-era time warp. There are now shinier, more modern ways to get work done, such as Slack, Google Apps and Trello.\n KCCI-TV Des Moines.", "external_links": ["http://www.kcci.com/project-economy/the-new-microsoft-office-is-here/35409844"], "published": "2015-09-22T03:00:00.000+03:00", "crawled": "2015-09-22T19:20:06.188+03:00", "highlightTitle": ""}