{"organizations": [], "uuid": "bc17938d399ce4ea05097427baae865dd04d0909", "thread": {"social": {"gplus": {"shares": 0}, "pinterest": {"shares": 0}, "vk": {"shares": 0}, "linkedin": {"shares": 0}, "facebook": {"likes": 0, "shares": 0, "comments": 0}, "stumbledupon": {"shares": 0}}, "site_full": "www.news24.com", "main_image": "http://cdn.24.co.za/files/Cms/General/d/131/28d9692eda954be0853563e1eadb5167.jpg", "site_section": "http://www.news24.com/", "section_title": "News24, South Africa's premier news source, provides breaking news on national, world, Africa, sport, entertainment, technology &amp; more. ", "url": "http://www.news24.com/Green/News/Shell-scraps-controversial-oil-exploration-in-Alaska-20150928", "country": "ZA", "title": "Shell scraps controversial oil exploration in Alaska", "performance_score": 0, "site": "news24.com", "participants_count": 1, "title_full": "Shell scraps controversial oil exploration in Alaska | News24", "spam_score": 0.0, "site_type": "news", "published": "2015-09-28T18:07:00.000+03:00", "replies_count": 0, "uuid": "bc17938d399ce4ea05097427baae865dd04d0909"}, "author": "news24.com", "url": "http://www.news24.com/Green/News/Shell-scraps-controversial-oil-exploration-in-Alaska-20150928", "ord_in_thread": 0, "title": "Shell scraps controversial oil exploration in Alaska", "locations": [], "entities": {"persons": [], "locations": [], "organizations": []}, "highlightText": "", "language": "english", "persons": [], "text": "London - Anglo-Dutch energy giant Royal Dutch Shell said on Monday it had scrapped its controversial offshore exploration in Alaska after failing to find sufficient quantities of oil and gas.\nShell announced that its Burger J well in the Chukchi Sea, off the northwest coast of Alaska, did not warrant further exploration, adding it would now stop its activities in Alaskan waters.\nThe energy major began drilling in July, two months after US President Barack Obama authorised Arctic oil drilling, a decision that infuriated environmental groups.\n\"Shell has found indications of oil and gas in the Burger J well, but these are not sufficient to warrant further exploration in the Burger prospect,\" the London-listed group said in a statement.", "external_links": [], "published": "2015-09-28T18:07:00.000+03:00", "crawled": "2015-09-28T15:08:09.468+03:00", "highlightTitle": ""}