{"organizations": [], "uuid": "27f7803d4b0db8a7441eab3e3131a05c2fb71c4f", "thread": {"social": {"gplus": {"shares": 0}, "pinterest": {"shares": 0}, "vk": {"shares": 0}, "linkedin": {"shares": 0}, "facebook": {"likes": 0, "shares": 0, "comments": 0}, "stumbledupon": {"shares": 0}}, "site_full": "newsr.in", "main_image": "http://cdn.newsserve.net/i/20150922/1254-Volkswagen-tells-enthusiasts-not-to-wait-for.jpg", "site_section": "http://newsr.in/latest/Technology.htm", "section_title": "Technology: newsR", "url": "http://newsr.in/n/Technology/75589fr8j/Volkswagen-tells-enthusiasts-not-to-wait-for.htm", "country": "US", "title": "Volkswagen tells enthusiasts not to wait for a mid-engined roadster", "performance_score": 0, "site": "newsr.in", "participants_count": 1, "title_full": "Volkswagen tells enthusiasts not to wait for a mid-engined roadster - newsR", "spam_score": 0.0, "site_type": "news", "published": "2015-09-22T03:00:00.000+03:00", "replies_count": 0, "uuid": "27f7803d4b0db8a7441eab3e3131a05c2fb71c4f"}, "author": "newsr.in", "url": "http://newsr.in/n/Technology/75589fr8j/Volkswagen-tells-enthusiasts-not-to-wait-for.htm", "ord_in_thread": 0, "title": "Volkswagen tells enthusiasts not to wait for a mid-engined roadster", "locations": [], "entities": {"persons": [], "locations": [], "organizations": []}, "highlightText": "", "language": "english", "persons": [], "text": "Volkswagen has confirmed the on-again, off-again BlueSport concept has been axed for good because the convertible segment is shrinking. However, the company says that sport-focused versions of existing cars are right around the corner. »", "external_links": ["http://cdn.newsserve.net/i/20150922/1254-Volkswagen-tells-enthusiasts-not-to-wait-for.jpg"], "published": "2015-09-22T03:00:00.000+03:00", "crawled": "2015-09-22T17:33:44.611+03:00", "highlightTitle": ""}