{"organizations": [], "uuid": "e9e9e40cd0559a6ee6041ab137f1cd846e609d42", "thread": {"social": {"gplus": {"shares": 0}, "pinterest": {"shares": 0}, "vk": {"shares": 0}, "linkedin": {"shares": 0}, "facebook": {"likes": 0, "shares": 0, "comments": 0}, "stumbledupon": {"shares": 0}}, "site_full": "timesofindia.indiatimes.com", "main_image": "http://timesofindia.indiatimes.com/photo/49135916.cms", "site_section": "http://timesofindia.indiatimes.com/rssfeeds/5880666.cms", "section_title": "Technology News, Latest Tech News & Reviews | Times of India", "url": "http://timesofindia.indiatimes.com/tech/tech-news/Accenture-to-bring-startup-hub-to-India/articleshow/49135672.cms", "country": "IL", "title": "Accenture to bring startup hub to India -", "performance_score": 0, "site": "indiatimes.com", "participants_count": 1, "title_full": "Accenture to bring startup hub to India - The Times of India", "spam_score": 0.0, "site_type": "news", "published": "2015-09-28T16:09:00.000+03:00", "replies_count": 0, "uuid": "e9e9e40cd0559a6ee6041ab137f1cd846e609d42"}, "author": "timesofindia.indiatimes.com", "url": "http://timesofindia.indiatimes.com/tech/tech-news/Accenture-to-bring-startup-hub-to-India/articleshow/49135672.cms", "ord_in_thread": 0, "title": "Accenture to bring startup hub to India -", "locations": [], "entities": {"persons": [], "locations": [], "organizations": []}, "highlightText": "", "language": "english", "persons": [], "text": "MUMBAI: Accenture is looking at bringing its startup innovation hub concept to India and will continue to work with Indian startups as it expects the country to emerge a source of innovation for the world, a top official said. \n\n\"I would say that it is more than a possibility (placing a startup hub in India). Collaboration with Indian startups is something already being done,\" Gianfranco Casati, group chief executive -- growth markets at Accenture, said. \n\n\"Personally, I would say, that I am very optimistic about India becoming a source of innovation for the world. Potentially, even more disruptive than China,\" he told ET in an exclusive interaction. \n\nThe global consulting and IT giant has innovation hubs centred on new-generation technologies such as Internet of Things (IoT) in Silicon Valley to work with startups and partners. \n\nAccenture already works with Indian startups in its FinTech Innovation Lab in Hong Kong and has given grants to researchers from IIT-Bombay, IIT-Chennai, BITS-Pilani and IISc-Bangalore for research in natural language programming, cognitive learning systems, and dependable software. \n\nWhile the innovation boom in India is still in its early stages, mushrooming startups have raised some concerns for some IT companies who now have to compete with startups for talent at campuses and lose high-performing employees to them. \n\nBut Accenture looks at this differently, said Rekha Menon, the newly-appointed chairman of Accenture India. \n\n\"We are always training our employees — keeping them future-ready and engaged, because the newer generation wants to learn constantly. And we understand that some employees will want to move to startups, and we support that, because that's the in-built risk in hiring top talent. We have also supported startups started by ex-Accenture employees,\" she said. \n\nMenon said the company was training its more than 100,000 strong workforce in India on newer digital technologies, not just to serve global clients, but also to serve the India market. \n\n\"We are already seeing the shift in demand to Accenture's new offerings. We are working with State Bank of India to make them digital, and partnering with Arunachal Pradesh on their digitisation drive. There is states and companies leapfrogging into the digital age,\" Menon said. \n\nAccenture is also working on bringing its 3D printing and IoT solutions to India as part of its growth markets strategy. \n\nDespite volatility in markets such as China and Brazil, Accenture logged double-digit growth in revenues its newer markets for its financial year ended August. \n\nJohn O'Brien, analyst with TechMarket-View, pointed out that Accenture achieved double-digit growth across both consulting and outsourcing services, and across all three main geographies of North America (12%), Europe (10%), and growth markets (11%).  ", "external_links": [], "published": "2015-09-28T16:09:00.000+03:00", "crawled": "2015-09-28T11:58:46.091+03:00", "highlightTitle": ""}