{"organizations": [], "uuid": "b61ae84bf8f877b939483634a1338d9478ec9aab", "thread": {"social": {"gplus": {"shares": 0}, "pinterest": {"shares": 0}, "vk": {"shares": 0}, "linkedin": {"shares": 0}, "facebook": {"likes": 0, "shares": 0, "comments": 0}, "stumbledupon": {"shares": 0}}, "site_full": "www.news24.com", "main_image": "http://cdn.24.co.za/files/Cms/General/d/2659/b8fbbf8865cb46fb8417c02f51377308.jpg", "site_section": "http://www.news24.com/", "section_title": "News24, South Africa's premier news source, provides breaking news on national, world, Africa, sport, entertainment, technology &amp; more. ", "url": "http://www.news24.com/Africa/News/Four-fatal-blasts-in-Maiduguri-20150921", "country": "ZA", "title": "Four fatal blasts in Maiduguri", "performance_score": 0, "site": "news24.com", "participants_count": 1, "title_full": "Four fatal blasts in Maiduguri | News24", "spam_score": 0.0, "site_type": "news", "published": "2015-09-22T02:03:00.000+03:00", "replies_count": 0, "uuid": "b61ae84bf8f877b939483634a1338d9478ec9aab"}, "author": "news24.com", "url": "http://www.news24.com/Africa/News/Four-fatal-blasts-in-Maiduguri-20150921", "ord_in_thread": 0, "title": "Four fatal blasts in Maiduguri", "locations": [], "entities": {"persons": [], "locations": [], "organizations": []}, "highlightText": "", "language": "english", "persons": [], "text": "Maiduguri - At least 54 people were killed in a series of blasts in the northeast Nigerian city of Maiduguri, police said on Monday, the latest attacks by Boko Haram militants on \"soft\" civilian targets.\nThe attacks targeted the Ajilari Cross evening market area and neighbouring Gomari, hitting worshippers at a mosque and football fans watching a televised match.\nThe army and rescuers said the explosions were caused by home made devices but one local and the police said a female suicide bomber also blew herself up.\n\"Fifty-four persons died while 90 others were injured,\" Borno state police spokesman Victor Isuku told reporters.", "external_links": [], "published": "2015-09-22T02:03:00.000+03:00", "crawled": "2015-09-21T20:05:03.113+03:00", "highlightTitle": ""}