{"organizations": [], "uuid": "344acaae420cd797442ab2947cb79f1342624dca", "thread": {"social": {"gplus": {"shares": 0}, "pinterest": {"shares": 0}, "vk": {"shares": 0}, "linkedin": {"shares": 0}, "facebook": {"likes": 0, "shares": 0, "comments": 0}, "stumbledupon": {"shares": 0}}, "site_full": "www.freshnews.com", "main_image": "", "site_section": "http://freshnews.com/news/technology/feed", "section_title": "FreshNews.com - Technology News", "url": "http://www.freshnews.com/news/1132801/genius-project-v8-0-release-the-next-generation-user-centered-interface-", "country": "US", "title": "Genius Project V8.0 Release: The Next Generation of User-Centered Interface", "performance_score": 0, "site": "freshnews.com", "participants_count": 1, "title_full": "Genius Project V8.0 Release: The Next Generation of User-Centered Interface", "spam_score": 0.0, "site_type": "news", "published": "2015-09-28T16:00:00.000+03:00", "replies_count": 0, "uuid": "344acaae420cd797442ab2947cb79f1342624dca"}, "author": "admin", "url": "http://www.freshnews.com/news/1132801/genius-project-v8-0-release-the-next-generation-user-centered-interface-", "ord_in_thread": 0, "title": "Genius Project V8.0 Release: The Next Generation of User-Centered Interface", "locations": [], "entities": {"persons": [], "locations": [], "organizations": []}, "highlightText": "", "language": "english", "persons": [], "text": "Submitted by admin on 9/28/2015 @ 6:00 AM   Genius Project \nMONTREAL, QC -- (Marketwired) -- 09/28/15 -- Earlier today, Genius Project released Version 8.0 http://www.geniusproject.com/whats-new-version-80 of its project and portfolio management (PPM) software revealing its advanced user interface and powerful enhancements. \nThe new Genius Project interface has simplified its navigation, for a streamlined aesthetic. The interface strikes the perfect balance between concision and clarity, so that users can easily navigate the program without being bombarded by unnecessary information. The software has been optimized for efficiency and responsiveness in an effort to continuously support their clients in achieving the highest project success rates. \nGenius Project 8.0 will also deliver the following: New user interface with a centralized \"Create\" button Editable multi-project Gantt chart Project creation without a wizard Ability to import resources, unavailability and public holidays from a csv file New additional field types for computed and values range (with a slider) Scheduled view export can now also be done daily, weekly or monthly Additional fields defined for the resource document automatically propagated to \"My profile\" Possibility to define more coloration rules in configurable views New \"Generic documents - Configurable view\" to display the additional fields created for generic document types Automatic time recording of unavailabilities Two-stage timesheet approval And much more \nGenius Project is a highly flexible and configurable enterprise project management software that is designed to adapt to an organization's business processes. \nAbout Genius Project \nGenius Project was founded in 1997 to address a need for project management software. With offices in Europe and North America and supported by a global network of resellers, Genius Project now has over 93,000 end users and over 1,050 customers worldwide. During its 15 year history, Genius Project has been a recognized IBM Partner since its founding and has received numerous certifications and awards. \nTo learn more about Genius Project, visit: \nOn the Web: https://www.geniusproject.com PM box Project Management Blog: https://www.geniusproject.com/blog On Twitter: @GeniusProject", "external_links": [], "published": "2015-09-28T16:00:00.000+03:00", "crawled": "2015-09-28T16:36:29.611+03:00", "highlightTitle": ""}