{"organizations": [], "uuid": "174d4d644eb307c200b1acd954d6e23a1f1a75ae", "thread": {"social": {"gplus": {"shares": 0}, "pinterest": {"shares": 0}, "vk": {"shares": 0}, "linkedin": {"shares": 0}, "facebook": {"likes": 0, "shares": 0, "comments": 0}, "stumbledupon": {"shares": 0}}, "site_full": "phys.org", "main_image": "http://cdn.phys.org/tmpl/v5/img/phys_308px.png", "site_section": "http://phys.org/xml-feed/technology-news/computer-sciences/", "section_title": "Computer Science News | Technology News | Computer Science Technology | Computer Sciences", "url": "http://phys.org/news/2015-09-algorithm-cameras-d-reconstructions.html", "country": "US", "title": "Algorithm finds best places to put cameras for 3-D reconstructions", "performance_score": 0, "site": "phys.org", "participants_count": 0, "title_full": "Algorithm finds best places to put cameras for 3-D reconstructions", "spam_score": 0.0, "site_type": "news", "published": "2015-09-28T17:23:00.000+03:00", "replies_count": 0, "uuid": "174d4d644eb307c200b1acd954d6e23a1f1a75ae"}, "author": "", "url": "http://phys.org/news/2015-09-algorithm-cameras-d-reconstructions.html", "ord_in_thread": 0, "title": "Algorithm finds best places to put cameras for 3-D reconstructions", "locations": [], "entities": {"persons": [], "locations": [], "organizations": []}, "highlightText": "", "language": "english", "persons": [], "text": "Algorithm finds best places to put cameras for 3-D reconstructions September 28, 2015 \nAn online algorithm devised by Disney Research enables filmmakers to determine the optimal number and location of cameras for capturing a given scene, enabling them to amass the data that they increasingly want and need during post-production. \nWith sufficient information about the billions of light rays emanating from a scene, for instance, filmmakers can use computational techniques to relight the set virtually, to generate new viewpoints and to digitally recover the detailed 3-D shapes and layout of a scene, or even of an actor's face. \nBut knowing where to place cameras can be tricky, said Changil Kim, a Ph.D. student in computer graphics at Disney Research and ETH Zurich. If cameras are few and far between, the chances that a location will be blocked by an object in the foreground are increased. And if cameras are too close together, the differences in successive views can become too tiny to provide any value or useful information. \n\"To solve this, we focused on the problem of automatic online view-sampling, where each new view results in the best possible additional shape reconstruction incrementally,\" Kim said. At each iteration, the algorithm he and his colleagues developed adds a camera view and calculates a depth map of a scene; this process continues until the last camera view added results in a negligible improvement. \nIf there is a limit on the number of cameras available, the algorithm can stop at that number, providing an optimal spacing and placement of that number of cameras. \nThe Disney researchers presented their findings at the International Conference on Image Processing (ICIP 2015) in Quebec City. Conference organizers have recognized their report as among the top 10 percent of papers being presented this year. \nThe researchers compared their new method with regular sampling on both synthetic and real scenes and showed they could recover high quality detail with fewer than half the number of cameras required for regular sampling. \n\"Our online sampling analysis considers the statistics of the very scene being captured and thus results in a significant win over dense, arbitrarily or regularly placed cameras,\" said Kenny Mitchell, a senior research scientist at Disney Research. 2 hours ago 0 Disney researchers reconstruct detailed 3D scenes from hundreds of high-resolution 2D images July 19, 2013 \nInvestigators at Disney Research, Zürich have developed a method for using hundreds of photographic images to build 3D computer models of complex, real-life scenes that meet the increasing demands of today's movie, TV and ... New method automatically edits footage from cameras into coherent videos August 8, 2014 \nVideo cameras that people wear to record daily activities are creating a novel form of creative and informative media. But this footage also poses a challenge: how to expeditiously edit hours of raw video into something watchable. ... Robotic camera mimics human operators to anticipate basketball game action January 7, 2015 \nAutomated cameras make it possible to broadcast even minor events, but the result often looks...well, robotic. Now scientists at Disney Research have made it possible for robotic cameras to learn from human operators how ... Algorithm combines videos from unstructured camera arrays into panoramas May 4, 2015 \nEven non-professionals may someday be able to create high-quality video panoramas using multiple cameras with the help of an algorithm developed by a team of Disney researchers. Researchers leverage redundancy in casually shot videos to enable scene-space effects August 5, 2015 \nThe same sort of video processing effects that usually require video to be shot in controlled environments where 3-D positions of cameras and objects are precisely known can be achieved with real-world, handheld video shot ... Depth-sensing camera gleans 3-D information in bright sunlight as well as darkness August 10, 2015 \nDepth-sensing cameras, such as Microsoft's Kinect controller for video games, have become widely used 3-D sensors. Now, a new imaging technology invented by Carnegie Mellon University and the University of Toronto addresses ... Recommended for you New tech automatically 'tunes' powered prosthetics while walking September 28, 2015 \nWhen amputees receive powered prosthetic legs, the power of the prosthetic limbs needs to be tuned by a prosthetics expert so that a patient can move normally - but the prosthetic often needs repeated re-tuning. Biomedical ... A light touch: Embedded optical sensors could make robotic hands more dexterous September 28, 2015 \nOptical sensors may be uniquely suited for use in robotic hands, according to Carnegie Mellon University researchers who have developed a three-fingered soft robotic hand with multiple embedded fiber optic sensors. They also ... New technique could make cement manufacturing carbon-neutral September 28, 2015 \nConcrete surrounds us in our cities and stretches across the land in a vast network of highways. It's so ubiquitous that most of us take it for granted, but many aren't aware that concrete's key ingredient, ordinary portland ... Research finds automated voice imitation can fool humans and machines September 28, 2015 \nUniversity of Alabama at Birmingham researchers have found that automated and human verification for voice-based user authentication systems are vulnerable to voice impersonation attacks. This new research is being presented ... A folding robot weighing four grams that crawls and jumps September 28, 2015 \nResearchers at EPFL have come up with a folding, reconfigurable robot that is capable of crawling and jumping. Modelled on the inchworm, it represents a new paradigm in robotics. A rechargeable battery to power a home from rooftop solar panels September 24, 2015 \nA team of Harvard scientists and engineers has demonstrated a rechargeable battery that could make storage of electricity from intermittent energy sources like solar and wind safe and cost-effective for both residential and ...", "external_links": [], "published": "2015-09-28T17:23:00.000+03:00", "crawled": "2015-09-28T18:35:49.458+03:00", "highlightTitle": ""}