{"organizations": [], "uuid": "47a55a28bf6966c113c7720cffe0f36c319dc626", "thread": {"social": {"gplus": {"shares": 0}, "pinterest": {"shares": 0}, "vk": {"shares": 0}, "linkedin": {"shares": 0}, "facebook": {"likes": 0, "shares": 0, "comments": 0}, "stumbledupon": {"shares": 0}}, "site_full": "newsr.in", "main_image": "http://cdn.newsserve.net/i/20150928/3133-BlackBerry-CEO-attempts-to-show-off-Priv-Android.jpg", "site_section": "http://newsr.in/latest/Technology.htm", "section_title": "Technology: newsR", "url": "http://newsr.in/n/Technology/75589lcb6/BlackBerry-CEO-attempts-to-show-off-Priv-Android.htm", "country": "US", "title": "BlackBerry CEO attempts to show off Priv Android phone, fails awkwardly - newsR", "performance_score": 0, "site": "newsr.in", "participants_count": 1, "title_full": "BlackBerry CEO attempts to show off Priv Android phone, fails awkwardly - newsR", "spam_score": 0.0, "site_type": "news", "published": "2015-09-28T03:00:00.000+03:00", "replies_count": 0, "uuid": "47a55a28bf6966c113c7720cffe0f36c319dc626"}, "author": "newsr.in", "url": "http://newsr.in/n/Technology/75589lcb6/BlackBerry-CEO-attempts-to-show-off-Priv-Android.htm", "ord_in_thread": 0, "title": "BlackBerry CEO attempts to show off Priv Android phone, fails awkwardly - newsR", "locations": [], "entities": {"persons": [], "locations": [], "organizations": []}, "highlightText": "", "language": "english", "persons": [], "text": "In case you hadn’t heard, BlackBerry has been working on their first smartphone that doesn’t run their own operating system. What OS does it run, you ask? Google, according to CEO John Chen. […] »", "external_links": ["http://cdn.newsserve.net/i/20150928/3133-BlackBerry-CEO-attempts-to-show-off-Priv-Android.jpg"], "published": "2015-09-28T03:00:00.000+03:00", "crawled": "2015-09-28T17:48:01.890+03:00", "highlightTitle": ""}