{"organizations": ["Associated Press", "Apple"], "uuid": "272582eeb06ed887e920a9bec05165fbf5576aeb", "thread": {"social": {"gplus": {"shares": 0}, "pinterest": {"shares": 0}, "vk": {"shares": 0}, "linkedin": {"shares": 0}, "facebook": {"likes": 0, "shares": 0, "comments": 0}, "stumbledupon": {"shares": 0}}, "site_full": "mynorthwest.com", "main_image": "http://mynorthwest.com/emedia/seattle/13/1379/137935.jpg", "site_section": "http://www.mynorthwest.com/xml/23.xml", "section_title": "MyNorthwest.com - Technology", "url": "http://mynorthwest.com/23/2817745/Apple-sells-13-million-new-iPhones-in-3-days", "country": "US", "title": "Apple sells 13 million new iPhones in 3 days", "performance_score": 0, "site": "mynorthwest.com", "participants_count": 0, "title_full": "Apple sells 13 million new iPhones in 3 days", "spam_score": 0.0, "site_type": "news", "published": "2015-09-28T17:37:00.000+03:00", "replies_count": 0, "uuid": "272582eeb06ed887e920a9bec05165fbf5576aeb"}, "author": "", "url": "http://mynorthwest.com/23/2817745/Apple-sells-13-million-new-iPhones-in-3-days", "ord_in_thread": 0, "title": "Apple sells 13 million new iPhones in 3 days", "locations": [], "entities": {"persons": [], "locations": [], "organizations": []}, "highlightText": "", "language": "english", "persons": [], "text": "Apple sells 13 million new iPhones in 3 days By Associated Press | September 28, 2015 @ 6:37 am Share \nNEW YORK (AP) -- Apple says it sold 13 million iPhone 6s and 6s Plus phones in the three days since its iPhone launch, topping last year's early sales mark. \nApple sold 10 million IPhone 6 and 6 Plus models during their first weekend last year. This year's results include sales in China which was included in the initial launch for the first time. \nApple said previously that preorders were so strong that it expected to surpass last year's record. \nThe new models have more memory and faster processors, along with a new 12 mega-pixel camera and starts at $649. Apple and wireless service providers are also offering leasing and monthly installment plans. \nCupertino, California-based Apple Inc. says the phones will be available in 40 additional countries beginning Oct. 9 including Italy, Mexico, Russia, Spain and Taiwan. \nCopyright © The Associated Press. All rights reserved. This material may not be published, broadcast, rewritten or redistributed.", "external_links": [], "published": "2015-09-28T17:37:00.000+03:00", "crawled": "2015-09-28T16:50:26.696+03:00", "highlightTitle": ""}