{"organizations": [], "uuid": "e4c42e2eacfab44c1695a7dd6c6154d92d784300", "thread": {"social": {"gplus": {"shares": 0}, "pinterest": {"shares": 0}, "vk": {"shares": 0}, "linkedin": {"shares": 0}, "facebook": {"likes": 0, "shares": 0, "comments": 0}, "stumbledupon": {"shares": 0}}, "site_full": "www.crutchtech.com", "main_image": "http://rc.feedsportal.com/r/238386490779/u/89/f/645093/c/34938/s/4a3126ef/sc/14/rc/1/rc.img", "site_section": "http://crutchtech.com/?feed=rss2", "section_title": "Crutch Technologies", "url": "http://www.crutchtech.com/2015/09/26/the-fashion-item-that-reacts-when-someone-looks-at-it/", "country": "US", "title": "The fashion item that reacts when someone looks at it", "performance_score": 0, "site": "crutchtech.com", "participants_count": 1, "title_full": "The fashion item that reacts when someone looks at it", "spam_score": 0.0, "site_type": "news", "published": "2015-09-27T02:35:00.000+03:00", "replies_count": 0, "uuid": "e4c42e2eacfab44c1695a7dd6c6154d92d784300"}, "author": "Chris Kerins", "url": "http://www.crutchtech.com/2015/09/26/the-fashion-item-that-reacts-when-someone-looks-at-it/", "ord_in_thread": 0, "title": "The fashion item that reacts when someone looks at it", "locations": [], "entities": {"persons": [], "locations": [], "organizations": []}, "highlightText": "", "language": "english", "persons": [], "text": " ", "external_links": [], "published": "2015-09-27T02:35:00.000+03:00", "crawled": "2015-09-27T06:27:36.082+03:00", "highlightTitle": ""}