{"organizations": [], "uuid": "452aebc77a564fea509c00e23c7a1c044d47fa4e", "thread": {"social": {"gplus": {"shares": 0}, "pinterest": {"shares": 0}, "vk": {"shares": 0}, "linkedin": {"shares": 0}, "facebook": {"likes": 0, "shares": 0, "comments": 0}, "stumbledupon": {"shares": 0}}, "site_full": "www.dailyamerican.com", "main_image": "http://bloximages.newyork1.vip.townnews.com/dailyamerican.com/content/tncms/assets/v3/editorial/2/7f/27f38ed1-e111-5c7e-bf3b-0a3115fc378a/560bb2d4a843f.image.jpg", "site_section": "http://www.dailyamerican.com/search/?q=&t=article&l=25&d=&d1=&d2=&s=start_time&sd=desc&c[]=life/technology*&f=rss", "section_title": "Daily American - life/technology", "url": "http://www.dailyamerican.com/life/technology/uber-trial-starts-in-france-with-executives-charged/article_646d4566-fcf9-5b82-ad8f-e23b5ffd48f3.html", "country": "US", "title": "Uber trial starts in France with 2 executives charged", "performance_score": 0, "site": "dailyamerican.com", "participants_count": 1, "title_full": "Uber trial starts in France with 2 executives charged", "spam_score": 0.0, "site_type": "news", "published": "2015-09-30T12:42:00.000+03:00", "replies_count": 0, "uuid": "452aebc77a564fea509c00e23c7a1c044d47fa4e"}, "author": "LORI HINNANT", "url": "http://www.dailyamerican.com/life/technology/uber-trial-starts-in-france-with-executives-charged/article_646d4566-fcf9-5b82-ad8f-e23b5ffd48f3.html", "ord_in_thread": 0, "title": "Uber trial starts in France with 2 executives charged", "locations": [], "entities": {"persons": [], "locations": [], "organizations": []}, "highlightText": "", "language": "english", "persons": [], "text": "Michel Euler Uber trial starts in France with 2 executives charged \nPierre-Dimitri Gore-Coty, general manager for western Europe of California-based Uber, left, and Thibaud Simphal, manager of Uber France, right arrive at the court house in Paris, France, Wednesday, Sept. 30, 2015. Two Uber executives are facing the possibility of prison in a trial hinging on the ride-hailing service's outlawed low-cost service. The trial Wednesday of Pierre-Dimitri Gore-Coty and Thibaud Simphal, comes a week after France's top constitutional authority upheld a 2014 law banning the low-cost UberPop service, which allowed any driver to act as a taxi. Uber's standard app-based service remains legal in France. (AP Photo/Michel Euler) Michel Euler Uber trial starts in France with 2 executives charged \nThibaud Simphal, manager for France of California-based Uber, arrives at the court house in Paris, France, Wednesday, Sept. 30, 2015. Two Uber executives are facing the possibility of prison in a trial hinging on the ride-hailing service's outlawed low-cost service. The trial Wednesday of Pierre-Dimitri Gore-Coty and Thibaud Simphal, comes a week after France's top constitutional authority upheld a 2014 law banning the low-cost UberPop service, which allowed any driver to act as a taxi. Uber's standard app-based service remains legal in France. (AP Photo/Michel Euler) Michel Euler Uber trial starts in France with 2 executives charged \nPierre-Dimitri Gore-Coty, general manager for western Europe of California-based Uber, arrives at the court house in Paris, France, Wednesday, Sept. 30, 2015. Two Uber executives are facing the possibility of prison in a trial hinging on the ride-hailing service's outlawed low-cost service. The trial Wednesday of Pierre-Dimitri Gore-Coty and Thibaud Simphal, comes a week after France's top constitutional authority upheld a 2014 law banning the low-cost UberPop service, which allowed any driver to act as a taxi. Uber's standard app-based service remains legal in France. (AP Photo/Michel Euler) Posted: Wednesday, September 30, 2015 5:42 am | Updated: 8:00 am, Wed Sep 30, 2015. Uber trial starts in France with 2 executives charged Associated Press | 0 comments \nPARIS (AP) — Two European Uber executives are facing the possibility of prison in a French trial hinging on the ride-hailing service's lowest-cost service. \nWhile that service has already been banned in France, the trial that started Wednesday reflects larger tensions in Europe about how to regulate new technologies that offer consumers greater options but threaten traditional industries. kAm%96 EC:2= 4@>6D 2 H66< 27E6C uC2?46VD E@A 4@?DE:EFE:@?2= 2FE9@C:EJ FA96=5 2 a_`c =2H 32??:?8 E96 =@H\\4@DE &36C!@A D6CG:46[ H9:49 2==@H65 2?J 5C:G6C H:E9@FE 2 AC@76DD:@?2= =:46?D6 E@ 5C:G6 A2DD6?86CD 2C@F?5 7@C 2 766] &36CVD DE2?52C5 2AA\\32D65 D6CG:46[ H9:49 :?G@=G6D C68:DE6C65 5C:G6CD[ C6>2:?D =682= :? uC2?46]k^Am kAm&36C uC2?46 49:67 %9:32F5 $:>A92= 2?5 :ED 86?6C2= >2?286C 7@C (6DE6C? tFC@A6[ !:6CC6\\s:>:EC: v@C6\\r@EJ[ 7246 FA E@ EH@ J62CD :? AC:D@? 2?5 7:?6D @7 b__[___ 6FC@D WSbbf[___X] %96J H6C6 3C:67=J 56E2:?65 62C=:6C E9:D J62C[ 2?5 @C56C65 E@ DE2?5 EC:2= @? 3692=7 @7 E96 $2? uC2?4:D4@\\32D65 4@>A2?J @? 492C86D :?4=F5:?8 Q5646AE:G6 4@>>6C4:2= AC24E:46DQ 2?5 4@>A=:4:EJ :? :==682= 24E:G:E:6D]k^Am kAm%96 EC:2= :D 6IA64E65 E@ =2DE 2 52J[ 3FE 2 G6C5:4E H@?VE 36 2??@F?465 F?E:= 2 =2E6C 52E6]k^Am kAm&36C :D F?56C :?4C62D:?8 AC6DDFC6 E@ H@C< H:E9 D<6AE:42= tFC@A62? 8@G6C?>6?ED] xE :D 32??65 6?E:C6=J :? $A2:? 2?5 xE2=J[ 3FE uC6?49 =2H>2<6CD D2J E96J F?56CDE2?5 E96 56>2?5 7@C DF49 D6CG:46D]k^Am kAmsFC:?8 AC@E6DED :? uC2?46 E9:D DF>>6C[ E2I: 5C:G6CD :?7FC:2E65 3J &36C 4@>A6E:E:@? D>2D965 =:G6CJ 42CD 2?5 D6E E:C6D 23=2K6] &36C 42==D E96 uC6?49 DJDE6> @FE52E65 2?5 D2JD :E ?665D C67@C> E@ <66A FA H:E9 E649?@=@8:42= 492?86D]k^Am kAm&36C %649?@=@8:6D x?4] 92D CF? :?E@ =682= AC@3=6>D 6=D6H96C6 :? tFC@A6[ 2D H6== 2D :? r9:?2 2?5 x?5:2]k^Am © 2015 The Associated Press. All rights reserved. This material may not be published, broadcast, rewritten or redistributed. Subscription Required An online service is needed to view this article in its entirety. You need an online service to view this article in its entirety. Have an online subscription?", "external_links": [], "published": "2015-09-30T12:42:00.000+03:00", "crawled": "2015-09-30T16:11:20.288+03:00", "highlightTitle": ""}