{"organizations": [], "uuid": "a2f432da02f01646fdf9c0d7a2277625bef71d50", "thread": {"social": {"gplus": {"shares": 0}, "pinterest": {"shares": 0}, "vk": {"shares": 0}, "linkedin": {"shares": 0}, "facebook": {"likes": 0, "shares": 0, "comments": 0}, "stumbledupon": {"shares": 0}}, "site_full": "www.reuters.com", "main_image": "", "site_section": "http://feeds.reuters.com/reuters/technologysectorNews\r", "section_title": "Reuters: Technology", "url": "http://www.reuters.com/article/2015/09/22/idUSFWN11S01H20150922?feedType=RSS&feedName=technologySector", "country": "US", "title": "BRIEF-Alcatel-Lucent provides TIM with record distance microwave link", "performance_score": 0, "site": "reuters.com", "participants_count": 0, "title_full": "BRIEF-Alcatel-Lucent provides TIM with record distance microwave link", "spam_score": 0.0, "site_type": "news", "published": "2015-09-22T15:56:00.000+03:00", "replies_count": 0, "uuid": "a2f432da02f01646fdf9c0d7a2277625bef71d50"}, "author": "", "url": "http://www.reuters.com/article/2015/09/22/idUSFWN11S01H20150922?feedType=RSS&feedName=technologySector", "ord_in_thread": 0, "title": "BRIEF-Alcatel-Lucent provides TIM with record distance microwave link", "locations": [], "entities": {"persons": [], "locations": [], "organizations": []}, "highlightText": "", "language": "english", "persons": [], "text": "BRIEF-Alcatel-Lucent provides TIM with record distance microwave link Sept 22 \nSept 22 Alcatel Lucent SA : \n* Provides TIM with record distance microwave link that will ensure continuous ultra-broadband connectivity between the Sicilian islands of Pantelleria and Lampedusa Source text: bit.ly/1KxznqM Further company coverage: (Gdynia Newsroom) Trending On Reuters \nFind out what’s in store for our digital-everything lives. > \nThomson Reuters is the world's largest international multimedia news agency, providing investing news , world news , business news , technology news , headline news, small business news , news alerts, personal finance , stock market , and mutual funds information available on Reuters.com, video , mobile , and interactive television platforms. Thomson Reuters journalists are subject to an Editorial Handbook which requires fair presentation and disclosure of relevant interests. \nNYSE and AMEX quotes delayed by at least 20 minutes. Nasdaq delayed by at least 15 minutes. For a complete list of exchanges and delays, please click here .", "external_links": [], "published": "2015-09-22T15:56:00.000+03:00", "crawled": "2015-09-22T20:24:17.972+03:00", "highlightTitle": ""}