{"organizations": [], "uuid": "c873565660d1f8a4e0452aa80dfae47d72dba61b", "thread": {"social": {"gplus": {"shares": 0}, "pinterest": {"shares": 0}, "vk": {"shares": 0}, "linkedin": {"shares": 0}, "facebook": {"likes": 0, "shares": 0, "comments": 0}, "stumbledupon": {"shares": 0}}, "site_full": "www.marketwatch.com", "main_image": "http://s.wsj.net/public/resources/MWimages/MW-DR328_mw_soc_NS_20150801233302.png", "site_section": "http://www.marketwatch.com/Companies/Linear_Technology_Corp?prop=location&propval=asia%20pacific", "section_title": "Linear Technology Corp. - MarketWatch.com Topics", "url": "http://www.marketwatch.com/story/microsoft-to-change-how-it-reports-finances-2015-09-28", "country": "US", "title": "Microsoft to change how it reports finances - MarketWatch", "performance_score": 0, "site": "marketwatch.com", "participants_count": 4, "title_full": "Microsoft to change how it reports finances - MarketWatch", "spam_score": 0.0, "site_type": "news", "published": "2015-09-28T03:00:00.000+03:00", "replies_count": 3, "uuid": "5c825e4550f1187e0a7056043e64dd09694dc978"}, "author": "Jeremy C. Owens", "url": "http://www.marketwatch.com/story/microsoft-to-change-how-it-reports-finances-2015-09-28#post-0", "ord_in_thread": 0, "title": "Microsoft to change how it reports finances - MarketWatch", "locations": [], "entities": {"persons": [], "locations": [], "organizations": []}, "highlightText": "", "language": "english", "persons": [], "text": "Microsoft Corp. MSFT, -1.48% announced Monday afternoon that it will change the financial breakdown provided every quarter to focus on its cloud software and hardware ambitions, beginning with the 2016 fiscal year. The software giant said it will break down revenues and operating income in three groups, dubbed \"productivity and business processes,\" \"intelligent cloud\" and \"more personal computing.\" Productivity and business processes includes Microsoft's Office and Dynamics CRM cloud software; intelligent cloud is cloud hardware and other services, including Azure, Microsoft's cloud platform that competes with Amazon Web Services, among others; while the final segment will include Microsoft's consumer-facing businesses, such as Windows and Xbox. Microsoft previously broke down revenues and other financial metrics into more groups: \"Devices and consumer licensing,\" \"computing and gaming hardware,\" \"phone hardware,\" \"devices and consumer other,\" \"commercial licensing,\" \"commercial other\" and \"corporate and other.\" The company plans a conference call for Tuesday morning to discuss the new financial reporting structure, according to its official announcement .", "external_links": ["http://news.microsoft.com/2015/09/28/microsoft-announces-changes-to-financial-reporting-structure-2/"], "published": "2015-09-28T03:00:00.000+03:00", "crawled": "2015-09-29T00:47:18.926+03:00", "highlightTitle": ""}