{"organizations": [], "uuid": "60efb4e50dfb4006795bda7042228a77764ab160", "thread": {"social": {"gplus": {"shares": 0}, "pinterest": {"shares": 0}, "vk": {"shares": 0}, "linkedin": {"shares": 0}, "facebook": {"likes": 0, "shares": 0, "comments": 0}, "stumbledupon": {"shares": 0}}, "site_full": "www.news24.com", "main_image": "http://cdn.24.co.za/files/Cms/General/d/693/2bc1d8b058094217a987b27894c8b08c.jpg", "site_section": "http://www.news24.com/", "section_title": "News24, South Africa's premier news source, provides breaking news on national, world, Africa, sport, entertainment, technology &amp; more. ", "url": "http://www.news24.com/World/News/US-man-disembowels-girlfriend-after-she-screams-exs-name-during-sex-20150922", "country": "ZA", "title": "US man disembowels girlfriend after she screams ex’s name during sex", "performance_score": 0, "site": "news24.com", "participants_count": 1, "title_full": "US man disembowels girlfriend after she screams ex’s name during sex | News24", "spam_score": 0.0, "site_type": "news", "published": "2015-09-22T17:01:00.000+03:00", "replies_count": 0, "uuid": "60efb4e50dfb4006795bda7042228a77764ab160"}, "author": "news24.com", "url": "http://www.news24.com/World/News/US-man-disembowels-girlfriend-after-she-screams-exs-name-during-sex-20150922", "ord_in_thread": 0, "title": "US man disembowels girlfriend after she screams ex’s name during sex", "locations": [], "entities": {"persons": [], "locations": [], "organizations": []}, "highlightText": "", "language": "english", "persons": [], "text": "Sunrise - Authorities say a Florida man who called 911 to say his girlfriend was having trouble breathing later admitted killing her.\nSunrise police told local news media that 24-year-old Fidel Lopez called 911 early on Sunday.\nOfficers responding to the apartment said they found Lopez crying in the bathroom next to 31-year-old Maria Nemeth's naked body.\nPolice say Lopez initially told investigators that the couple had been having sex when Nemeth went into the bathroom, vomited and collapsed.\nAfter further questioning, Lopez revealed that he became enraged with Nemeth when she called out her ex-husband's name during sex and he attacked and disemboweled her.\nFlorida Man in Custody After Reportedly Killing Girlfriend by Ripping Out Her Bowels http://t.co/SCLDCIYoyq pic.twitter.com/amqeHXKQR5", "external_links": ["http://t.co/amqeHXKQR5", "http://t.co/SCLDCIYoyq"], "published": "2015-09-22T17:01:00.000+03:00", "crawled": "2015-09-22T12:05:30.226+03:00", "highlightTitle": ""}