{"organizations": [], "uuid": "9954fdc36b8c15be3af7ce01dad0b773ae3460ff", "thread": {"social": {"gplus": {"shares": 0}, "pinterest": {"shares": 0}, "vk": {"shares": 0}, "linkedin": {"shares": 0}, "facebook": {"likes": 0, "shares": 0, "comments": 0}, "stumbledupon": {"shares": 0}}, "site_full": "www.reuters.com", "main_image": "", "site_section": "http://feeds.reuters.com/reuters/technologysectorNews", "section_title": "Reuters: Technology", "url": "http://www.reuters.com/article/2015/09/22/sec-cybersecurity-enforcement-idUSL1N11S23520150922", "country": "US", "title": "REFILE-U.S. SEC fines advisory firm for shoddy controls following cyber attack traced to China", "performance_score": 0, "site": "reuters.com", "participants_count": 1, "title_full": "REFILE-U.S. SEC fines advisory firm for shoddy controls following cyber attack traced to China | Reuters", "spam_score": 0.0, "site_type": "news", "published": "2015-09-23T00:31:00.000+03:00", "replies_count": 0, "uuid": "9954fdc36b8c15be3af7ce01dad0b773ae3460ff"}, "author": "Reuters", "url": "http://www.reuters.com/article/2015/09/22/sec-cybersecurity-enforcement-idUSL1N11S23520150922", "ord_in_thread": 0, "title": "REFILE-U.S. SEC fines advisory firm for shoddy controls following cyber attack traced to China", "locations": [], "entities": {"persons": [], "locations": [], "organizations": []}, "highlightText": "", "language": "english", "persons": [], "text": "(Corrects to Tuesday from Wednesday in paragraph 1)\nBy Sarah N. Lynch\nWASHINGTON, Sept 22 (Reuters) - A St. Louis-based investment advisory firm will pay $75,000 to settle civil charges alleging it failed \"entirely\" to protect its clients from a July 2013 cyber attack that was later traced to China, U.S. regulators said on Tuesday.\nThe Securities and Exchange Commission said R.T. Jones Capital Equities Management did not even encrypt its customers' data or install a firewall on its servers, and the hack compromised the personal details of about 100,000 people.\nTo date, no customer has reported suffering any financial harm as a result of the attack, the SEC added. (Reporting by Sarah N. Lynch; Editing by Peter Cooney )", "external_links": [], "published": "2015-09-23T00:31:00.000+03:00", "crawled": "2015-09-23T00:13:35.850+03:00", "highlightTitle": ""}