{"organizations": [], "uuid": "39110a69547b06ab950c136ff66344805ae5bfbd", "thread": {"social": {"gplus": {"shares": 0}, "pinterest": {"shares": 0}, "vk": {"shares": 0}, "linkedin": {"shares": 0}, "facebook": {"likes": 0, "shares": 0, "comments": 0}, "stumbledupon": {"shares": 0}}, "site_full": "newsr.in", "main_image": "http://cdn.newsserve.net/newsR256.jpg", "site_section": "http://newsr.in/latest/Technology.htm", "section_title": "Technology: newsR", "url": "http://newsr.in/n/Technology/75589mq17/Android-Marshmallow-best-security-measure-is-a simple date.htm", "country": "US", "title": "Android Marshmallow's best security measure is a simple date - newsR", "performance_score": 0, "site": "newsr.in", "participants_count": 1, "title_full": "Android Marshmallow's best security measure is a simple date - newsR", "spam_score": 0.0, "site_type": "news", "published": "2015-09-29T03:00:00.000+03:00", "replies_count": 0, "uuid": "39110a69547b06ab950c136ff66344805ae5bfbd"}, "author": "newsr.in", "url": "http://newsr.in/n/Technology/75589mq17/Android-Marshmallow-best-security-measure-is-a simple date.htm", "ord_in_thread": 0, "title": "Android Marshmallow's best security measure is a simple date - newsR", "locations": [], "entities": {"persons": [], "locations": [], "organizations": []}, "highlightText": "", "language": "english", "persons": [], "text": "Android security has always faced a daunting challenge — scrambling to get users, manufacturers, and carriers in sync — but the new Marshmallow operating system has a small feature that could make a big difference in that fight. You'll find it in the Settings menu, a header titled \"Android security patch level,\" followed by a date. As of that day, your device is protected with all known Android patches.\nChampioned by Adrian Ludwig, Google's head of Android security, the date represents a public bet on the industry's ability to keep Android devices updated. \"It should make it really simple for users to understand the state of the device,\" Ludwig says, as part of Android's larger push toward \"making sure that security information and... »", "external_links": [], "published": "2015-09-29T03:00:00.000+03:00", "crawled": "2015-09-30T07:55:02.152+03:00", "highlightTitle": ""}