{"organizations": [], "uuid": "b90461e1e842846e454047f89772eacc4c485b46", "thread": {"social": {"gplus": {"shares": 0}, "pinterest": {"shares": 0}, "vk": {"shares": 0}, "linkedin": {"shares": 0}, "facebook": {"likes": 0, "shares": 0, "comments": 0}, "stumbledupon": {"shares": 0}}, "site_full": "www.pr.com", "main_image": "", "site_section": "http://www.pr.com/news-by-category/189", "section_title": "Technology: Software Press Releases and News - PR.com", "url": "http://www.pr.com/press-release/634813", "country": "US", "title": "A Better Solution, Inc. Achieves \"Premier\" IBM Business Partner Status", "performance_score": 0, "site": "pr.com", "participants_count": 1, "title_full": "A Better Solution, Inc. Achieves \"Premier\" IBM Business Partner Status - PR.com", "spam_score": 0.0, "site_type": "news", "published": "2015-08-28T03:00:00.000+03:00", "replies_count": 0, "uuid": "b90461e1e842846e454047f89772eacc4c485b46"}, "author": "PR.com", "url": "http://www.pr.com/press-release/634813", "ord_in_thread": 0, "title": "A Better Solution, Inc. Achieves \"Premier\" IBM Business Partner Status", "locations": [], "entities": {"persons": [], "locations": [], "organizations": []}, "highlightText": "", "language": "english", "persons": [], "text": "A Better Solution, Inc. Achieves \"Premier\" IBM Business Partner Status\nConley, GA, August 28, 2015 --( PR.com )-- A Better Solution, Inc. today announced that they have achieved \"Premier\" IBM Business Partner Status. In being promoted from \"Advanced\" status to \"Premier\" status A Better Solution (ABS) has demonstrated superior knowledge and skill in the IBM Rational Tool set.\nABS has achieved the highly coveted IBM Premier Business Partner status that indicates a commitment to maintaining the highest competency levels needed to sell as well as provide training, consulting and support for the IBM Rational Products. A Better Solution will always make the highest effort to stay ahead of the game and at all times be well-trained in the IBM Rational toolset.\nA Better Solution is a licensed IBM Rational Reseller and able to competitively sell IBM Rational Products, Product Renewals and services to both commercial and government accounts. Ask ABS for a renewal Quote: to get a discount on your IBM Rational Software or Software Renewals.\nAbout IBM\nIBM Rational Software is a worldwide leader in Automated Software Quality (ASQ). The ASQ market includes diagnostic products for developers, testing products for quality assurance professionals and enterprise-wide products for teams developing and managing important software projects. IBM Rational offers an integrated set of premier ASQ products designed to enable Windows and UNIX development teams to address the challenges of complex software development.\nAbout A Better Solution, Inc.\nFounded by Charles Clarke, III in 1996, he saw the need for a CM consulting company from his early experiences with Atria (the original makers of ClearCase). A Better Solution offers the highest level of software consultation, training and products. We specialize in Application Lifecycle Management (ALM), Collaborative Lifecycle Management (CLM), Software Process Methodologies and DevOps using IBM Rational products Rational Team Concert, Rational Quality Manager, DOORS Next Generation, Rational Integration Tester and UrbanCode Release & Deploy. We also specialize in other Rational Legacy products ClearCase, ClearCase Multisite, ClearQuest and RequisitePro.", "external_links": [], "published": "2015-08-28T03:00:00.000+03:00", "crawled": "2015-09-04T10:04:19.254+03:00", "highlightTitle": ""}