{"organizations": ["U.S. Federal Circuit Court of Appeals", "Samsung Electronics", "Apple", "Google", "Apple Inc.", "AP", "Samsung Electronics Co.", "Samsung"], "uuid": "16319b71ade3f4587e2f9007fca816aaf07408b9", "thread": {"social": {"gplus": {"shares": 0}, "pinterest": {"shares": 0}, "vk": {"shares": 0}, "linkedin": {"shares": 0}, "facebook": {"likes": 0, "shares": 0, "comments": 0}, "stumbledupon": {"shares": 0}}, "site_full": "www.beaumontenterprise.com", "main_image": "http://www.beaumontenterprise.com/img/pages/article/opengraph_default.jpg", "site_section": "http://www.beaumontenterprise.com/business/technology/collectionRss/Business-Technology-Heds-8532.php", "section_title": "Business Technology Heds", "url": "http://www.beaumontenterprise.com/business/technology/article/Court-blocks-US-sales-of-old-Samsung-phones-in-6511976.php", "country": "US", "title": "Court blocks US sales of old Samsung phones in Apple battle", "performance_score": 0, "site": "beaumontenterprise.com", "participants_count": 0, "title_full": "Court blocks US sales of old Samsung phones in Apple battle", "spam_score": 0.0, "site_type": "news", "published": "2015-09-17T23:25:00.000+03:00", "replies_count": 0, "uuid": "16319b71ade3f4587e2f9007fca816aaf07408b9"}, "author": "", "url": "http://www.beaumontenterprise.com/business/technology/article/Court-blocks-US-sales-of-old-Samsung-phones-in-6511976.php", "ord_in_thread": 0, "title": "Court blocks US sales of old Samsung phones in Apple battle", "locations": ["California", "US", "Washington", "U.S.", "San Jose", "WASHINGTON"], "entities": {"persons": [], "locations": [], "organizations": []}, "highlightText": "", "language": "english", "persons": ["Kimberly Moore", "Steve Jobs"], "text": "Court blocks US sales of old Samsung phones in Apple battle Updated 4:39 pm, Thursday, September 17, 2015 WASHINGTON (AP) — A federal appeals court is blocking Samsung Electronics from selling some of its older smartphones in the U.S. in the latest twist to a long-running legal battle over how much of the devices' technology was copied from Apple's iPhone. The ruling issued Thursday by the U.S. Federal Circuit Court of Appeals in Washington vindicates Apple, but might not hurt Samsung too much. That's because it applies to phones that are no longer popular. The most recent phone affected by the injunction, the Galaxy S3, was released in 2012 — long enough ago to be eclipsed by slicker smartphones in the rapidly evolving market for mobile technology. Samsung recently began selling the Galaxy S6, which was unaffected by Thursday's decision. Samsung could also revise the features covered by the injunction, something that the company has previously indicated it might do if prodded by the courts. Apple Inc. and Samsung Electronics Co. have been locked in a bitter feud for years over the patents covering a variety of features commonly used in many smartphones. The acrimony dates back to the reign of Apple's late CEO Steve Jobs , who contended that Google had ripped off the iPhone's innovations to use in Android, a free mobile operating system that Samsung uses in its smartphones. Samsung emerged as Apple's biggest rival in the smartphone market, making it the target of a legal onslaught that has continued long after Jobs' death nearly four years ago. Juries in two separate federal court trials in San Jose, California, decided some of the features in Samsung's phones and tablets infringed on Apple's patents covering iPhone innovations. Apple has been awarded more than $600 million in damages so far, but Samsung is still pursuing appeals that could reduce the amount owed. In a 2-1 vote, the appeals court issuing Thursday's injunction concluded Apple was being harmed by Samsung's infringement on patents for iPhone's slide-to-lock screen and auto-correct feature. The court also concluded that protecting Apple's intellectual rights wouldn't harm the public welfare. \"Apple does not seek to enjoin the sale of lifesaving drugs, but to prevent Samsung from profiting from the unauthorized use of infringing features in its cellphones and tablets,\" wrote U.S. Federal Circuit Judge Kimberly Moore in the majority opinion. Top Stories", "external_links": [], "published": "2015-09-17T23:25:00.000+03:00", "crawled": "2015-09-18T01:06:46.293+03:00", "highlightTitle": ""}