{"organizations": ["Network Writers News Corp Australia Network Down ... Facebook", "Network Writers News Corp Australia Network Facebook", "Facebook"], "uuid": "80c6de2942b4a83da46f24f86af1af4d2d7e8397", "thread": {"social": {"gplus": {"shares": 0}, "pinterest": {"shares": 0}, "vk": {"shares": 0}, "linkedin": {"shares": 0}, "facebook": {"likes": 0, "shares": 0, "comments": 0}, "stumbledupon": {"shares": 0}}, "site_full": "www.heraldsun.com.au", "main_image": "http://cdn.newsapi.com.au/image/v1/15930ef00be2df328053ef531f7ba8df", "site_section": "http://feeds.news.com.au/heraldsun/rss/heraldsun_news_technology_2790.xml", "section_title": "Herald Sun | News | Technology", "url": "http://www.heraldsun.com.au/technology/science/nasa-announces-discovery-of-flowing-water-on-mars/story-fnjwlbuf-1227548255082?from=herald+sun_rss", "country": "IL", "title": "Facebook crashes for third time", "performance_score": 0, "site": "heraldsun.com.au", "participants_count": 0, "title_full": "Facebook crashes for third time", "spam_score": 0.0, "site_type": "news", "published": "2015-09-28T23:39:00.000+03:00", "replies_count": 0, "uuid": "80c6de2942b4a83da46f24f86af1af4d2d7e8397"}, "author": "", "url": "http://www.heraldsun.com.au/technology/science/nasa-announces-discovery-of-flowing-water-on-mars/story-fnjwlbuf-1227548255082?from=herald+sun_rss", "ord_in_thread": 0, "title": "Facebook crashes for third time", "locations": [], "entities": {"persons": [], "locations": [], "organizations": []}, "highlightText": "", "language": "english", "persons": ["Paul Sakuma", "Mark Zuckerberg"], "text": "Facebook goes offline for third time in a month Network Writers News Corp Australia Network Facebook goes offline for third time in a month Network Writers News Corp Australia Network Down ... Facebook CEO Mark Zuckerberg has not commented on the recent outages. Picture: Paul Sakuma \nPOPULAR social networking website Facebook went down for the third time in a month. \nIt was first reported at around 5.03 am EST, but was back online for most users around 6am. \nNo official reason was given when Facebook previously went offline on September 17 and September 24. Other Stories", "external_links": [], "published": "2015-09-28T23:39:00.000+03:00", "crawled": "2015-09-29T00:43:05.300+03:00", "highlightTitle": ""}