{"organizations": [], "uuid": "284da1533afaa80d60c8b7f08289ac571135588d", "thread": {"social": {"gplus": {"shares": 0}, "pinterest": {"shares": 0}, "vk": {"shares": 0}, "linkedin": {"shares": 0}, "facebook": {"likes": 0, "shares": 0, "comments": 0}, "stumbledupon": {"shares": 0}}, "site_full": "newsr.in", "main_image": "http://cdn.newsserve.net/newsR256.jpg", "site_section": "http://newsr.in/latest/Technology.htm", "section_title": "Technology: newsR", "url": "http://newsr.in/n/Technology/75589l97i/Apple-iPhone-6s-iPhone-6s-Plus-India-launch.htm", "country": "US", "title": "Apple iPhone 6s, iPhone 6s Plus India launch on October 16", "performance_score": 0, "site": "newsr.in", "participants_count": 1, "title_full": "Apple iPhone 6s, iPhone 6s Plus India launch on October 16 - newsR", "spam_score": 0.0, "site_type": "news", "published": "2015-09-28T03:00:00.000+03:00", "replies_count": 0, "uuid": "284da1533afaa80d60c8b7f08289ac571135588d"}, "author": "newsr.in", "url": "http://newsr.in/n/Technology/75589l97i/Apple-iPhone-6s-iPhone-6s-Plus-India-launch.htm", "ord_in_thread": 0, "title": "Apple iPhone 6s, iPhone 6s Plus India launch on October 16", "locations": [], "entities": {"persons": [], "locations": [], "organizations": []}, "highlightText": "", "language": "english", "persons": [], "text": "Apple today announced a record number of sales for its new iPhone 6s and iPhone 6s Plus on the opening weekend. It sold over 13 million smartphones in three days, which breaks last year’s record of 10 million handset sales. More importantly though, Apple has announced that the new iPhones will be available in India from October 16 onwards. “Sales for iPhone 6s and iPhone 6s Plus have been phenomenal, blowing past any previous first weekend sales results in Apple’s history,” Apple CEO Tim Cook said. “Customers’ feedback is incredible and they are loving 3D Touch and Live Photos, and we can’t wait to bring iPhone 6s and iPhone 6s Plus to customers in even more countries on October 9.” After »", "external_links": [], "published": "2015-09-28T03:00:00.000+03:00", "crawled": "2015-09-28T16:42:44.562+03:00", "highlightTitle": ""}