{"organizations": [], "uuid": "500ee7e643eb968ca88d56cb49084f1e5db068d4", "thread": {"social": {"gplus": {"shares": 0}, "pinterest": {"shares": 0}, "vk": {"shares": 0}, "linkedin": {"shares": 0}, "facebook": {"likes": 0, "shares": 0, "comments": 0}, "stumbledupon": {"shares": 0}}, "site_full": "www.securenigeria365.com", "main_image": "http://i0.wp.com/www.securenigeria365.com/wp-content/uploads/2015/08/buhari-1.jpg?resize=800%2C500", "site_section": "http://www.securenigeria365.com/feed/", "section_title": "Secure Nigeria 365 - Latest news updates in NIgeria including niger delta, business, politics, entertainment, fashion, health, technology, naija lifestyle", "url": "http://www.securenigeria365.com/fg-declares-thursday-public-holiday/", "country": "", "title": "FG declares Thursday public holiday", "performance_score": 0, "site": "securenigeria365.com", "participants_count": 1, "title_full": "FG declares Thursday public holiday", "spam_score": 0.0, "site_type": "news", "published": "2015-09-29T23:56:00.000+03:00", "replies_count": 0, "uuid": "500ee7e643eb968ca88d56cb49084f1e5db068d4"}, "author": "Secure Nigeria 365", "url": "http://www.securenigeria365.com/fg-declares-thursday-public-holiday/", "ord_in_thread": 0, "title": "FG declares Thursday public holiday", "locations": [], "entities": {"persons": [], "locations": [], "organizations": []}, "highlightText": "", "language": "english", "persons": [], "text": "tweet \nBy: Yusuf Omotosho \nThe Federal Government has declared Thursday, 1st October 2015 as a public holiday to mark the Nigeria’s 55th Independence celebration. \nThe Permanent Secretary, Ministry of Interior, Abubakar Magaji made the declaration on behalf of the federal government in a statement signed by the Ministry’s Director of Press, Yusuf Isiaka yesterday. \nThe Permanent Secretary who congratulated all Nigerians both at home and abroad also thanked them for their supports to President Muhammadu Buhari in his efforts towards building a peaceful, united and virile nation. \nHe further urged them to use the occasion of the celebration to pray for peace and unity across the country.", "external_links": [], "published": "2015-09-29T23:56:00.000+03:00", "crawled": "2015-09-30T01:43:45.650+03:00", "highlightTitle": ""}