{"organizations": [], "uuid": "007765e5228a31148a93b0137940d8ffbcb5a2f2", "thread": {"social": {"gplus": {"shares": 0}, "pinterest": {"shares": 0}, "vk": {"shares": 0}, "linkedin": {"shares": 0}, "facebook": {"likes": 0, "shares": 0, "comments": 0}, "stumbledupon": {"shares": 0}}, "site_full": "investor.htgc.com", "main_image": "", "site_section": "http://apps.shareholder.com/rss/rss.aspx?channels=3536&companyid=HTGC&sh_auth=2895353505%2E0%2E0%2E41654%2Ebb7a8089bbbb088abdb76f7255f272c7", "section_title": "Hercules Technology Growth Capital - All SEC Filings", "url": "http://investor.htgc.com/secfiling.cfm?FilingID=1209191-15-71532", "country": "US", "title": "GRACE MELANIE", "performance_score": 0, "site": "htgc.com", "participants_count": 0, "title_full": "GRACE MELANIE", "spam_score": 0.0, "site_type": "news", "published": "2015-09-21T18:29:00.000+03:00", "replies_count": 0, "uuid": "007765e5228a31148a93b0137940d8ffbcb5a2f2"}, "author": "", "url": "http://investor.htgc.com/secfiling.cfm?FilingID=1209191-15-71532", "ord_in_thread": 0, "title": "GRACE MELANIE", "locations": [], "entities": {"persons": [], "locations": [], "organizations": []}, "highlightText": "", "language": "english", "persons": [], "text": "Table II - Derivative Securities Beneficially Owned ( e.g. , puts, calls, warrants, options, convertible securities) 1. Title of Derivate Security (Instr. 3) 2. Conversion or Exercise Price of Derivative Security 3. Trans. Date 3A. Deemed Execution Date, if any 4. Trans. Code 5. Number of Derivative Securities Acquired (A) or Disposed of (D) (Instr. 3, 4 and 5) 6. Date Exercisable and Expiration Date 7. Title and Amount of Securities Underlying Derivative Security (Instr. 3 and 4) 8. Price of Derivative Security (Instr. 5) 9. Number of derivative Securities Beneficially Owned Following Reported Transaction(s) (Instr. 4) 10. Ownership Form of Derivative Security: Direct (D) or Indirect (I) (Instr. 4) 11. Nature of Indirect Beneficial Ownership (Instr. 4) Code", "external_links": [], "published": "2015-09-21T18:29:00.000+03:00", "crawled": "2015-09-28T16:27:09.690+03:00", "highlightTitle": ""}