{"organizations": [], "uuid": "7dc2851322b100736b71393c25b3bd6822c7154b", "thread": {"social": {"gplus": {"shares": 0}, "pinterest": {"shares": 0}, "vk": {"shares": 0}, "linkedin": {"shares": 0}, "facebook": {"likes": 0, "shares": 0, "comments": 0}, "stumbledupon": {"shares": 0}}, "site_full": "feeds.reuters.com", "main_image": "", "site_section": "http://feeds.reuters.com/reuters/technologysectorNews", "section_title": "Reuters: Technology", "url": "http://feeds.reuters.com/~r/reuters/technologysectorNews/~3/UtpHvi2jzb4/story01.htm", "country": "US", "title": "BRIEF-Alcatel-Lucent deploys LTE and voLTE for Cambodia's Chuan Wei", "performance_score": 0, "site": "reuters.com", "participants_count": 1, "title_full": "BRIEF-Alcatel-Lucent deploys LTE and voLTE for Cambodia's Chuan Wei | Reuters", "spam_score": 0.0, "site_type": "news", "published": "2015-09-28T11:32:00.000+03:00", "replies_count": 0, "uuid": "7dc2851322b100736b71393c25b3bd6822c7154b"}, "author": "Reuters", "url": "http://feeds.reuters.com/~r/reuters/technologysectorNews/~3/UtpHvi2jzb4/story01.htm", "ord_in_thread": 0, "title": "BRIEF-Alcatel-Lucent deploys LTE and voLTE for Cambodia's Chuan Wei", "locations": [], "entities": {"persons": [], "locations": [], "organizations": []}, "highlightText": "", "language": "english", "persons": [], "text": "Sept 28 Alcatel Lucent SA :\n* Deploys LTE and voLTE for Cambodia's Chuan Wei's nationwide ultra-broadband network expansion Source text: bit.ly/1Fv60Jp Further company coverage: (Gdynia Newsroom)", "external_links": ["http://bit.ly/1Fv60Jp"], "published": "2015-09-28T11:32:00.000+03:00", "crawled": "2015-09-28T12:09:39.655+03:00", "highlightTitle": ""}