{"organizations": [], "uuid": "d7db8a65baa55a1d3208ac836e60fedc5e06603a", "thread": {"social": {"gplus": {"shares": 0}, "pinterest": {"shares": 0}, "vk": {"shares": 0}, "linkedin": {"shares": 0}, "facebook": {"likes": 0, "shares": 0, "comments": 0}, "stumbledupon": {"shares": 0}}, "site_full": "www.news8000.com", "main_image": "http://www.news8000.com/image/view/-/34196632/highRes/2/-/maxh/640/maxw/640/-/ouycd8z/-/Kendall-Jenner-and-Kylie-Jenner-jpg.jpg", "site_section": "http://www.news8000.com/80198?format=rss_2.0&view=feed", "section_title": "Feed:Technology News", "url": "http://www.news8000.com/money/which-kardashian-sister-has-by-far-the-most-popular-app-youre-wrong/35412210", "country": "US", "title": "Which Kardashian sister has the most popular app?", "performance_score": 0, "site": "news8000.com", "participants_count": 0, "title_full": "Which Kardashian sister has the most popular app?", "spam_score": 0.0, "site_type": "news", "published": "2015-09-22T19:13:00.000+03:00", "replies_count": 0, "uuid": "d7db8a65baa55a1d3208ac836e60fedc5e06603a"}, "author": "", "url": "http://www.news8000.com/money/which-kardashian-sister-has-by-far-the-most-popular-app-youre-wrong/35412210", "ord_in_thread": 0, "title": "Which Kardashian sister has the most popular app?", "locations": ["NEW YORK"], "entities": {"persons": [], "locations": [], "organizations": []}, "highlightText": "", "language": "english", "persons": ["Brian Stelter Jason", "Kylie Jenner", "Kardashian"], "text": "Which Kardashian sister has the most popular app? Kylie Jenner leads way with 1.5 million downloads Author: By Brian Stelter Jason Merritt/Getty Images NEW YORK (CNNMoney) - \nAll of the Kardashian sisters are making money from their new iPhone apps, but the biggest winner -- by far -- is Kylie Jenner. Related Content Zuckerberg tops Vanity Fair's 'New Establishment' list By Sara Ashley O'Brien \nKylie's app is outranking apps by her sisters Kendall Jenner and Kim and Khloé Kardashian, according to the publicly listed App Store rankings. \nAnd an analysis shared with CNNMoney by Apptopia shows that Kylie's app could make $15 million in its first year. \nAll of the apps launched on September 14. The media company that produced them, Whalerock Industries, offered a one-week free trial, so Monday was the first day that app users had to pay. \nEach app costs $3 a month. They're effectively web TV channels for each sister, featuring videos, diaries, and a variety of lifestyle content. \nApptopia estimates that more than 1.5 million people downloaded Kylie's app in the first five days. That's well ahead of 398,000 downloads for Khloe, 362,000 for Kim, and 216,000 for Kendall. \nKylie, 18, is the youngest of the sisters -- and the most unfiltered about her public and private lives. She has been fostering a young, loyal audience on social networking sites like Twitter, where she has 11 million followers, and has been the subject of saturation media coverage about her hairstyle, look and dating life. \nWired magazine recently called her the \"celebrity of the future,\" noting that \"unlike Kourtney or Kim or Khloé, Kylie was born and raised in the online era.\" \nWhalerock declined to comment on Apptopia's estimates, but the figures roughly match up with the public App Store rankings. \nApptopia specializes in what it calls mobile app market intelligence. Now that the sister apps have started to convert users into paying subscribers, the firm estimates that Kylie's app earned about $105,000 on Monday, far more than Khloe's $29,000, Kim's $22,000 and Kendall's $9,000. \nAnd that's just the beginning. The revenue numbers will grow each day as new subscribers hand over their credit cards. \n\"The success of these apps is about way more than just the cult following of the Kardashians. It's indicative of a new monetization strategy creeping into the mobile economy,\" Apptopia founder Jonathan Kay said. \"I think the Kardashian's success opens up a new opportunity for smaller app developers to follow suit.\" \nThe firm used its data to project well into the future -- making some assumptions about retention and growth rate -- and projected that Kylie's app could make $15 million in annual revenue. \nRelying on the same calculations, Khloe's app could make $6.8 million, Kim's could make $4.9 million, and Kendall's could make $2 million, the firm said. \nThese so-called \"direct to consumer apps\" open up a new avenue for celebrities to make money and make deeper connections with fans. \nKourtney Kardashian doesn't have an app yet, but it is expected to come out in a few months. \nWhalerock is seeking to sign up other A-listers for similar apps. \nCopyright 2015 by CNN NewSource . All rights reserved. This material may not be published, broadcast, rewritten or redistributed.", "external_links": [], "published": "2015-09-22T19:13:00.000+03:00", "crawled": "2015-09-23T00:18:46.148+03:00", "highlightTitle": ""}