{"organizations": [], "uuid": "b2faab1cc7f73e473e18fde71d3fafe223b7701c", "thread": {"social": {"gplus": {"shares": 0}, "pinterest": {"shares": 0}, "vk": {"shares": 0}, "linkedin": {"shares": 0}, "facebook": {"likes": 0, "shares": 0, "comments": 0}, "stumbledupon": {"shares": 0}}, "site_full": "www.cbs8.com", "main_image": "", "site_section": "http://www.cbs8.com/category/266385/technology-general", "section_title": "Technology Press Releases from PRWeb - CBS News 8 - San Diego, CA News Station - KFMB Channel 8", "url": "http://www.cbs8.com/story/30124901/christie-phoenix-quad-t-seamlessly-adds-additional-inputs-to-christie-phoenix-system", "country": "US", "title": "Christie Phoenix Quad-T Seamlessly Adds Additional Inputs to Christie Phoenix System", "performance_score": 0, "site": "cbs8.com", "participants_count": 1, "title_full": "Christie Phoenix Quad-T Seamlessly Adds Additional Inputs to Christie Phoenix System - CBS News 8 - San Diego, CA News Station - KFMB Channel 8", "spam_score": 0.0, "site_type": "news", "published": "2015-09-27T11:00:00.000+03:00", "replies_count": 0, "uuid": "b2faab1cc7f73e473e18fde71d3fafe223b7701c"}, "author": "cbs8", "url": "http://www.cbs8.com/story/30124901/christie-phoenix-quad-t-seamlessly-adds-additional-inputs-to-christie-phoenix-system", "ord_in_thread": 0, "title": "Christie Phoenix Quad-T Seamlessly Adds Additional Inputs to Christie Phoenix System", "locations": [], "entities": {"persons": [], "locations": [], "organizations": []}, "highlightText": "", "language": "english", "persons": [], "text": "4K/UHD source inputs and increased scalability of Phoenix system welcomed by users\n(PRWEB) September 27, 2015\nChristie®, the leader in visual and audio solutions, is expanding the data monitoring capabilities of the Christie® Phoenix® with the launch of the Phoenix Quad-T. In control room environments, accessing up-to-the-minute information from multiple information sources is critical. The Phoenix and Phoenix Quad-T ensure that data presented in a control room is precise, even in the most demanding situations.\nTo be displayed at ASIS 2015, the Phoenix Quad-T is a stand-alone device that can be installed anywhere on a network to seamlessly expand a Phoenix system by adding additional inputs in a cost effective manner. Featuring four HDMI connectors that each support resolutions up to 3840x 2160 pixels and four mini-USB ports for soft KVM control, the Phoenix Quad-T allows users to acquire high-quality, remote video and control signals over IP networks, enabling teams to work with the same data, regardless of location.\n“Monitoring and controlling multiple information sources is critical in control room environments ,” says Karl Johnson, product manager, Control Room Processors, Christie. “The Christie Phoenix Quad-T allows users to integrate 4K/UHD resolution sources into their Phoenix system and easily expand the system scalability.”\nFeatures of the new Phoenix Quad-T include:\nFour HDMI connectors support resolutions up to 3840x2160 (4K/UHD) HDMI embedded stereo audio available on each input Four mini-USB ports with HID device emulation for keyboard and mouse source control One gigabit Ethernet port for image transport and control Compatible with HDCP-encrypted signals\nAbout Christie\nChristie Digital Systems USA, Inc. is a global visual and audio technologies company and is a wholly-owned subsidiary of Ushio, Inc., Japan. Consistently setting the standards by being the first to market some of the world’s most advanced projectors and complete system displays, Christie is recognized as one of the most innovative visual technology companies in the world. From retail displays to Hollywood, mission critical command centers to classrooms and training simulators, Christie display solutions and projectors capture the attention of audiences around the world with dynamic and stunning images. Visit http://www.christiedigital.com .\nFollow us:\nTwitter.com/christiedigital\nFacebook.com/christiedigital\n#christiedigital\n“Christie” is a trademark of Christie Digital Systems USA, Inc., registered in the United States of America and certain other countries.\nDLP® is a registered trademark of Texas Instruments\n //www.prweb.com/releases/2015/09/prweb12984970.htm\n ", "external_links": ["http://www.christiedigital.com/en-us/projection-solutions/infrastructure-visualization/Pages/default.aspx", "http://www.christiedigital.com/en-us/business/products/projectors/3-chip-dlp/Pages/default.aspx", "http://www.prweb.com/releases/2015/09/prweb12984970.htm", "http://www.christiedigital.com/en-us/video-walls/control-rooms/pages/default.aspx"], "published": "2015-09-27T11:00:00.000+03:00", "crawled": "2015-09-27T10:17:02.632+03:00", "highlightTitle": ""}