{"organizations": [], "uuid": "b2a7d6da0c83322b4e22c1ccdae8f9fcd6041daf", "thread": {"social": {"gplus": {"shares": 0}, "pinterest": {"shares": 0}, "vk": {"shares": 0}, "linkedin": {"shares": 0}, "facebook": {"likes": 0, "shares": 0, "comments": 0}, "stumbledupon": {"shares": 0}}, "site_full": "newsr.in", "main_image": "http://cdn.newsserve.net/i/20150930/3190-The-Martian-author-Andy-Weir-Private-space-travel.jpg", "site_section": "http://newsr.in/latest/Technology.htm", "section_title": "Technology: newsR", "url": "http://newsr.in/n/Technology/75589nw8t/The-Martian-author-Andy-Weir-Private-space-travel.htm", "country": "US", "title": "'The Martian' author Andy Weir: Private space travel is 'critical'", "performance_score": 0, "site": "newsr.in", "participants_count": 1, "title_full": "'The Martian' author Andy Weir: Private space travel is 'critical' - newsR", "spam_score": 0.0, "site_type": "news", "published": "2015-09-30T03:00:00.000+03:00", "replies_count": 0, "uuid": "b2a7d6da0c83322b4e22c1ccdae8f9fcd6041daf"}, "author": "newsr.in", "url": "http://newsr.in/n/Technology/75589nw8t/The-Martian-author-Andy-Weir-Private-space-travel.htm", "ord_in_thread": 0, "title": "'The Martian' author Andy Weir: Private space travel is 'critical'", "locations": [], "entities": {"persons": [], "locations": [], "organizations": []}, "highlightText": "", "language": "english", "persons": [], "text": "The Martian is the sort of success story that will inspire countless authors. Andy Weir initially started writing the story of Mark Watney, a NASA astronaut who gets stranded on Mars, as a free serial on his website. Eventually, fans pushed for him... »", "external_links": ["http://cdn.newsserve.net/i/20150930/3190-The-Martian-author-Andy-Weir-Private-space-travel.jpg"], "published": "2015-09-30T03:00:00.000+03:00", "crawled": "2015-09-30T19:29:21.538+03:00", "highlightTitle": ""}