{"organizations": ["Purdue Newsroom Purdue", "Purdue"], "uuid": "984b5c9b9e77f8e6ff3a5bef23d418fe40021944", "thread": {"social": {"gplus": {"shares": 0}, "pinterest": {"shares": 0}, "vk": {"shares": 0}, "linkedin": {"shares": 0}, "facebook": {"likes": 0, "shares": 0, "comments": 0}, "stumbledupon": {"shares": 0}}, "site_full": "news.google.com", "main_image": "", "site_section": "http://news.google.com/news?hl=en&gl=us&q=technology&pws=0&bav=on.2,or.r_gc.r_pw.r_cp.r_qf.&bpcl=38093640&biw=1366&bih=653&um=1&ie=UTF-8&output=rss", "section_title": "technology - Google News", "url": "http://news.google.com/news/url?sa=t&fd=R&ct2=us&usg=AFQjCNGg8xeI7XAwLpiCia_RPoU9Dmb70A&clid=c3a7d30bb8a4878e06b80cf16b898331&ei=D0gLVriIBdXra8-2sPgD&url=http://www.purdue.edu/newsroom/releases/2015/Q3/purdue-to-advance-freeze-drying-technology-through-rocket-science.html", "country": "IL", "title": "Purdue to advance freeze-drying technology through rocket science - Purdue Newsroom", "performance_score": 0, "site": "google.com", "participants_count": 0, "title_full": "Purdue to advance freeze-drying technology through rocket science - Purdue Newsroom", "spam_score": 0.0, "site_type": "news", "published": "2015-09-29T21:37:00.000+03:00", "replies_count": 0, "uuid": "984b5c9b9e77f8e6ff3a5bef23d418fe40021944"}, "author": "", "url": "http://news.google.com/news/url?sa=t&fd=R&ct2=us&usg=AFQjCNGg8xeI7XAwLpiCia_RPoU9Dmb70A&clid=c3a7d30bb8a4878e06b80cf16b898331&ei=D0gLVriIBdXra8-2sPgD&url=http://www.purdue.edu/newsroom/releases/2015/Q3/purdue-to-advance-freeze-drying-technology-through-rocket-science.html", "ord_in_thread": 0, "title": "Purdue to advance freeze-drying technology through rocket science - Purdue Newsroom", "locations": [], "entities": {"persons": [], "locations": [], "organizations": []}, "highlightText": "", "language": "english", "persons": [], "text": "Purdue to advance freeze-drying technology through rocket science September 29, 2015 \nFrom left are Alina Alexeenko and Elizabeth Topp. Purdue University has created a new lyophilization consortium, LyoHUB, to improve freeze-drying technology. Topp, head of the Purdue’s Department of Industrial and Physical Pharmacy, and Alexeenko, an associate professor of aeronautics and astronautics, co-lead the consortium. (Purdue University photo/Mark Simons) Download Photo WEST LAFAYETTE, Ind. —Purdue University has created a new lyophilization consortium, LyoHUB , to improve freeze-drying technology to make food, pharmaceuticals and biotech products safer and more affordable. The center is funded by the National Institute of Standards and Technology through a $453,623 planning grant from its Advanced Manufacturing Technology Consortia, or AMTech , program. Lyophilization, the process by which water is gently removed from materials to make them more stable and lengthen their shelf life, is a high-priority technology challenge, said Elizabeth Topp, head of Purdue’s Department of Industrial and Physical Pharmacy who co-leads the center with Alina Alexeenko, an associate professor of aeronautics and astronautics . “You don’t think of it when enjoying the dried strawberries in your morning cereal, but lyophilization is a $30 billion piece of the U.S. food and pharmaceutical manufacturing industry,” said Topp , who also is the Dane O. Kildsig Chair in Industrial and Physical Pharmacy. “Without this freeze-drying process, important drugs would not be available to those who need them. Many protein-based drugs, certain vaccines, probiotics and the dried fruit used in many products would not be available without it. However, the current lyophilization process hasn’t changed in 50 years, and it is very expensive. About 25 percent of new injectable drugs, vaccines and biological products are formulated in a lyophilized form, and for many proteins, peptides and vaccines, it is the only way to produce stable, biologically active products with a long shelf-life, Topp said. Stagnation in lyophilization technology could have a negative economic impact, as companies look to offshore manufacturing to reduce costs, Topp said. “If we can reduce the manufacturing costs through technological innovation, we could bring the manufacturing back, which would mean more jobs and benefit to the U.S. economy,” she said. “It is similar to the semiconductor industry a few years ago. Consortia formed to improve the technology that kept U.S. manufacturing competitive and revolutionary advances occurred that led to the ubiquitous smart devices of today. We want to revolutionize the lyophilization process in the same way.” The lyophilization process requires big pieces of equipment that create a low temperature and pressure environment to push water into the vapor phase, so that it leaves the material and collects on condenser coils. Since the equipment is sealed, and it is impossible to check on a process while it is occurring, except through information from one or two sensors. Processing one batch of material can take a few days, which means time is lost if something goes wrong, she said. The conditions required for lyophilization are similar to those in outer space, and the Purdue team plans to apply aerospace engineering principles to the project, Alexeenko said. “Inside the lyophilizer the conditions are a rough vacuum, similar to that at 50 to 100 kilometers altitude in the Earth’s atmosphere, and the fluid dynamics, heat transfer and certain molecular effects are different from what we see under normal conditions,” she said. “Lyophilization is rocket science. We need to approach the equipment design the same way we approach a new spacecraft design, by first understanding in detail all of the forces and mechanics involved and using some of the special physical effects of the rarefied environment to our advantage.” The development of new sensors that are less bulky and better distributed within the system is one approach to help control the processing. Advancing process analytical technologies and sensors for process development, monitoring and control are one of the initial focuses of the consortium, as well as developing standards for lyophilization equipment performance, testing and validation, she said. The consortium brings together industry and academia, representatives from the Food and Drug Administration and other government agencies, equipment manufacturers, and end product users to address the most important problems facing the industry, Topp said. “Consortium members from industry will frame the problems they face, and members from the academic and research side will help work on solutions, while regulators are kept in the loop to ensure the safety and standards so that changes can be quickly approved,” she said. “We want to entirely rethink and redesign how the processing is done, which will have the ripple effect of improving pharmaceutical manufacturing in general. We can apply what we learn to make other manufacturing processes better, faster and more efficient. This will mean safer and more affordable products.” The leadership team, which in addition to Topp and Alexeenko includes Michael Pikal of the University of Connecticut and Steve Nail of Baxter International Inc., has already created LyoHUB, a website where consortium members can share best practices, new information and projects. LyoHUB also includes computational and process modeling tools to support research. The consortium is currently working to develop a technology roadmap for lyophilization to prioritize research and development projects and goals, and is recruiting members. Writer: Elizabeth K. Gardner, 765-494-2081, ekgardner@purdue.edu Sources: Elizabeth Topp, 765-494-1450, topp@purdue.edu Alina Alexeenko, 765-496-1864, alexeenk@purdue.edu Note to Journalists : A LyoHUB technology roadmapping workshop will be held Oct. 6 - 7 at Purdue University. More than three dozen participants will attend including academic scientists, industry representatives and representatives from NIST and FDA. The workshop will be led by John Saiz, formerly the chief technology officer at NASA”s Johnson Space Center and a senior industrial fellow with the Institute for Manufacturing at the University of Cambridge. The workshop is not open to the public, but media may attend. Please contact Elizabeth K. Gardner at ekgardner@purdue.edu or 765-494-2081. Research News", "external_links": [], "published": "2015-09-29T21:37:00.000+03:00", "crawled": "2015-09-30T05:26:47.118+03:00", "highlightTitle": ""}