{"organizations": [], "uuid": "6f5ed733fdafaf89838df9a8241da426e2ced586", "thread": {"social": {"gplus": {"shares": 0}, "pinterest": {"shares": 0}, "vk": {"shares": 0}, "linkedin": {"shares": 0}, "facebook": {"likes": 0, "shares": 0, "comments": 0}, "stumbledupon": {"shares": 0}}, "site_full": "newsr.in", "main_image": "http://cdn.newsserve.net/newsR256.jpg", "site_section": "http://newsr.in/latest/Technology.htm", "section_title": "Technology: newsR", "url": "http://newsr.in/n/Technology/75589l0ns/Dream-to-make-India-20-trillion-economy-Narendra.htm", "country": "US", "title": "Dream to make India $20 trillion economy: Narendra Modi - newsR", "performance_score": 0, "site": "newsr.in", "participants_count": 1, "title_full": "Dream to make India $20 trillion economy: Narendra Modi - newsR", "spam_score": 0.0, "site_type": "news", "published": "2015-09-28T03:00:00.000+03:00", "replies_count": 0, "uuid": "6f5ed733fdafaf89838df9a8241da426e2ced586"}, "author": "newsr.in", "url": "http://newsr.in/n/Technology/75589l0ns/Dream-to-make-India-20-trillion-economy-Narendra.htm", "ord_in_thread": 0, "title": "Dream to make India $20 trillion economy: Narendra Modi - newsR", "locations": [], "entities": {"persons": [], "locations": [], "organizations": []}, "highlightText": "", "language": "english", "persons": [], "text": "Prime Minister Narendra Modi on Sunday said he dreamt of making India a $20 trillion economy and that he was pleasantly surprised by the change of perception about his country in a short period of time. Attending a question and answer ‘town-hall’ session with Facebook chief Mark Zuckerberg at their office at Hackers Square here, the prime minister also said a lot had to be done to bridge the digital divide in India. ”We are an $8 trillion economy today. My dream is for India to become a $20 trillion dollar economy,” Modi said, adding: “Amazing, how perception about India has changed in a very short time. We have brought in a new level of confidence.” Zuckerberg said India was personally »", "external_links": [], "published": "2015-09-28T03:00:00.000+03:00", "crawled": "2015-09-28T11:24:15.735+03:00", "highlightTitle": ""}