{"organizations": [], "uuid": "aa7686af398157bcd013553f92e227ef3f2564e7", "thread": {"social": {"gplus": {"shares": 0}, "pinterest": {"shares": 0}, "vk": {"shares": 0}, "linkedin": {"shares": 0}, "facebook": {"likes": 0, "shares": 0, "comments": 0}, "stumbledupon": {"shares": 0}}, "site_full": "timesofindia.indiatimes.com", "main_image": "http://timesofindia.indiatimes.com/photo/49131235.cms", "site_section": "http://timesofindia.indiatimes.com/rssfeeds/5880666.cms", "section_title": "Technology News, Latest Tech News & Reviews | Times of India", "url": "http://timesofindia.indiatimes.com/tech/tech-news/There-is-hunger-for-information-connectivity-in-India-says-Google-CEO-Sundar-Pichai/articleshow/49131211.cms", "country": "IL", "title": "There is hunger for information, connectivity in India, says Google CEO Sundar Pichai", "performance_score": 0, "site": "indiatimes.com", "participants_count": 1, "title_full": "There is hunger for information, connectivity in India, says Google CEO Sundar Pichai - The Times of India", "spam_score": 0.0, "site_type": "news", "published": "2015-09-28T06:56:00.000+03:00", "replies_count": 0, "uuid": "aa7686af398157bcd013553f92e227ef3f2564e7"}, "author": "timesofindia.indiatimes.com", "url": "http://timesofindia.indiatimes.com/tech/tech-news/There-is-hunger-for-information-connectivity-in-India-says-Google-CEO-Sundar-Pichai/articleshow/49131211.cms", "ord_in_thread": 0, "title": "There is hunger for information, connectivity in India, says Google CEO Sundar Pichai", "locations": [], "entities": {"persons": [], "locations": [], "organizations": []}, "highlightText": "", "language": "english", "persons": [], "text": "SAN JOSE: There is a hunger in India to have more information and being able to connect, Google CEO Sundar Pichai has said as he promised to deliver high-speed internet at 500 railway stations in the country. \n\nThe hunger for technology was reflected when Google launched Chrome browser some time back and India was the first country to adopt it in major way, he said on Sunday. \n\n\"There is a hunger in India to have more information and being able to connect. So that is one of the most important things we are working on at Google, how do you bring the web to more people?,\" India-born Pichai said at an event at the Google in the presence of Prime Minister Narendra Modi. \n\n\"This is why next month we are going to take Android and make it possible for you to type in Android in 11 more languages, including the Prime Minister's mother-tongue of Gujarati,\" 43-year-old alumnus of IIT-Kharagpur said. \n\n\"This is why we are all so excited to bring connectivity to India in more places and do that our access and energy team has partnered with Indian railways ... to bring connectivity to India in railway stations,\" he added. \n\n\"In most places when you say Indian railways in India it is the most impressive thing I have seen in my life,\" he said noting that there are 7,500 stations and the total track length is 3.5 times the distance to the moon and back. 25 million people ride it every day. \n\n\"I remember taking the Coromandel Express every six months ... to IIT Kharagpur and back. So we are very excited that we are starting with 100 of the busiest stations. 10 million passengers go through them every day and we hope to expand and we hope to expand it to 400 stations by the end of next year,\" Pichai said. \n\n\"We are talking about high-definition [wi-fi], video streaming being possible on these connections, so this is very, very high speed internet,\" he said. \n\nModi assured the participants of hackathons his government would like to understand and incorporate whatever they have found and ameliorate the lives of the common man in India. \n\n\"It will be our full effort to do this. I can see very clearly the benefits of this kind of technology, through the Narendra Modi app. I am connected with so many people, I get a feedback all the time. I feel that this is the new power of democracy,\" Modi added.  ", "external_links": [], "published": "2015-09-28T06:56:00.000+03:00", "crawled": "2015-09-28T04:22:17.314+03:00", "highlightTitle": ""}