{"organizations": [], "uuid": "6662f877d1be84054667412fec786c90535c375b", "thread": {"social": {"gplus": {"shares": 0}, "pinterest": {"shares": 0}, "vk": {"shares": 0}, "linkedin": {"shares": 0}, "facebook": {"likes": 0, "shares": 0, "comments": 0}, "stumbledupon": {"shares": 0}}, "site_full": "www.news24.com", "main_image": "http://cdn.24.co.za/files/Cms/General/d/2122/15b87cf87ea642a3b2ce589acf3bb107.jpg", "site_section": "http://www.news24.com/", "section_title": "News24, South Africa's premier news source, provides breaking news on national, world, Africa, sport, entertainment, technology &amp; more. ", "url": "http://www.news24.com/SouthAfrica/News/Ethekwini-municipality-workers-injured-as-driver-loses-control-20150828", "country": "ZA", "title": "Ethekwini municipality workers injured as driver loses control", "performance_score": 0, "site": "news24.com", "participants_count": 1, "title_full": "Ethekwini municipality workers injured as driver loses control | News24", "spam_score": 0.0, "site_type": "news", "published": "2015-08-29T01:01:00.000+03:00", "replies_count": 0, "uuid": "6662f877d1be84054667412fec786c90535c375b"}, "author": "news24.com", "url": "http://www.news24.com/SouthAfrica/News/Ethekwini-municipality-workers-injured-as-driver-loses-control-20150828", "ord_in_thread": 0, "title": "Ethekwini municipality workers injured as driver loses control", "locations": [], "entities": {"persons": [], "locations": [], "organizations": []}, "highlightText": "", "language": "english", "persons": [], "text": "Durban - Three eThekwini municipality workers were injured when the driver of a car, believed to be a 17-year-old, allegedly lost control of a vehicle, and pinned the men to a brick wall on Friday morning.\nHead of communications Tozi Mthethwa said the workers from the eThekwini water unit were carrying out routine maintenance to valves along Tatford Road in Phoenix.\nMthethwa said the driver, believed to be 17, was allegedly speeding.\n\"The team was inspecting valves along the verge when the car ploughed into them, ramming them against a brick wall. This resulted in sections of the wall collapsing,\" said Mthethwa.", "external_links": [], "published": "2015-08-29T01:01:00.000+03:00", "crawled": "2015-09-01T12:01:52.650+03:00", "highlightTitle": ""}