{"organizations": [], "uuid": "05aca58a5e40caacc3761ffa296d6651dfda0bf9", "thread": {"social": {"gplus": {"shares": 0}, "pinterest": {"shares": 0}, "vk": {"shares": 0}, "linkedin": {"shares": 0}, "facebook": {"likes": 0, "shares": 0, "comments": 0}, "stumbledupon": {"shares": 0}}, "site_full": "techcircle.vccircle.com", "main_image": "", "site_section": "http://techcircle.vccircle.com/feed", "section_title": "Techcircle.in - India startups, internet, mobile, e-commerce, software, online businesses, technology, venture capital, angel, seed funding", "url": "http://techcircle.vccircle.com/2015/09/30/google-nexus-5x-6p-india-prices-revealed/", "country": "US", "title": "Google Nexus 5X, 6P India prices revealed", "performance_score": 0, "site": "vccircle.com", "participants_count": 1, "title_full": "Google Nexus 5X, 6P India prices revealed", "spam_score": 0.0, "site_type": "news", "published": "2015-09-30T14:47:00.000+03:00", "replies_count": 0, "uuid": "05aca58a5e40caacc3761ffa296d6651dfda0bf9"}, "author": "Binu Paul", "url": "http://techcircle.vccircle.com/2015/09/30/google-nexus-5x-6p-india-prices-revealed/", "ord_in_thread": 0, "title": "Google Nexus 5X, 6P India prices revealed", "locations": [], "entities": {"persons": [], "locations": [], "organizations": []}, "highlightText": "", "language": "english", "persons": [], "text": "| 0 Comments Both the devices are priced below the premium offerings from Apple and Samsung \nGoogle has released its new set of flagship smartphones, Nexus 5X and Nexus 6P, well ahead of the year-end holiday shopping season. \nThough the company did not officially disclose its India pricing, the Google Play Store page shows Nexus 5X will be priced at Rs 31,900 for the variant with 16GB internal storage and Rs 35,900 for the 32GB variant. \nThe Nexus 6P is featured with a price tag of Rs 39,999 for the 32GB variant and Rs 42,999 for the 64GB model. \nThe Play Store page doesn’t say when the devices will be made available in India. \nNexus 5X and Nexus 6P, both running the new Android 6.0 operating system known as Marshmallow, have been developed in partnership with LG and Huawei, respectively. \nThe new Nexus smartphones, unveiled at an event in San Francisco, come with a slew of enhanced features including fingerprint sensors and improved cameras and other features including Android Pay. \nNexus 5X comes with a 5.2-inch display with full HD resolution and is powered by Qualcomm Snapdragon 808 processor. It sports the same 12.3-megapixel camera as its predecessor, but has an improved 5-megapixel camera at the front. It also features 2GB RAM and 2,700 mAh battery. \nBoth the devices sport USB Type-C reversible port for charging and output. \nNexus 6P is the first all-metal-body Nexus phone. It comes with a 5.7-inch AMOLED display with QHD (1440x2560p) resolution, a 64-bit processor, a 12.3-megapixel rear camera and an 8-megapixel front camera. It features an integrated Nexus Imprint fingerprint sensor on the back. \nBoth the devices are priced below the premium offerings from Apple – iPhone 6S and 6S Plus – and the high-end phones from Samsung. \nIndia’s smartphone market is dominated by Android devices. According to data provider IDC, Google’s mobile operating system has an overwhelming lead over its competitors with more than 91 per cent market share in the country. Windows Phone is the second most used mobile OS in India with a market share of 5.4 per cent. Apple’s iOS, which powers iPhones, has a market share of 2.3 per cent.", "external_links": [], "published": "2015-09-30T14:47:00.000+03:00", "crawled": "2015-09-30T15:26:49.219+03:00", "highlightTitle": ""}