{"organizations": ["Lockheed"], "uuid": "6046df3d658ad92325ed784134242c9d876fc846", "thread": {"social": {"gplus": {"shares": 0}, "pinterest": {"shares": 0}, "vk": {"shares": 0}, "linkedin": {"shares": 0}, "facebook": {"likes": 0, "shares": 0, "comments": 0}, "stumbledupon": {"shares": 0}}, "site_full": "www.naval-technology.com", "main_image": "", "site_section": "http://www.naval-technology.com/feeds/site-feed.xml", "section_title": "Naval Technology-Updates", "url": "http://www.naval-technology.com/news/newslockheed-introduces-its-new-amphibious-combat-vehicle-4677153", "country": "", "title": "Lockheed introduces its new amphibious combat vehicle", "performance_score": 0, "site": "naval-technology.com", "participants_count": 0, "title_full": "Lockheed introduces its new amphibious combat vehicle", "spam_score": 0.0, "site_type": "news", "published": "2015-09-23T02:00:00.000+03:00", "replies_count": 0, "uuid": "6046df3d658ad92325ed784134242c9d876fc846"}, "author": "", "url": "http://www.naval-technology.com/news/newslockheed-introduces-its-new-amphibious-combat-vehicle-4677153", "ord_in_thread": 0, "title": "Lockheed introduces its new amphibious combat vehicle", "locations": [], "entities": {"persons": [], "locations": [], "organizations": []}, "highlightText": "", "language": "english", "persons": [], "text": "Lockheed introduces its new amphibious combat vehicle 23 September 2015 Print Email \nLockheed Martin has introduced its new amphibious combat vehicle (ACV) 1.1 at the Modern Day Marine trade show in Quantico, Virginia, US. \nThe new armoured, eight-wheel-drive vehicle will be capable of carrying up to 13 Marines between land and water also offer high levels of blast protection. \nLockheed's ACV programme aims to allow the US Marine Corps to replace its aging fleet of Amphibious Assault Vehicles, which have been in service since the 1970s. \nLockheed Martin Missiles and Fire Control Ground Vehicles vice-president Scott Greene said: \"We have been committed to the Marine Corps for more than eight years in the growth and evolution of the ACV and its predecessor programmes. \n\"In concert with the Marine Corps' desire for domestic production, Lockheed Martin has assembled a supplier team that will enable the manufacturing and delivery of a vehicle that meets or exceeds their requirements at the right price.\" \"Lockheed Martin has assembled a supplier team that will enable the manufacturing and delivery of a vehicle that meets or exceeds their requirements.\" \nLockheed's new product features a modular, easily upgradable 8x8 design, offering superior growth for a number of variants, weapons, sensors and communications options. \nThe new product will meet Marine Corps' ACV requirements in four key areas, including water operations, land operations, payload capacity and protection. \nThe system features off-the-shelf components and products currently in service on vehicles worldwide. \nLockheed Martin is the original equipment manufacturer, systems integrator, and final-assembly, integration and test agent for its ACV, the company stated. \nImage: Lockheed Martin's new Amphibious Combat Vehicle candidate undergoes testing in Saginaw, Michigan. Photo: courtesy of Lockheed Martin Corporation. Follow Us:", "external_links": [], "published": "2015-09-23T02:00:00.000+03:00", "crawled": "2015-09-23T17:04:54.027+03:00", "highlightTitle": ""}