{"organizations": [], "uuid": "45b8ba993f41725684505f1f34e7c1f6ff08585a", "thread": {"social": {"gplus": {"shares": 0}, "pinterest": {"shares": 0}, "vk": {"shares": 0}, "linkedin": {"shares": 0}, "facebook": {"likes": 0, "shares": 0, "comments": 0}, "stumbledupon": {"shares": 0}}, "site_full": "www.cbs8.com", "main_image": "http://images.worldnow.com/AP/images/8893137_G.jpg", "site_section": "http://www.cbs8.com/category/58532/technology", "section_title": "Technology News | Cellphones, Social Media, Internet &amp; Gadgets - CBS News 8 - San Diego, CA News Station - KFMB Channel 8", "url": "http://www.cbs8.com/story/30128668/the-latest-dutch-vw-dealers-halt-sale-of-diesel-cars", "country": "US", "title": "The Latest: Dutch VW dealers halt sale of diesel cars", "performance_score": 0, "site": "cbs8.com", "participants_count": 1, "title_full": "The Latest: Dutch VW dealers halt sale of diesel cars - CBS News 8 - San Diego, CA News Station - KFMB Channel 8", "spam_score": 0.0, "site_type": "news", "published": "2015-09-28T03:00:00.000+03:00", "replies_count": 0, "uuid": "45b8ba993f41725684505f1f34e7c1f6ff08585a"}, "author": "cbs8", "url": "http://www.cbs8.com/story/30128668/the-latest-dutch-vw-dealers-halt-sale-of-diesel-cars", "ord_in_thread": 0, "title": "The Latest: Dutch VW dealers halt sale of diesel cars", "locations": [], "entities": {"persons": [], "locations": [], "organizations": []}, "highlightText": "", "language": "english", "persons": [], "text": "By The Associated Press\nBERLIN (AP) - The latest developments on the Volkswagen emissions scandal. All times local.\n___\n9:40 p.m.\nDutch Volkswagen dealers are halting the sale of diesel cars that may be affected by the German automaker's emissions-rigging scandal.\nPon, the Dutch importer of Volkswagens, Audis, SEATs and Skodas, says in a statement that the temporary sales halt applies to 4,100 cars that its dealers still have in stock.\nThe company said Monday the decision comes \"in anticipation of full clarity from the manufacturer Volkswagen AG about a solution to the problems with these engines.\"\nPon says the cars affected all have \"Euro 5 diesel engines of the type EA189.\"\nVolkswagen said last week that 11 million vehicles worldwide contain software involved in the emissions-rigging scandal, and later added that 5 million of those were cars were produced by its core VW brand. The group hasn't yet given a full listing of what cars were involved.\n___\n7:45 p.m.\nCzech carmaker Skoda Auto, which belongs to Volkswagen AG, says 1.2 million of its vehicles had the engine that manipulated emissions data.\nSkoda Auto spokesman Jozef Balaz told Czech public television on Monday that Volkswagen plans to recall all those cars and will cover the cost.\nVolkswagen previously said 11 million vehicles worldwide contain software involved in the emissions-rigging scandal.\nThe company has set aside $7.3 billion to pay for the scandal.\n___\n3:40 p.m.\nA presentation about the car industry by former Volkswagen CEO Martin Winterkorn in Hungary has been canceled.\nThe cancellation was confirmed Monday - when German prosecutors said they were investigating Winterkorn over VW's emissions-rigging scandal - by the Hungarian subsidiary of Audi, majority-owned by Volkswagen.\nWinterkorn was scheduled to hold a presentation titled \"The future of the car? - Challenges and solutions from Volkswagen's perspective\" on Wednesday at the Budapest University of Technology and Economics.\nThe university's website says Winterkorn has been its honorary professor since 2003 and has been holding presentations there for years.\nThe Hungarian subsidiary of Audi makes cars and engines for Audi AG and other Volkswagen companies like Seat at its plant in the city of Gyor, northwest Hungary.\n___\n12:55 p.m.\nGerman prosecutors have opened an investigation against former Volkswagen CEO Martin Winterkorn in the company's emissions-rigging scandal.\nProsecutors in Braunschweig said Monday that the investigation would concentrate on the suspicion of fraud committed through the sale of vehicles with manipulated emissions data.\nIt added that the probe aims to establish who was responsible. Prosecutors have received a number of criminal complaints in the case, including one from Volkswagen itself that doesn't name any suspects.\n___\n12:15 p.m.\nVolkswagen AG's upmarket Audi brand says 2.1 million of its vehicles are among those with the engines affected by the emissions-rigging scandal.\nAudi said Monday that the engine in question was built into 1.6-liter and 2-liter turbo diesel models in the A1, A3, A4, A6, TT, Q3 and Q5 ranges, news agency dpa reported. The cars involved have engines in the \"euro 5\" emissions category; those with the newer \"euro 6\" engines aren't affected by the emissions scandal.\nVolkswagen said last week that 11 million vehicles worldwide contain software involved in the emissions-rigging scandal, and later added that 5 million of those were cars were produced by its core VW brand. The group hasn't yet given a full listing of what cars were involved.\n___\n11:00 a.m.\nA European environmental organization says it has found some new models of Mercedes, Volkswagens, BMWs and other new cars consume much more gasoline than lab tests claim.\nThe organization, Transport & Environment, said Monday it had found no proof the cars are equipped with the same sort of \"defeat devices\" installed on diesel-powered Volkswagens to enable them to cheat on emissions tests.\nBut the group called on European Union governments to broaden their probes into the \"defeat devices\" to cover gasoline cars as well.\nTransport & Environment said according to its research, the gap between lab test results for fuel economy and real-world performance rose last year to 40 percent on average, from 8 percent in 2001.\nIt said the difference for Mercedes A, C and E class models is over 50 percent.\n ", "external_links": [], "published": "2015-09-28T03:00:00.000+03:00", "crawled": "2015-09-28T23:49:51.324+03:00", "highlightTitle": ""}