{"organizations": [], "uuid": "7fdd98e9a280c3c55b6be9b6cab894a8f904670d", "thread": {"social": {"gplus": {"shares": 0}, "pinterest": {"shares": 0}, "vk": {"shares": 0}, "linkedin": {"shares": 0}, "facebook": {"likes": 0, "shares": 0, "comments": 0}, "stumbledupon": {"shares": 0}}, "site_full": "timesofindia.indiatimes.com", "main_image": "http://timesofindia.indiatimes.com/photo/49060529.cms", "site_section": "http://timesofindia.indiatimes.com/rssfeeds/5880659.cms", "section_title": "Technology News, Latest Gadget Reviews, Gaming & Tech Videos | Times of India", "url": "http://timesofindia.indiatimes.com/tech/tech-news/Xiaomi-announces-telecom-carrier-service-Mi-Mobile/articleshow/49060501.cms", "country": "IL", "title": "Xiaomi announces telecom carrier service, Mi Mobile", "performance_score": 0, "site": "indiatimes.com", "participants_count": 2, "title_full": "Xiaomi announces telecom carrier service, Mi Mobile - The Times of India", "spam_score": 0.0, "site_type": "news", "published": "2015-09-22T19:58:00.000+03:00", "replies_count": 1, "uuid": "56b5946388d00a6eff2ea5c87f961ce01ec252c6"}, "author": "timesofindia.indiatimes.com", "url": "http://timesofindia.indiatimes.com/tech/tech-news/Xiaomi-announces-telecom-carrier-service-Mi-Mobile/articleshow/49060501.cms#post-0", "ord_in_thread": 0, "title": "Xiaomi announces telecom carrier service, Mi Mobile", "locations": [], "entities": {"persons": [], "locations": [], "organizations": []}, "highlightText": "", "language": "english", "persons": [], "text": "BEIJING: Xiaomi, China's leading smartphone maker, announced two prepaid wireless plans to mark its debut as a mobile virtual network operator (MVNO) competing against China's national carriers. \n\nMVNOs, which purchase network capacity from large carriers and resell mobile plans under their own branding, have failed to gain traction in China, where three state-owned giants dominate the telecoms industry. \n\nBut as China's most popular handset brand, Xiaomi's foray into the sector could finally kickstart the MVNO industry and provide a boost for Chinese telecom regulators who have sought for years to introduce market competition against the trio of state-owned carriers often criticized for their poor profitability and perceived bloat. \n\nXiaomi's new wireless business, called Mi Mobile, will offer voice and data services and utilize either the China Unicom or China Telecom networks. \n\nThe launch comes less than six months after Google announced it would launch an MVNO service in the United States called \"Fi\" that piggybacks off Sprint and T-Mobile's networks. \n\nThere have been rumours that Apple is similarly mulling an MVNO business, although the iPhone maker has not disclosed any plans. \n\nAt a Tuesday launch event in Beijing, Xiaomi, which was valued at $45 billion after a December funding round, also unveiled its new flagship handset called the Mi 4c, a 1299 yuan ($203.76) Android smartphone featuring a Qualcomm processor, 5-inch display and 13MP camera.  ", "external_links": [], "published": "2015-09-22T19:58:00.000+03:00", "crawled": "2015-09-23T08:06:02.874+03:00", "highlightTitle": ""}