{"organizations": [], "uuid": "d6799a91ae06d358984cf8b1be527cbe12278bf1", "thread": {"social": {"gplus": {"shares": 0}, "pinterest": {"shares": 0}, "vk": {"shares": 0}, "linkedin": {"shares": 0}, "facebook": {"likes": 0, "shares": 0, "comments": 0}, "stumbledupon": {"shares": 0}}, "site_full": "www.freshnews.com", "main_image": "", "site_section": "http://freshnews.com//news/technology/feed", "section_title": "FreshNews.com - Technology News", "url": "http://www.freshnews.com/news/1134190/oceanfirst-bank-implements-ncino-s-technology-commercial-loan-processing", "country": "US", "title": "OceanFirst Bank Implements nCino’s Technology for Commercial Loan Processing", "performance_score": 0, "site": "freshnews.com", "participants_count": 1, "title_full": "OceanFirst Bank Implements nCino’s Technology for Commercial Loan Processing", "spam_score": 0.0, "site_type": "news", "published": "2015-09-30T14:40:00.000+03:00", "replies_count": 0, "uuid": "d6799a91ae06d358984cf8b1be527cbe12278bf1"}, "author": "admin", "url": "http://www.freshnews.com/news/1134190/oceanfirst-bank-implements-ncino-s-technology-commercial-loan-processing", "ord_in_thread": 0, "title": "OceanFirst Bank Implements nCino’s Technology for Commercial Loan Processing", "locations": [], "entities": {"persons": [], "locations": [], "organizations": []}, "highlightText": "", "language": "english", "persons": [], "text": "Submitted by admin on 9/30/2015 @ 4:40 AM   nCino \nWILMINGTON, N.C. -- (BUSINESS WIRE) -- nCino, the leader in cloud banking, announced today that OceanFirst Bank has implemented its Bank Operating System to be utilized for commercial loan processing and approval. This will enhance the internal technology available to the OceanFirst commercial lending division, an area that is already experiencing double-digit growth. \nThe $2.5 billion New Jersey institution has a seasoned commercial lending team providing a range of financial solutions including construction loans, commercial mortgages and lines of credit to support businesses’ cash flow and working capital needs. With nCino’s Bank Operating System , OceanFirst has added a comprehensive, secure platform to run alongside its existing core processing system that combines customer relationship management (CRM), business process management, enterprise content management, and business intelligence and reporting. nCino helps automate and simplify the entire lending process, enabling open, transparent communication to happen around each loan file throughout its lifecycle. \n“With nCino’s system, OceanFirst has been able to enhance the technology for underwriting and maintaining customer relationships generated by our commercial lending division,” said Joseph J. Lebel, OceanFirst Bank Executive Vice President and Chief Lending Officer. “We are pleased to have nCino as a strong partner to provide system solutions to effectively support our growth.” \n“In today’s banking environment, how financial institutions operate, store data and deliver customer value and service is continually evolving,” said Josh Glover, senior vice president of community and regional financial institutions at nCino. “Innovative institutions like OceanFirst are at the forefront of implementing new solutions for age-old processes. By adopting nCino’s Bank Operating System, they are discovering firsthand the benefits of the most current technology - from enhanced data security and operational efficiency to increased time savings - which ultimately allows them to focus their attention on serving their customers.” \nAbout nCino \nnCino is the leader in cloud-based operating solutions for the financial services industry. Through its Bank Operating System , nCino leverages the power and security of the Salesforce platform to deliver a complete banking solution. Dedicated to transforming financial services through innovation, reputation and speed, nCino’s technology enables financial institutions of all sizes to expand market share, adapt to meet regulatory compliance, drive profitability and optimize operational transparency. Founded in 2012, nCino is headquartered in Wilmington, N.C. For more information, visit www.ncino.com and follow us on Twitter: @nCino . View source version on businesswire.com: http://www.businesswire.com/news/home/20150930005589/en/ Copyright © Business Wire 2015", "external_links": [], "published": "2015-09-30T14:40:00.000+03:00", "crawled": "2015-09-30T15:50:49.490+03:00", "highlightTitle": ""}