{"organizations": [], "uuid": "25a87e4868e84ae90a8f70f9da22daefc1647f32", "thread": {"social": {"gplus": {"shares": 0}, "pinterest": {"shares": 0}, "vk": {"shares": 0}, "linkedin": {"shares": 0}, "facebook": {"likes": 0, "shares": 0, "comments": 0}, "stumbledupon": {"shares": 0}}, "site_full": "www.news24.com", "main_image": "http://cdn.24.co.za/files/Cms/General/d/2677/861253e297a347988060e5b4ae5d0667.jpg", "site_section": "http://www.news24.com/", "section_title": "News24, South Africa's premier news source, provides breaking news on national, world, Africa, sport, entertainment, technology &amp; more. ", "url": "http://www.news24.com/SouthAfrica/News/Broken-iron-saves-farm-couple-from-torture-20150921", "country": "ZA", "title": "Broken iron saves farm couple from torture", "performance_score": 0, "site": "news24.com", "participants_count": 1, "title_full": "Broken iron saves farm couple from torture | News24", "spam_score": 0.0, "site_type": "news", "published": "2015-09-22T00:07:00.000+03:00", "replies_count": 0, "uuid": "25a87e4868e84ae90a8f70f9da22daefc1647f32"}, "author": "news24.com", "url": "http://www.news24.com/SouthAfrica/News/Broken-iron-saves-farm-couple-from-torture-20150921", "ord_in_thread": 0, "title": "Broken iron saves farm couple from torture", "locations": [], "entities": {"persons": [], "locations": [], "organizations": []}, "highlightText": "", "language": "english", "persons": [], "text": "Pilgrim's Rest - Three suspects are on the run after holding two victims at gunpoint and trying to torture them with a hot iron at the Doornhoek Farm in Pilgrim's Rest, Mpumalanga.\nThis was the second farm attack to occur in Mpumalanga over the weekend.\nAccording to police spokesperson Constable Khethumuzi Nkosi, in the second incident three suspects wearing gloves and balaclavas entered a house on the farm at around 22:00 on Saturday and harassed the occupants.\n\"Two victims were tied up with a rope and chains after three armed men entered their house. They demanded cash and firearms from the victims.", "external_links": [], "published": "2015-09-22T00:07:00.000+03:00", "crawled": "2015-09-21T20:01:38.125+03:00", "highlightTitle": ""}