{"organizations": ["Reuters Comment", "Google"], "uuid": "a1e2b41484c322be03f2dcafc0966f6e32abae7f", "thread": {"social": {"gplus": {"shares": 0}, "pinterest": {"shares": 0}, "vk": {"shares": 0}, "linkedin": {"shares": 0}, "facebook": {"likes": 0, "shares": 0, "comments": 0}, "stumbledupon": {"shares": 0}}, "site_full": "www.iol.co.za", "main_image": "http://www.iol.co.za/polopoly_fs/iol-pic-sept30-google-nexus-phone-front-epa-04956187-1.1922818!/image/770402466.jpg_gen/derivatives/box_600/770402466.jpg", "site_section": "http://www.iol.co.za/cmlink/science-technology-business-rss-1.847516", "section_title": "Science Technology Business RSS", "url": "http://www.iol.co.za/google-unveils-latest-nexus-phones-1.1922819", "country": "US", "title": "Google unveils latest Nexus phones", "performance_score": 0, "site": "iol.co.za", "participants_count": 0, "title_full": "Google unveils latest Nexus phones", "spam_score": 0.0, "site_type": "news", "published": "2015-09-30T06:24:00.000+03:00", "replies_count": 0, "uuid": "a1e2b41484c322be03f2dcafc0966f6e32abae7f"}, "author": "", "url": "http://www.iol.co.za/google-unveils-latest-nexus-phones-1.1922819", "ord_in_thread": 0, "title": "Google unveils latest Nexus phones", "locations": ["California", "San Francisco"], "entities": {"persons": [], "locations": [], "organizations": []}, "highlightText": "", "language": "english", "persons": [], "text": "Google unveils latest Nexus phones September 30 2015 at 05:24am By Reuters Comment on this story EPA The new Nexus 6P phone was introduced by Google at a press event in San Francisco, California. The Nexus 5X and Nexus 6P phones run on Android Marshmallow. Picture: Google, via EPA \nSan Francisco - Google unveiled its new Nexus phones on Tuesday in its latest attempt to take a bite out of Apple's dominant share of the smartphone market. \nThe launch of the phones, the Nexus 6P and the Nexus 5X, comes a day after Apple reported record first-weekend sales of its new iPhones. \nThe Nexus 5X 16 GB model will be priced at $379, while the Nexus 6P 32 GB will cost $499, Google said at an event live-streamed on YouTube. \nApple's 6s and 6s Plus start at $199 and $299, respectively, with a two-year service-provider contract. \nNexus devices, which typically do not sell as much as iPhones or iPads, are a way for the tech giant to showcase its latest advancements in mobile hardware and software. \nGoogle also unveiled a tablet built entirely by the company based on its Android operating system. \nThe latest version of Android, dubbed Marshmallow, will be available to existing Nexus customers from next week. \nThe Android mobile platform is a key element in Google's strategy to maintain revenue from online advertising as people switch from Web browser searches to smartphone apps. \nThe Nexus 5X is made by South Korea's LG Electronics and the Nexus 6P by China's Huawei Technologies. Both phones feature Google's new fingerprint sensor, Nexus Imprint, which is located on the back. \nThe fingerprint sensors will help quickly authorise purchases made through Android Pay, the one-touch payment app on Android devices that competes with Apple Pay. \nThe phones are available for pre-order on the Google Store from a number of countries including the United States, the United Kingdom, Ireland and Japan. \nThe Pixel C tablet will cost $499 for the 32 GB model and can be bought with a detachable keyboard, which will cost $149. \nThe tablet will be available in time for the holiday season on the Google Store. \nThe Pixel tablet puts Google in the sights of its biggest competitors, Apple's iPad Pro and Microsoft’s Surface tablets, which also have optional keyboards. \nGoogle also unveiled a redesigned version of its Chromecast device for streaming Web content to TVs and introduced Chromecast Audio, which plugs into speakers to stream audio over Wi-Fi. Chromecast Audio, priced at $35, works with apps including Spotify, Pandora and Google Play Music. Chromecast competes with the Apple TV set-top box. \nREUTERS", "external_links": [], "published": "2015-09-30T06:24:00.000+03:00", "crawled": "2015-09-30T17:24:05.780+03:00", "highlightTitle": ""}