{"organizations": [], "uuid": "404fb05a8bf3e874477765225b2078387f47626a", "thread": {"social": {"gplus": {"shares": 0}, "pinterest": {"shares": 0}, "vk": {"shares": 0}, "linkedin": {"shares": 0}, "facebook": {"likes": 0, "shares": 0, "comments": 0}, "stumbledupon": {"shares": 0}}, "site_full": "www.i360gov.com", "main_image": "", "site_section": "http://feeds.feedburner.com/FederalGovernmentNewsRss-I360Gov", "section_title": "Government Policy, Business and Technology: i360 Gov", "url": "http://www.i360gov.com/government-health-IT-news/2015/sep/28/could-austin-be-the-next-health-it-hub", "country": "US", "title": "Could Austin be the next health IT hub?", "performance_score": 0, "site": "i360gov.com", "participants_count": 0, "title_full": "Could Austin be the next health IT hub?", "spam_score": 0.0, "site_type": "news", "published": "2015-09-28T13:35:00.000+03:00", "replies_count": 0, "uuid": "404fb05a8bf3e874477765225b2078387f47626a"}, "author": "", "url": "http://www.i360gov.com/government-health-IT-news/2015/sep/28/could-austin-be-the-next-health-it-hub", "ord_in_thread": 0, "title": "Could Austin be the next health IT hub?", "locations": [], "entities": {"persons": [], "locations": [], "organizations": []}, "highlightText": "", "language": "english", "persons": [], "text": "28 Could Austin be the next health IT hub? \nHealthcare IT News: Healthcare IT enthusiasts in Austin, Texas are bullish on their city's prospects for becoming one of the country's next major hubs for healthcare technology and innovation. Thanks to a new medical school, an established high-tech community, and support from a couple of strong flagship IT companies, Austin's healthcare technology community appears poised for solid growth.", "external_links": [], "published": "2015-09-28T13:35:00.000+03:00", "crawled": "2015-09-29T00:56:13.694+03:00", "highlightTitle": ""}