{"organizations": [], "uuid": "b23a67887ad3b80598dcb1dda73832b000bbab56", "thread": {"social": {"gplus": {"shares": 0}, "pinterest": {"shares": 0}, "vk": {"shares": 0}, "linkedin": {"shares": 0}, "facebook": {"likes": 0, "shares": 0, "comments": 0}, "stumbledupon": {"shares": 0}}, "site_full": "www.news24.com", "main_image": "http://cdn.24.co.za/files/Cms/General/d/445/ea2ca9ff33014518911d6273f9a41a3f.jpg", "site_section": "http://www.news24.com/", "section_title": "News24, South Africa's premier news source, provides breaking news on national, world, Africa, sport, entertainment, technology &amp; more. ", "url": "http://www.news24.com/SouthAfrica/News/11-injured-in-Vereeniging-taxi-crash-20150927", "country": "ZA", "title": "11 injured in Vereeniging taxi crash", "performance_score": 0, "site": "news24.com", "participants_count": 1, "title_full": "11 injured in Vereeniging taxi crash | News24", "spam_score": 0.0, "site_type": "news", "published": "2015-09-28T05:22:00.000+03:00", "replies_count": 0, "uuid": "b23a67887ad3b80598dcb1dda73832b000bbab56"}, "author": "news24.com", "url": "http://www.news24.com/SouthAfrica/News/11-injured-in-Vereeniging-taxi-crash-20150927", "ord_in_thread": 0, "title": "11 injured in Vereeniging taxi crash", "locations": [], "entities": {"persons": [], "locations": [], "organizations": []}, "highlightText": "", "language": "english", "persons": [], "text": "Johannesburg - Eleven people were injured on Sunday night when two taxis collided on Joubert Road in Vereeniging, paramedics said.\nWhen ER24 paramedics and other emergency services arrived on the scene, one taxi was on the pavement, ER24 spokesperson Russel Meiring said in a statement.\nThe second taxi was in the middle of the road.\nOccupants of both taxis were found scattered around the scene, either on the pavement or in their respective vehicles.", "external_links": [], "published": "2015-09-28T05:22:00.000+03:00", "crawled": "2015-09-27T22:58:56.469+03:00", "highlightTitle": ""}