{"organizations": [], "uuid": "c1f0dee48b66d2f979fdc69ff79a1976ef533f50", "thread": {"social": {"gplus": {"shares": 0}, "pinterest": {"shares": 0}, "vk": {"shares": 0}, "linkedin": {"shares": 0}, "facebook": {"likes": 0, "shares": 0, "comments": 0}, "stumbledupon": {"shares": 0}}, "site_full": "www.industriesnews.net", "main_image": "", "site_section": "http://www.industriesnews.net/rss.php/?ind=technology", "section_title": "industriesnews.net  - Breaking Technology News latest RSS headlines", "url": "http://www.industriesnews.net/story?sid=s236300257&ampcid=400", "country": "US", "title": "WiFi Password Generator Joke", "performance_score": 0, "site": "industriesnews.net", "participants_count": 0, "title_full": "WiFi Password Generator Joke", "spam_score": 0.0, "site_type": "news", "published": "2015-08-31T19:21:00.000+03:00", "replies_count": 0, "uuid": "c1f0dee48b66d2f979fdc69ff79a1976ef533f50"}, "author": "", "url": "http://www.industriesnews.net/story?sid=s236300257&ampcid=400", "ord_in_thread": 0, "title": "WiFi Password Generator Joke", "locations": ["U.S."], "entities": {"persons": [], "locations": [], "organizations": []}, "highlightText": "", "language": "english", "persons": [], "text": "Russian Nuclear Official Pleads Guilty To Corruption In U.S. Technology Industry News.Net \nU.S. authorities say a former Russian nuclear official has pleaded guilty to conspiracy to commit money laundering for his role in arranging millions of dollars in \"corrupt\" payments linked to the ... Gambian man faces charges for sharing image of Prophet Mohammed on Facebook Technology Industry News.Net \nAlhagie Mam Seye, a Gambian citizen, has been charged with \"uttering words with intent to wound religious feelings\" after he shared a picture of Prophet Mohammed on Facebook. Seye, whose case is ... David Beckham dedicates `Buster tattoo to son Technology Industry News.Net \nFormer footballer David Beckham has added one more tattoo on his body and has dedicated it to his eldest son Brooklyn. The new tattoo has been inked on Bekham's neck and it reads 'Buster', reports ... Free Wi-Fi facility in DTC buses soon Kejriwal Technology Industry News.Net \nDelhi Chief Minister Arvind Kejriwal on Monday announced that free Wi-Fi facility would soon be provided in Delhi Transport Corporation (DTC) buses. \"Delhi government will provide free Wi-Fi ...", "external_links": [], "published": "2015-08-31T19:21:00.000+03:00", "crawled": "2015-09-01T05:13:27.011+03:00", "highlightTitle": ""}