{"organizations": [], "uuid": "eae0bb62167b0871cb1018fc42e87e9c0e363b3b", "thread": {"social": {"gplus": {"shares": 0}, "pinterest": {"shares": 0}, "vk": {"shares": 0}, "linkedin": {"shares": 0}, "facebook": {"likes": 0, "shares": 0, "comments": 0}, "stumbledupon": {"shares": 0}}, "site_full": "www.therepublic.com", "main_image": "http://d1bdhkmqqz901h.cloudfront.net/fit-in/1200x630/filters:fill(white)/cdn1.therepublic.com/tr_assets/images/TheRepublic-Icon-2048x2048.jpg", "site_section": "http://www.therepublic.com/feed/subject/29dfdd288b6b10048ff4bd945080b03e", "section_title": "Computing and information technology News from TheRepublic.com", "url": "http://www.therepublic.com/view/story/217d5a0cf2e44ae295667d2385cb4f0f/ME--Broadband-Summit", "country": "US", "title": "Sen. King speaks at broadband summit", "performance_score": 0, "site": "therepublic.com", "participants_count": 0, "title_full": "Sen. King speaks at broadband summit", "spam_score": 0.0, "site_type": "news", "published": "2015-09-28T18:20:00.000+03:00", "replies_count": 0, "uuid": "eae0bb62167b0871cb1018fc42e87e9c0e363b3b"}, "author": "", "url": "http://www.therepublic.com/view/story/217d5a0cf2e44ae295667d2385cb4f0f/ME--Broadband-Summit", "ord_in_thread": 0, "title": "Sen. King speaks at broadband summit", "locations": ["Maine", "Portland"], "entities": {"persons": [], "locations": [], "organizations": []}, "highlightText": "", "language": "english", "persons": ["King"], "text": "Sen. King of Maine speaks at regional broadband summit in Portland, Maine \nTHE ASSOCIATED PRESS Published: 9/28/15 11:20 am EDT - Updated: 9/28/15 11:20 am EDT \nPORTLAND, Maine — Sen. Angus King says too many Mainers are being denied a \"gateway to economic and educational opportunity in the 21st century\" by lack of high-speed Internet in the state. \nThe independent from Maine spoke Monday at a regional broadband summit hosted by Next Century Cities and the National Telecommunications and Information Administration. \nThe daylong Digital New England event is being held Monday in Portland. \nJoining King in a keynote conversation were Susan Crawford, President Barack Obama 's former special assistant for science, technology, and innovation, and David Edelman, the president's special assistant for economic and technology policy. \nKing is a strong proponent of technology and broadband infrastructure. He says that improving the state's infrastructure can \"improve the economic prospects for our state and put Maine on a path to prosperity.\" \n   ", "external_links": [], "published": "2015-09-28T18:20:00.000+03:00", "crawled": "2015-09-28T18:28:18.564+03:00", "highlightTitle": ""}