{"organizations": [], "uuid": "49821d54b1528844d4010b9b9962c34ddf33e919", "thread": {"social": {"gplus": {"shares": 0}, "pinterest": {"shares": 0}, "vk": {"shares": 0}, "linkedin": {"shares": 0}, "facebook": {"likes": 0, "shares": 0, "comments": 0}, "stumbledupon": {"shares": 0}}, "site_full": "mobilemarketingandtechnology.com", "main_image": "", "site_section": "http://www.mobilemarketingandtechnology.com/?feed=rss2", "section_title": "Mobile Marketing & Technology", "url": "http://mobilemarketingandtechnology.com/2015/09/30/walmartlabs-acquires-punchtab-to-bolster-sams-club-customer-experience/", "country": "US", "title": "WalmartLabs Acquires PunchTab To Bolster Sam's Club Customer Experience", "performance_score": 0, "site": "mobilemarketingandtechnology.com", "participants_count": 1, "title_full": "WalmartLabs Acquires PunchTab To Bolster Sam's Club Customer Experience", "spam_score": 0.0, "site_type": "news", "published": "2015-09-30T19:55:00.000+03:00", "replies_count": 0, "uuid": "49821d54b1528844d4010b9b9962c34ddf33e919"}, "author": "syndicated", "url": "http://mobilemarketingandtechnology.com/2015/09/30/walmartlabs-acquires-punchtab-to-bolster-sams-club-customer-experience/", "ord_in_thread": 0, "title": "WalmartLabs Acquires PunchTab To Bolster Sam's Club Customer Experience", "locations": [], "entities": {"persons": [], "locations": [], "organizations": []}, "highlightText": "", "language": "english", "persons": [], "text": "Your email address will not be published. Required fields are marked * Name * Website Comment You may use these HTML tags and attributes: <a href=\"\" title=\"\"><abbr title=\"\"><acronym title=\"\"><b><blockquote cite=\"\"><cite><code><del datetime=\"\"><em><i><q cite=\"\"><strike><strong> MPC2015 Join the MM&T Mobile Club Receive the latest Mobile Marketing, Technology, and Payment news directly on your mobile device! - - Msg&Data Rates May Apply 4x msg. month max, Reply HELP for Help, STOP to Cancel. You can opt out any time.", "external_links": [], "published": "2015-09-30T19:55:00.000+03:00", "crawled": "2015-09-30T23:18:07.856+03:00", "highlightTitle": ""}