{"organizations": [], "uuid": "54acf3dc4f07ed31ef6935f0d44abfee0e8c2b69", "thread": {"social": {"gplus": {"shares": 0}, "pinterest": {"shares": 0}, "vk": {"shares": 0}, "linkedin": {"shares": 0}, "facebook": {"likes": 0, "shares": 0, "comments": 0}, "stumbledupon": {"shares": 0}}, "site_full": "www.i360gov.com", "main_image": "", "site_section": "http://feeds.feedburner.com/FederalGovernmentNewsRss-I360Gov", "section_title": "Government Policy, Business and Technology: i360 Gov", "url": "http://www.i360gov.com/government-energy-news/2015/sep/28/michigan-debates-energy-deregulation", "country": "US", "title": "Michigan debates energy deregulation", "performance_score": 0, "site": "i360gov.com", "participants_count": 0, "title_full": "Michigan debates energy deregulation", "spam_score": 0.0, "site_type": "news", "published": "2015-09-28T13:54:00.000+03:00", "replies_count": 0, "uuid": "54acf3dc4f07ed31ef6935f0d44abfee0e8c2b69"}, "author": "", "url": "http://www.i360gov.com/government-energy-news/2015/sep/28/michigan-debates-energy-deregulation", "ord_in_thread": 0, "title": "Michigan debates energy deregulation", "locations": ["Michigan"], "entities": {"persons": [], "locations": [], "organizations": []}, "highlightText": "", "language": "english", "persons": [], "text": "Concept tagging by the AlchemyAPI About \ni360Gov is an intelligent network of websites and e-newsletters that provides government business, policy and technology leaders with a single destination for the most important news and analysis regarding their agency strategies and initiatives. Contact Us", "external_links": [], "published": "2015-09-28T13:54:00.000+03:00", "crawled": "2015-09-29T00:56:12.033+03:00", "highlightTitle": ""}