{"organizations": [], "uuid": "8937631804007adcb282f4ec007c56e9ed7eb93d", "thread": {"social": {"gplus": {"shares": 0}, "pinterest": {"shares": 0}, "vk": {"shares": 0}, "linkedin": {"shares": 0}, "facebook": {"likes": 0, "shares": 0, "comments": 0}, "stumbledupon": {"shares": 0}}, "site_full": "www.freshnews.com", "main_image": "", "site_section": "http://freshnews.com/news/technology/feed", "section_title": "FreshNews.com - Technology News", "url": "http://www.freshnews.com/news/1133819/brocade-expands-its-strategic-wireless-partnerships-deliver-best-class-campus-networks", "country": "US", "title": "Brocade Expands Its Strategic Wireless Partnerships to Deliver Best-in-Class Campus Networks", "performance_score": 0, "site": "freshnews.com", "participants_count": 1, "title_full": "Brocade Expands Its Strategic Wireless Partnerships to Deliver Best-in-Class Campus Networks", "spam_score": 0.0, "site_type": "news", "published": "2015-09-29T18:00:00.000+03:00", "replies_count": 0, "uuid": "8937631804007adcb282f4ec007c56e9ed7eb93d"}, "author": "admin", "url": "http://www.freshnews.com/news/1133819/brocade-expands-its-strategic-wireless-partnerships-deliver-best-class-campus-networks", "ord_in_thread": 0, "title": "Brocade Expands Its Strategic Wireless Partnerships to Deliver Best-in-Class Campus Networks", "locations": [], "entities": {"persons": [], "locations": [], "organizations": []}, "highlightText": "", "language": "english", "persons": [], "text": "Submitted by admin on 9/29/2015 @ 8:00 AM   Brocade \nSAN JOSE, CA -- (Marketwired) -- 09/29/15 -- Brocade (NASDAQ: BRCD) today introduced its Open Mobility Solutions Program designed to assure customers that their current, and future, wireless networks will perform well when running on a Brocade® wired network infrastructure. This program addresses the need for advanced future-proof capabilities to support growth and new technologies, such as Software-Defined Networking (SDN), while offering customers a unified wired and wireless experience through strategic partnerships with leading wireless network vendors. \nTo address advances in wireless technology that have pushed wired networks to their limit -- such as increased speeds and the increased number of devices supported by each access point -- Brocade campus networking solutions provide a best-in-class foundation for wireless networks. Based on open standards technology, Brocade wired networking solutions are designed to interoperate smoothly with whatever wireless network technology customers decide to purchase in the future. To help ensure compatibility, Brocade has recently completed third-party certification testing with the leading wireless network vendors, including Aerohive, Aruba, and Ruckus. \nA key tenet of the Open Mobility Solutions Program is to provide customers with a consistent management and user experience across wired and wireless environments. To achieve this, Brocade has collaborated with best-in-class wireless partners to integrate the Brocade ICX® switches with their solutions. Not only are the joint solutions tested to ensure interoperability, but integration between Brocade products and wireless products allows customers to unify the management and security of their wired and wireless networks. In addition, unified technical support provides a single point of contact for questions or problem resolution. \n\"The Brocade Open Mobility Solutions Program was created to deliver a best-in-class wired foundation for wireless networks and to optimize customers' campus network environments,\" said Jason Nolet, senior vice president of the Switching, Routing, and Analytics Products Group at Brocade. \"Brocade pioneered this approach with Aruba Networks based on an open and interoperable framework, and our Open Mobility Solutions Program is now ready to expand to a broader set of partners. We are pleased to announce that Aerohive and Ruckus are joining our program in recognition that together we can provide unique added value to our customers -- a combined solution with a consistent experience across the wired and wireless networks.\" \nBy working closely with Aerohive, Aruba, and Ruckus, Brocade delivers a unified customer experience through: Joint engineering to provide solutions such as management tools and security policies for wired/wireless networks, delivering operational simplicity and a consistent user experience. The solutions Brocade offers with its partners are as tightly integrated as those from any single-vendor offering, without the vendor lock-in. Flexible financing with Brocade Network Subscription for wireless networks and Brocade wired networks maximizes budget flexibility and procurement simplicity . Unified technical support with Brocade wireless partners enables faster time to recovery and eliminates the finger-pointing associated with many multivendor solutions. \nSupporting Quotes Bill Hoppin, Vice President of Business Development, Aerohive - \"Cloud networking has the power to transform how our customers serve their customers. Aerohive teamed up with Brocade to bring complete and integrated cloud networking to a wired and wireless solution that is high-performance, easy to manage, and as dynamic as the customers we serve. Great Wi-Fi from Aerohive and best-in-class switches from Brocade work together in a simple, scalable, and secure network for an improved customer experience and increased value for our channel partners.\" Peter Cellarius, Vice President, Business and Corporate Development, Aruba Networks, an HP Company - \"We were pleased to be the founding wireless partner in the Brocade Open Mobility Solution. Aruba views this approach as an ideal fit and a key piece of our broader mobile-first strategy. This initiative with Brocade builds on our long-term relationship and provides the kind of consistent security, user experience, and massive scalability that enables the unique class of mobility we've deployed together at venues like Levi's Stadium.\" Kash Shaikh, Vice President of Marketing, Ruckus Wireless - \"Brocade and Ruckus have collaborated to deliver performance, scalability, security, and manageability at a low Total Cost of Ownership (TCO) for enterprise networks. Together we provide comprehensive network solutions that enable organizations to deliver an excellent user experience and enable applications that securely engage visitors and customers.\" Tim Roberts, Supervisor of Technology, Souderton Area School District - \"Our Ruckus and Brocade best-in-class solution is providing an ideal foundation for teachers to not only learn how to teach differently--it is also helping them determine what methods really make the class 'pop' and drive superior student outcomes.\" Luke Saintignan Systems and Network Administrator, Kilgore College - \"We installed the Aruba APs and the Brocade network, and it just worked. The Brocade network provides a powerful, scalable underlay for any wireless network.\" William Lambert, Director of Information Technology Cumberland University - \"Brocade and Aerohive provided best-of-breed products that worked as well or better than single-vendor solutions.\" \nAdditional Resources:", "external_links": [], "published": "2015-09-29T18:00:00.000+03:00", "crawled": "2015-09-29T19:11:53.839+03:00", "highlightTitle": ""}