{"organizations": ["Microsoft"], "uuid": "71102ad0e9517f117a2f9516af9ba1411c3d5385", "thread": {"social": {"gplus": {"shares": 0}, "pinterest": {"shares": 0}, "vk": {"shares": 0}, "linkedin": {"shares": 0}, "facebook": {"likes": 0, "shares": 0, "comments": 0}, "stumbledupon": {"shares": 0}}, "site_full": "techxplore.com", "main_image": "http://img.techxplore.com/newman/gfx/news/2015/avrkitfrommi.png", "site_section": "http://www.physorg.com/rss/rssbycategory.php?categ=16", "section_title": "Phys.org - latest science and technology news stories", "url": "http://techxplore.com/news/2015-09-vr-kit-microsoft-budget-worthy-contender.html", "country": "US", "title": "A VR Kit from Microsoft? May be budget-worthy contender", "performance_score": 0, "site": "techxplore.com", "participants_count": 0, "title_full": "A VR Kit from Microsoft? May be budget-worthy contender", "spam_score": 0.0, "site_type": "news", "published": "2015-09-29T00:10:00.000+03:00", "replies_count": 0, "uuid": "71102ad0e9517f117a2f9516af9ba1411c3d5385"}, "author": "", "url": "http://techxplore.com/news/2015-09-vr-kit-microsoft-budget-worthy-contender.html", "ord_in_thread": 0, "title": "A VR Kit from Microsoft? May be budget-worthy contender", "locations": [], "entities": {"persons": [], "locations": [], "organizations": []}, "highlightText": "", "language": "english", "persons": ["Nancy Owano"], "text": "A VR Kit from Microsoft? May be budget-worthy contender September 28, 2015 by Nancy Owano weblog \nIt's interesting what a simple cardboard box with a pair of lenses can do in drawing interest from techie sites worldwide. But then again we are in a VR-conscious marketplace and have already seen the news over Google Cardboard. \nNow a VR Kit from Microsoft is being talked up as a possible competitor to Google's Cardboard. Sounds like Cardboard: \"Microsoft is trying to attract developers to an upcoming hackathon that will use the company's VR-Kits,\" reported Thurrott on Sunday. The report said the kit works by inserting a Lumia into a cardboard box and then the user holds it to the face. Microsoft VR Kit can, like Cardboard, turn a phone into a VR experience. \nThe Microsoft flavor was spotted on a site to promote a hackathon in Russia, an event to take place on October 17. Jared Newman of PC World said that \"Participants will get their own cardboard phone holder, and will compete to win prizes for the best VR game, education app, and corporate app. A Kinect scanner will allow people to bring 3D models of themselves into the virtual world.\" \nBrad Linder in Liliputing reminded anyone who is not yet familiar with Cardboard: This is \"a project that can turn just about any recent iPhone or Android phone into a virtual reality device . Just follow Google's instructions for assembling a VR headset from a piece of cardboard and insert your phone to use it as the brains and screen of the system… or buy a pre-made kit.\" \nWhile it sounds a lot like Cardboard, Linder poked at what could be seen about it and came up with how it might differ: \n\"It's interesting to note that while the back of Google's Cardboard design covers up the entire smartphone, the Microsoft VR Kit seems to have a cut-out for the camera, suggesting that the company envisions VR apps that can take advantage of the camera to snap photos, videos, or perhaps create augmented-reality situations where virtual objects are overlaid on real-world environments captured with a smartphone camera.\" \nStill, all this talk about comparisons between Google Cardboard and this spotted promotion remains buzz. \nWinBeta said on Monday that \"no word has emerged on Microsoft's plans for this VR platform of what its implications would be for the Windows 10 Mobile.\" \nKatie Collins in CNET similarly said on Monday that \"It's not yet clear what product plans if any the company has for its own cardboard kit, though. Microsoft didn't immediately respond to a request for comment.\" \nShane McGlaun of SlashGear said it was also not yet clear if the VR Kit will hold devices other than Lumia smartphones .", "external_links": [], "published": "2015-09-29T00:10:00.000+03:00", "crawled": "2015-09-29T00:16:14.295+03:00", "highlightTitle": ""}