{"organizations": [], "uuid": "0e4733faacfb5ea0523e4790117e1b8326069619", "thread": {"social": {"gplus": {"shares": 0}, "pinterest": {"shares": 0}, "vk": {"shares": 0}, "linkedin": {"shares": 0}, "facebook": {"likes": 0, "shares": 0, "comments": 0}, "stumbledupon": {"shares": 0}}, "site_full": "timesofindia.indiatimes.com", "main_image": "http://timesofindia.indiatimes.com/photo/49059941.cms", "site_section": "http://timesofindia.indiatimes.com/rssfeeds/5880666.cms", "section_title": "Technology News, Latest Tech News & Reviews | Times of India", "url": "http://timesofindia.indiatimes.com/tech/tech-news/Flipkart-ropes-in-tech-execs-from-Amazon-Google-Microsoft/articleshow/49059885.cms", "country": "IL", "title": "Flipkart ropes in tech execs from Amazon, Google, Microsoft -", "performance_score": 0, "site": "indiatimes.com", "participants_count": 1, "title_full": "Flipkart ropes in tech execs from Amazon, Google, Microsoft - The Times of India", "spam_score": 0.0, "site_type": "news", "published": "2015-09-22T19:16:00.000+03:00", "replies_count": 0, "uuid": "0e4733faacfb5ea0523e4790117e1b8326069619"}, "author": "timesofindia.indiatimes.com", "url": "http://timesofindia.indiatimes.com/tech/tech-news/Flipkart-ropes-in-tech-execs-from-Amazon-Google-Microsoft/articleshow/49059885.cms", "ord_in_thread": 0, "title": "Flipkart ropes in tech execs from Amazon, Google, Microsoft -", "locations": [], "entities": {"persons": [], "locations": [], "organizations": []}, "highlightText": "", "language": "english", "persons": [], "text": "BENGALURU: Homegrown e-commerce giant Flipkart has announced appointments of three former Amazon, Google and Microsoft senior technology executives to different roles in the company. \n\nThe firm appointed Amazon's Dan Rawson as head of Customer Logistics and Supply Chain Ecosystems, while Google's Ravi Byakod is appointed as director of engineering -- Accounting and Anand Lakshminarayanan from Microsoft as head of product management for Digital Goods and Services. \n\nThe three executives, with significant experience at Amazon, Google and Microsoft are the latest in a series of senior technology experts from the world's best technology companies to join Flipkart's rapidly growing enterprise in Bangalore, the company said in a statement. \n\nIt said Rawson will oversee all aspects of customer delivery solutions, leading product, business, and operations teams to advance the way Flipkart uses technology to expand delivery while maintaining a consistently excellent experience for consumers. \n\nA former Captain in the US Marines, Rawson joins Flipkart from Amazon in Seattle, where he was General Manager of Fulfillment in North America. In that role he led a team responsible for managing all aspects of an operation that annually moves tens of billions of dollars' worth of goods from third-party sellers to Amazon customers, it added. \n\nAs director of engineering - Accounting, Ravi Byakod will lead accounting technology for Flipkart and will provide an accurate picture of the company's finances, the company said. \n\nByakod spent more than nine years working for Google before joining Flipkart. Most recently, he served as head of engineering for Google for its Work's Technology and Solutions team, developing data warehouses, customer relationship management programs and partner engineering solutions out of its headquarters in California. \n\nOn the appointment of Anand Lakshminarayanan, Flipkart said he will lead the expansion of the company's digital product offerings, following the company's success as the leading online marketplace for physical goods. \n\nPrior to joining Flipkart, Lakshminarayanan spent a year working for Microsoft in Hyderabad, as principal group program manager of Applications and Services, leading the product team responsible for MSN Sports, MSN Money and MSN Health & Fitness for mobile devices and the web worldwide. \n\nPrior to that, he served as a group product manager at eBay in Seattle, Washington. \n\n ", "external_links": [], "published": "2015-09-22T19:16:00.000+03:00", "crawled": "2015-09-22T18:14:33.532+03:00", "highlightTitle": ""}