{"organizations": [], "uuid": "2feee09028962e38b75c88fa13ddfcd2cfcbbe79", "thread": {"social": {"gplus": {"shares": 0}, "pinterest": {"shares": 0}, "vk": {"shares": 0}, "linkedin": {"shares": 0}, "facebook": {"likes": 0, "shares": 0, "comments": 0}, "stumbledupon": {"shares": 0}}, "site_full": "www.businessspectator.com.au", "main_image": "", "site_section": "http://www.businessspectator.com.au/technology", "section_title": "Technology | Business Spectator", "url": "https://www.businessspectator.com.au/news/2015/9/28/asx/aust-stocks-edge-lower-open", "country": "US", "title": "Aust stocks edge lower at open", "performance_score": 0, "site": "businessspectator.com.au", "participants_count": 1, "title_full": "Aust stocks edge lower at open | Business Spectator", "spam_score": 0.0, "site_type": "news", "published": "2015-09-28T18:20:00.000+03:00", "replies_count": 0, "uuid": "2feee09028962e38b75c88fa13ddfcd2cfcbbe79"}, "author": "Mitchell Neems", "url": "https://www.businessspectator.com.au/news/2015/9/28/asx/aust-stocks-edge-lower-open", "ord_in_thread": 0, "title": "Aust stocks edge lower at open", "locations": [], "entities": {"persons": [], "locations": [], "organizations": []}, "highlightText": "", "language": "english", "persons": [], "text": "The Australian sharemarket opened the week slightly lower as investors weighed a mixed close on Wall Street, lingering concerns about global growth and US monetary policy.\nAt the 10.15am (AEST) official market open, the benchmark S&P/ASX200 index fell 9.8 points, or 0.19 per cent, to 5032.3 points, while the broader All Ordinaries slipped 10.2 points, or 0.2 per cent, to 5066.5 points.\nCMC chief market strategist Michael McCarthy said investor attention will turn to macro-economic data this week, with building approvals and retail sales figures both having the potential to move the local bourse.\n\"However, the big news will flow from China and the USA,\" he said.\n\"Concerns about economic growth in China make this Thursday’s official and private PMIs crucial.\n\"The manufacturing and non-manufacturing data will drop side by side, offering a snapshot of where China stands right now.\"\nMaterials weighed heaviest on the market, slumping 1.67 per cent.\nBHP Billiton lost 2.09 per cent to $22.45, while Rio Tinto gave up 2.25 per cent to $47.85.\nEnergy stocks lost 0.73 per cent.\nOil Search shed 1.72 per cent to $7.43, while Woodside Petroleum fell 0.48 per cent to $28.93.\nConsumer staples fell 0.11 per cent.\nWesfarmers lifted 0.1 per cent to $39.19, while Woolworths gave up 0.28 per cent to $24.82.\nFinancials added 0.31 per cent.\nCommonwealth Bank rallied 0.48 per cent lower at $71.78, while ANZ added 0.44 per cent to $27.12.\nNational Australia Bank gained 0.7 per cent to $30.00 while Westpac added 0.4 cent to $30.07.\nMeanwhile, Qantas gained 0.54 per cent to $3.71, while Telstra fell 0.09 per cent to $5.665.\nLocally, no major economic or equities news is expected on Monday.\nIn Australia, the market on Friday closed lower reversing early gains, with energy stocks pulling the stocks lower.\nThe likes of Oil Search and Santos, plus all four big banks, lost ground and offset gains by retailers and the big miners.\nThe benchmark S&P/ASX200 index was down 29.6 points, or 0.58 per cent, at 5,042.1 points.\nThe broader All Ordinaries index was down 25.6 points, or 0.5 per cent, at 5,076.7 points.", "external_links": [], "published": "2015-09-28T18:20:00.000+03:00", "crawled": "2015-09-28T03:52:58.576+03:00", "highlightTitle": ""}