{"organizations": [], "uuid": "d4b6a338d64954b21e43aa0ca71f07673ed715d4", "thread": {"social": {"gplus": {"shares": 0}, "pinterest": {"shares": 0}, "vk": {"shares": 0}, "linkedin": {"shares": 0}, "facebook": {"likes": 0, "shares": 0, "comments": 0}, "stumbledupon": {"shares": 0}}, "site_full": "www.cnet.com", "main_image": "http://cnet4.cbsistatic.com/hub/i/r/2015/03/02/c680d9d0-2135-45cd-833b-80c348fd7a20/thumbnail/670x503/22a454b508a9a6d7dc49e255a97a5fd8/nokia5gholdingstill.jpg", "site_section": "http://www.cnet.com/news/", "section_title": "Technology News - CNET News - CNET", "url": "http://www.cnet.com/news/europe-inks-deal-with-china-to-develop-5g-mobile-networks/", "country": "US", "title": "Europe inks deal with China to develop 5G mobile networks", "performance_score": 3, "site": "cnet.com", "participants_count": 1, "title_full": "Europe inks deal with China to develop 5G mobile networks - CNET", "spam_score": 0.0, "site_type": "news", "published": "2015-09-28T20:09:00.000+03:00", "replies_count": 0, "uuid": "d4b6a338d64954b21e43aa0ca71f07673ed715d4"}, "author": "Lance Whitney", "url": "http://www.cnet.com/news/europe-inks-deal-with-china-to-develop-5g-mobile-networks/", "ord_in_thread": 0, "title": "Europe inks deal with China to develop 5G mobile networks", "locations": [], "entities": {"persons": [], "locations": [], "organizations": []}, "highlightText": "", "language": "english", "persons": [], "text": " Europe is looking toward a new deal with China to quicken the development of 5G networks. CNET\nEurope has made yet another deal designed to further the move toward 5G.\nThe European Commission and China reached an agreement Monday to cooperate on the development of 5G, or fifth-generation, wireless networks . Under the terms of the agreement, both parties promise to share research and work toward the standardization of 5G connectivity. Both also said they would allow each other access to research funding and membership in Chinese and European Union 5G associations. The EU's 5G PPP Association and China's IMT-2020 (5G) Promotion Association are devoted toward the research and development of 5G technology.\nPromising transfer rates as high as 20 gigabytes of data per second, 5G wireless would blaze past the current 4G standard, which offers speeds up to 1 gigabit per second. 5G is expected to be commercially available around 2020. However, that five-year timeframe may prove a challenge with some countries and carriers across the globe still struggling to deploy 4G networks. The cooperation between Europe and other countries should help move things forward.\n5G is considered the linchpin for the Internet of Things, the phrase given to the idea of connecting everything to the Internet, meaning your cars, homes, appliances, health monitors, wearable devices and more. By 2020, the amount of mobile Internet traffic will be 30 times greater than it was in 2010, the European Commission noted. Connecting all of those devices will require high-speed mobile networks that can handle the huge flow of data.\n\"5G won't just be faster, it will also be the backbone of our digital future and the foundation of a trillion euro EU market in the Internet of Things, i.e. new functionalities and applications ranging from connected cars to smart homes,\" the EC said.\nThe agreement outlines the following specific goals:\nReach a global understanding, by the end of 2015, on the concept, basic functionalities, key technologies and time plan for 5G. Explore possibilities in cooperating and implementing joint research actions in the area of 5G and to facilitate bilateral participation of enterprises in 5G research projects in China and the EU. Jointly promote global standardization for 5G, in support of ongoing standardization work in relevant organizations such as the 3rd Generation Partnership Project (3GPP) and the International Telecommunication Union (ITU). Cooperate in facilitating the identification of the most promising radio frequency bands to meet the new spectrum requirements for 5G. Explore jointly the possibilities for cooperative research on the services and applications for 5G, especially in the area of the Internet of Things (IoT). The latest agreement builds on similar ones the European Commission made with South Korea in June of 2014 and with Japan in May of 2015 . Through its Horizon 2020 Program , the European Commission also devoted 700 million euros ($7.81 million) toward research into 5G technology .\nAsia is ahead of the Europe and the United States in 4G performance , according to data released last week from users of OpenSignal, an app that maps cellular coverage. South Korea, Japan and Hong Kong were the top three performers with the US and several European countries further down the list. Europe wants to ensure that it doesn't lag behind in 5G adoption by reaching deals with countries that are at the forefront of its development.\n\"5G will be the backbone of our digital economies and societies worldwide,\" Commissioner Günther Oettinger said in a statement. \"This is why we strongly support and seek a global consensus and cooperation on 5G. With today's signature with China, the EU has now teamed up with the most important Asian partners in a global race to make 5G a reality by 2020. It's a crucial step in making 5G a success.\"", "external_links": ["https://5g-ppp.eu/", "http://ec.europa.eu/programmes/horizon2020/", "http://www.3gpp.org/", "http://www.itu.int/en/Pages/default.aspx", "http://cnet3.cbsistatic.com/hub/i/r/2015/03/02/c680d9d0-2135-45cd-833b-80c348fd7a20/resize/570xauto/bfffbcf96fde3b7b1522395858dc1cdd/nokia5gholdingstill.jpg", "http://www.imt-2020.cn/en/", "http://europa.eu/rapid/press-release_IP-15-5715_en.htm", "https://ec.europa.eu/digital-agenda/en/news/eu-and-japan-announce-cooperation-5g-mobile-technology", "http://ec.europa.eu/digital-agenda/en/towards-5g", "http://europa.eu/rapid/press-release_IP-14-680_en.htm"], "published": "2015-09-28T20:09:00.000+03:00", "crawled": "2015-09-28T22:11:06.978+03:00", "highlightTitle": ""}