{"organizations": [], "uuid": "a3e30f2cb5edc9239d3c8aab18955e62853caea4", "thread": {"social": {"gplus": {"shares": 0}, "pinterest": {"shares": 0}, "vk": {"shares": 0}, "linkedin": {"shares": 0}, "facebook": {"likes": 0, "shares": 0, "comments": 0}, "stumbledupon": {"shares": 0}}, "site_full": "www.cbs8.com", "main_image": "", "site_section": "http://www.cbs8.com/category/266385/technology-general", "section_title": "Technology Press Releases from PRWeb - CBS News 8 - San Diego, CA News Station - KFMB Channel 8", "url": "http://www.cbs8.com/story/30127333/codisto-go-launch-heralds-next-generation-of-free-ebay-listing-software", "country": "US", "title": "Codisto Go launch heralds next generation of free eBay listing software", "performance_score": 0, "site": "cbs8.com", "participants_count": 1, "title_full": "Codisto Go launch heralds next generation of free eBay listing software - CBS News 8 - San Diego, CA News Station - KFMB Channel 8", "spam_score": 0.0, "site_type": "news", "published": "2015-09-28T04:01:00.000+03:00", "replies_count": 0, "uuid": "a3e30f2cb5edc9239d3c8aab18955e62853caea4"}, "author": "cbs8", "url": "http://www.cbs8.com/story/30127333/codisto-go-launch-heralds-next-generation-of-free-ebay-listing-software", "ord_in_thread": 0, "title": "Codisto Go launch heralds next generation of free eBay listing software", "locations": [], "entities": {"persons": [], "locations": [], "organizations": []}, "highlightText": "", "language": "english", "persons": [], "text": "Australian tech start-up Codisto , launches Codisto Go - a free next generation eBay multi-listing tool that can create up to 10,000 eBay listings in seconds.\nLondon, UK (PRWEB) September 28, 2015\nCodisto Go , next generation turbo listing software for eBay, will be launched at the UK eCommerce Expo in London. It provides eBay sellers with the fastest and simplest way to create professional eBay listings on any of the 23 eBay marketplaces worldwide by quickly adding or importing up to 10,000 products from a spreadsheet - for free.\n“We are very excited to make Codisto Go available to all eBay users globally,” said Jonathan Pollard, CEO Codisto. “Codisto Go is a next generation eBay multi listing tool that offers unparalleled ease of use. Our XpressGrid user interface is unique and makes managing eBay listings incredibly fast and simple.”\nCodisto Go slashes the time and eliminates the difficulty of listing items on eBay. By automatically categorizing products into the best eBay categories on a professional eBay sales template, Codisto Go allows eBay sellers to list thousands of items on visually spectacular eBay listings in seconds.\n“Codisto Go uses the core technology that was developed for Codisto Connect , our eBay integration plugin for Magento that has seen overwhelming success due to its simplicity and reliability,” Jonathan said. “Adding a spreadsheet integration tool was a natural extension of our product portfolio and allows millions more eBay sellers to create and manage listings with incredible speed and simplicity.”\nCodisto Go’s clever automation of labour-intensive tasks and intuitive user interface design means Codisto Go is ideal for professional or casual eBay sellers. Users can create up to 10,000 eBay listings free, one-time (excluding any applicable eBay fees & taxes). Ongoing management and creating additional listings costs just US$19 per month with no setup fees. Codisto Go is elegant, flexible and scalable. Codisto’s next generation integration solutions benefit the entire ecommerce ecosystem as merchants quickly and easily, sell more online.\n //www.prweb.com/releases/CodistoGo/TurboListerAlternative/prweb12984507.htm\n ", "external_links": ["http://www.prweb.com/releases/CodistoGo/TurboListerAlternative/prweb12984507.htm", "https://codisto.com/go/", "http://ecommerceexpo.co.uk/page.cfm/Action=Exhib/ExhibID=260", "https://codisto.com/", "https://codisto.com/connect/"], "published": "2015-09-28T04:01:00.000+03:00", "crawled": "2015-09-28T03:22:14.338+03:00", "highlightTitle": ""}