{"organizations": [], "uuid": "2b6b3b2d2122bdd3bf94581a31edd27fa0f9e135", "thread": {"social": {"gplus": {"shares": 0}, "pinterest": {"shares": 0}, "vk": {"shares": 0}, "linkedin": {"shares": 0}, "facebook": {"likes": 0, "shares": 0, "comments": 0}, "stumbledupon": {"shares": 0}}, "site_full": "www.chron.com", "main_image": "http://www.chron.com/img/pages/article/opengraph_default.jpg", "site_section": "http://www.chron.com/rss/feed/AP-Technology-and-Science-266.php", "section_title": "AP Technology and Science", "url": "http://www.chron.com/business/technology/article/Groupon-to-cut-1-100-jobs-about-10-percent-of-6521516.php", "country": "US", "title": "Groupon to cut 1,100 jobs, about 10 percent of work force", "performance_score": 0, "site": "chron.com", "participants_count": 1, "title_full": "Groupon to cut 1,100 jobs, about 10 percent of work force - Houston Chronicle", "spam_score": 0.0, "site_type": "news", "published": "2015-09-22T20:01:00.000+03:00", "replies_count": 0, "uuid": "2b6b3b2d2122bdd3bf94581a31edd27fa0f9e135"}, "author": "chron.com", "url": "http://www.chron.com/business/technology/article/Groupon-to-cut-1-100-jobs-about-10-percent-of-6521516.php", "ord_in_thread": 0, "title": "Groupon to cut 1,100 jobs, about 10 percent of work force", "locations": [], "entities": {"persons": [], "locations": [], "organizations": []}, "highlightText": "", "language": "english", "persons": [], "text": "NEW YORK (AP) — Groupon is cutting 1,100 jobs in the coming year, roughly 10 percent of its workforce.\nThe e-commerce and online deals company said in a blog post Tuesday that the cuts are mainly in its international business. Having already closed its operations in Greece and Turkey, Groupon said it is also leaving Morocco, Panama, the Philippines, Puerto Rico, Taiwan, Thailand and Uruguay.\nThe Chicago company said it wants to focus its money on energy on fewer countries.\n\"We saw that the investment required to bring our technology, tools and marketplace to every one of our 40 (plus) countries isn't commensurate with the return at this point,\" Chief Operating Officer Rich Williams wrote in a blog post.\nGroupon Inc. said in a regulatory filing that the cuts will be essentially done by September 2016 and lead to pre-tax charges of up to $35 million, the bulk of it in the current quarter.\nShares of Groupon fell 10 cents, or 2.4 percent, to $4.07 in midday trading. The stock has traded in the range of $3.53 and $8.43 in the past 52 weeks.", "external_links": ["http://ap.org/schemas/03/2005/apcm", "http://ap.org/schemas/03/2005/apnm"], "published": "2015-09-22T20:01:00.000+03:00", "crawled": "2015-09-22T20:40:29.919+03:00", "highlightTitle": ""}