{"organizations": [], "uuid": "9ff748843dc28487ebfbb519b48e4aa9d3bb5b1f", "thread": {"social": {"gplus": {"shares": 0}, "pinterest": {"shares": 0}, "vk": {"shares": 0}, "linkedin": {"shares": 0}, "facebook": {"likes": 0, "shares": 0, "comments": 0}, "stumbledupon": {"shares": 0}}, "site_full": "www.grants-gov.net", "main_image": "", "site_section": "http://www.topgovernmentgrants.com/feeds/grants_gov_activity_eligibility_rss.php?activity=ST&eligibility=12", "section_title": "Grants Gov for Nonprofits with 501 (c)(3) Status | Federal Grant Money for Science and Technology", "url": "http://www.grants-gov.net/grants_gov_display.php?program=NOAA-OAR-OER-2016-2004629", "country": "US", "title": "Ocean Exploration 2016 Funding Opportunity", "performance_score": 0, "site": "grants-gov.net", "participants_count": 0, "title_full": "Ocean Exploration 2016 Funding Opportunity", "spam_score": 0.0, "site_type": "news", "published": "2015-09-22T03:00:00.000+03:00", "replies_count": 0, "uuid": "9ff748843dc28487ebfbb519b48e4aa9d3bb5b1f"}, "author": "", "url": "http://www.grants-gov.net/grants_gov_display.php?program=NOAA-OAR-OER-2016-2004629", "ord_in_thread": 0, "title": "Ocean Exploration 2016 Funding Opportunity", "locations": [], "entities": {"persons": [], "locations": [], "organizations": []}, "highlightText": "", "language": "english", "persons": [], "text": " ", "external_links": [], "published": "2015-09-22T03:00:00.000+03:00", "crawled": "2015-09-24T16:48:03.993+03:00", "highlightTitle": ""}