{"organizations": [], "uuid": "e8a3da76d5f738f7752c047a414b96c4217575e4", "thread": {"social": {"gplus": {"shares": 0}, "pinterest": {"shares": 0}, "vk": {"shares": 0}, "linkedin": {"shares": 0}, "facebook": {"likes": 0, "shares": 0, "comments": 0}, "stumbledupon": {"shares": 0}}, "site_full": "www.topix.com", "main_image": "http://static.topixcdn.com/ext/t7/topix-placeholder-1.png", "site_section": "http://www.topix.com/tech", "section_title": "Science / Technology News » Topix", "url": "http://www.topix.com/tech/2015/09/pytube-5-1-0", "country": "US", "title": "pytube 5.1.0 - Python", "performance_score": 0, "site": "topix.com", "participants_count": 1, "title_full": "pytube 5.1.0 - Python - Discussion on Topix", "spam_score": 0.0, "site_type": "news", "published": "2015-09-22T03:00:00.000+03:00", "replies_count": 0, "uuid": "e8a3da76d5f738f7752c047a414b96c4217575e4"}, "author": "Source: Python", "url": "http://www.topix.com/tech/2015/09/pytube-5-1-0", "ord_in_thread": 0, "title": "pytube 5.1.0 - Python", "locations": [], "entities": {"persons": [], "locations": [], "organizations": []}, "highlightText": "", "language": "english", "persons": [], "text": "Downloading videos from YouTube shouldn't require some bloated library, it's unusual to have to do so in the first place.\n Python.", "external_links": ["https://pypi.python.org/pypi/pytube/5.1.0"], "published": "2015-09-22T03:00:00.000+03:00", "crawled": "2015-09-22T05:33:47.180+03:00", "highlightTitle": ""}