{"organizations": [], "uuid": "89592ba91fd86c7995d16b3dee204ac449306202", "thread": {"social": {"gplus": {"shares": 0}, "pinterest": {"shares": 0}, "vk": {"shares": 0}, "linkedin": {"shares": 0}, "facebook": {"likes": 0, "shares": 0, "comments": 0}, "stumbledupon": {"shares": 0}}, "site_full": "www.efinancialnews.com", "main_image": "http://assets.efinancialnews.com/2015/09/IMG007410_rect300x200.jpg", "site_section": "http://www.efinancialnews.com/tradingandtechnology/rss", "section_title": "Trading & Technology - Financial News Online", "url": "http://www.efinancialnews.com/story/2015-09-28/blockchain-a-magical-leap-for-finance-maybe?mod=rss-tradingandtechnology", "country": "GB", "title": "Blockchain: An Uber moment for finance - maybe", "performance_score": 0, "site": "efinancialnews.com", "participants_count": 1, "title_full": "Blockchain: An Uber moment for finance - maybe", "spam_score": 0.0, "site_type": "news", "published": "2015-09-28T02:00:00.000+03:00", "replies_count": 0, "uuid": "89592ba91fd86c7995d16b3dee204ac449306202"}, "author": "Financial News", "url": "http://www.efinancialnews.com/story/2015-09-28/blockchain-a-magical-leap-for-finance-maybe?mod=rss-tradingandtechnology", "ord_in_thread": 0, "title": "Blockchain: An Uber moment for finance - maybe", "locations": [], "entities": {"persons": [], "locations": [], "organizations": []}, "highlightText": "", "language": "english", "persons": [], "text": "Get exclusive access to breakng news, analysis and comment on the wholesale financial industry. Engage \nJoin 37,000 subscriber including your clients, competitors and business partners On the go \nAvailable online, in print, and on mobile for access wherever and whenever you need it. Insight \nProvides in-depth analysis and context so that you benefit from an unique view of the entire wholesale financial industry.", "external_links": [], "published": "2015-09-28T02:00:00.000+03:00", "crawled": "2015-09-28T14:51:34.777+03:00", "highlightTitle": ""}