{"organizations": [], "uuid": "2390dd6c2319b49f98346f8448e41a264bda4857", "thread": {"social": {"gplus": {"shares": 0}, "pinterest": {"shares": 0}, "vk": {"shares": 0}, "linkedin": {"shares": 0}, "facebook": {"likes": 0, "shares": 0, "comments": 0}, "stumbledupon": {"shares": 0}}, "site_full": "ezinearticles.com", "main_image": "http://ezinearticles.com/apple-touch-icon.png", "site_section": "http://feeds.ezinearticles.com/category/Computers-and-Technology.xml", "section_title": "Computers-and-Technology Articles from EzineArticles.com", "url": "http://EzineArticles.com/?Tips-For-Locating-The-Best-Service-Centre-For-Broken-Gadgets&id=9168197", "country": "US", "title": "Tips For Locating The Best Service Centre For Broken Gadgets", "performance_score": 0, "site": "ezinearticles.com", "participants_count": 0, "title_full": "Tips For Locating The Best Service Centre For Broken Gadgets", "spam_score": 0.0, "site_type": "news", "published": "2015-09-21T21:56:00.000+03:00", "replies_count": 0, "uuid": "2390dd6c2319b49f98346f8448e41a264bda4857"}, "author": "", "url": "http://EzineArticles.com/?Tips-For-Locating-The-Best-Service-Centre-For-Broken-Gadgets&id=9168197", "ord_in_thread": 0, "title": "Tips For Locating The Best Service Centre For Broken Gadgets", "locations": [], "entities": {"persons": [], "locations": [], "organizations": []}, "highlightText": "", "language": "english", "persons": ["Raquel Carbone"], "text": "Tips For Locating The Best Service Centre For Broken Gadgets By Raquel Carbone   \nToday, people live in the world run by electronics. Lots of individuals today cannot live without their computers, laptops, tablets or mobile phones. This is indeed very true - they get as much value as they can from the money they spend to get one. But then, similar to other gadgets or devices, constant usage of these modern gadgets will decrease their functionality, making it very vulnerable to damage. \nIf you are among the owners of high quality, expensive gadgets, you would naturally care for it properly so it will continue to function optimally and serve its purposes. Experts highly emphasized that as soon as your computer or phone manifests problems, it is a smart idea for you to bring it to a place specializing in repairing such king of device. If it is still covered by warranty, consider taking it to the retail store where you bought it. But if such warranty expires already or perhaps the terms does not cover the type of damage your laptop or phone acquired, you must head only to top-notch service. \nBenefits Of Choosing Reliable Service Centres \nOf course, you must look for reputable service centres known for providing excellent work quality. Certainly, you can do your research prior to bringing your gadget to be repaired. In case you have some prospects in mind, look into its reputation. Today, you can already go online, if not, consider asking around. It is also very crucial for you to read testimonials as well as reviews, check if there are negative reviews. \nApart from that, you must also interact with the members of the staff so you can get a vibe on how skilled and knowledgeable they are. Of course, you would not want someone who is incompetent to handle the needed repairs. Opt for repair technicians who are well-trained, experienced and skills to perform the required job. \nIt is also a wise idea for you to be aware of the warranty the repair centre offers on the job they perform. Normally, they offer a 30-day period or longer. So in case you will be experiencing trouble days after getting it fixed, you expect that the centre will repair your device free of charge. \nQuality laptops, computers, or mobile phones might boast advanced technology; however, they are not damage-proof. Knowing where exactly to bring your unit for quality repairs is an excellent part of being a gadget owner. For more info, check out this site . \nCertain factors must be considered to make sure that you end up working with the right repair service provider. More information mentioned here .", "external_links": [], "published": "2015-09-21T21:56:00.000+03:00", "crawled": "2015-09-22T08:59:54.795+03:00", "highlightTitle": ""}