{"organizations": ["TravelCenters of America Acquires Additional Convenience Stores", "TravelCenters of America LLC"], "uuid": "1349c13e1cbbab9373ab2e688e28a2c122b471ce", "thread": {"social": {"gplus": {"shares": 0}, "pinterest": {"shares": 0}, "vk": {"shares": 0}, "linkedin": {"shares": 0}, "facebook": {"likes": 0, "shares": 0, "comments": 0}, "stumbledupon": {"shares": 0}}, "site_full": "www.businesswire.com", "main_image": "", "site_section": "http://feed.businesswire.com/rss/home/?rss=G1QFDERJXkJeGVtQXg==", "section_title": "Business Wire Technology: Mobile/Wireless News", "url": "http://www.businesswire.com/news/home/20150929006064/en/CORRECTING-REPLACING-TravelCenters-America-Acquires-Additional-Convenience", "country": "US", "title": "CORRECTING and REPLACING TravelCenters of America Acquires Additional Convenience Stores in Missouri and Kansas", "performance_score": 0, "site": "businesswire.com", "participants_count": 0, "title_full": "CORRECTING and REPLACING TravelCenters of America Acquires Additional Convenience Stores in Missouri and Kansas", "spam_score": 0.0, "site_type": "news", "published": "2015-09-29T19:52:00.000+03:00", "replies_count": 0, "uuid": "1349c13e1cbbab9373ab2e688e28a2c122b471ce"}, "author": "", "url": "http://www.businesswire.com/news/home/20150929006064/en/CORRECTING-REPLACING-TravelCenters-America-Acquires-Additional-Convenience", "ord_in_thread": 0, "title": "CORRECTING and REPLACING TravelCenters of America Acquires Additional Convenience Stores in Missouri and Kansas", "locations": ["Kansas", "WESTLAKE", "Missouri", "Ohio"], "entities": {"persons": [], "locations": [], "organizations": []}, "highlightText": "", "language": "english", "persons": [], "text": "CORRECTING and REPLACING TravelCenters of America Acquires Additional Convenience Stores in Missouri and Kansas CORRECTION...by TravelCenters of America LLC September 29, 2015 12:52 PM Eastern Daylight Time WESTLAKE, Ohio- Please replace the release with the following corrected version due to multiple revisions. \nThe corrected release reads: TRAVELCENTERS OF AMERICA ACQUIRES ADDITIONAL CONVENIENCE STORES IN MISSOURI AND KANSAS \nTravelCenters of America LLC (TravelCenters), announced it has completed its previously disclosed acquisitions of convenience stores located throughout Missouri and Kansas: 36 stores were acquired today. TravelCenters has begun to operate all of the acquired stores. TravelCenters expects these 36 convenience stores will be rebranded as Minit Mart convenience stores and the sites will undergo improvements in the coming months. \nAbout TravelCenters of America LLC \nTravelCenters of America LLC (TravelCenters) is headquartered in Westlake, Ohio and is located in 43 states and Canada operating under the Minit Mart®, TA® and Petro Stopping Centers® brands. Its business includes 406 convenience stores, including 256 which are located at travel centers. For more information on TravelCenters, TA, and Petro Stopping Centers, please visit www.ta-petro.com . For more information on Minit Mart, please visit www.minitmart.com . Contacts", "external_links": [], "published": "2015-09-29T19:52:00.000+03:00", "crawled": "2015-09-29T20:05:54.316+03:00", "highlightTitle": ""}