{"organizations": [], "uuid": "31d4e0ed5e1f3b15b53b5ba83417ae0656766491", "thread": {"social": {"gplus": {"shares": 0}, "pinterest": {"shares": 0}, "vk": {"shares": 0}, "linkedin": {"shares": 0}, "facebook": {"likes": 0, "shares": 0, "comments": 0}, "stumbledupon": {"shares": 0}}, "site_full": "www.news24.com", "main_image": "http://cdn.24.co.za/files/Cms/General/d/179/aa1e50eb2522493f9ffc330863208c26.jpg", "site_section": "http://www.news24.com/", "section_title": "News24, South Africa's premier news source, provides breaking news on national, world, Africa, sport, entertainment, technology &amp; more. ", "url": "http://www.news24.com/Africa/News/CAR-leader-rushes-home-pleads-for-calm-20150929", "country": "ZA", "title": "CAR leader rushes home, pleads for calm", "performance_score": 0, "site": "news24.com", "participants_count": 1, "title_full": "CAR leader rushes home, pleads for calm | News24", "spam_score": 0.0, "site_type": "news", "published": "2015-09-30T03:00:00.000+03:00", "replies_count": 0, "uuid": "31d4e0ed5e1f3b15b53b5ba83417ae0656766491"}, "author": "news24.com", "url": "http://www.news24.com/Africa/News/CAR-leader-rushes-home-pleads-for-calm-20150929", "ord_in_thread": 0, "title": "CAR leader rushes home, pleads for calm", "locations": [], "entities": {"persons": [], "locations": [], "organizations": []}, "highlightText": "", "language": "english", "persons": [], "text": "Bangui - The Central African Republic's president appealed for calm on Tuesday as the United Nations reported 36 people dead and almost 30 000 displaced in three days of bloodshed terrorising the capital Bangui.\n\"We fear that the violence we're seeing in Bangui is a return to the dark days of late 2013 and 2014, when thousands were killed and tens of thousands had to flee their homes,\" UN refugee agency spokesperson Leo Dobbs told reporters.\nAt least 36 people died in the last three days and 27 400 fled their homes, the United Nations said.\nAnnouncing she was cutting short a visit to the United Nations to return home, interim President Catherine Samba Panza said in a message broadcast on national radio: \"I appeal to you my compatriots for calm. I ask you to return to your homes.\"", "external_links": [], "published": "2015-09-30T03:00:00.000+03:00", "crawled": "2015-09-29T22:02:34.435+03:00", "highlightTitle": ""}