{"organizations": [], "uuid": "04d755a978bff4b1f77afdd1a47d803a076c3aaf", "thread": {"social": {"gplus": {"shares": 0}, "pinterest": {"shares": 0}, "vk": {"shares": 0}, "linkedin": {"shares": 0}, "facebook": {"likes": 0, "shares": 0, "comments": 0}, "stumbledupon": {"shares": 0}}, "site_full": "www.i360gov.com", "main_image": "", "site_section": "http://feeds.feedburner.com/FederalGovernmentNewsRss-I360Gov", "section_title": "Government Policy, Business and Technology: i360 Gov", "url": "http://www.i360gov.com/government-business-news/2015/sep/28/boehner-s-departure-sets-off-legislative-and-political-races", "country": "US", "title": "Boehner’s Departure Sets Off Legislative and Political Races", "performance_score": 0, "site": "i360gov.com", "participants_count": 0, "title_full": "Boehner’s Departure Sets Off Legislative and Political Races", "spam_score": 0.0, "site_type": "news", "published": "2015-09-28T13:33:00.000+03:00", "replies_count": 0, "uuid": "04d755a978bff4b1f77afdd1a47d803a076c3aaf"}, "author": "", "url": "http://www.i360gov.com/government-business-news/2015/sep/28/boehner-s-departure-sets-off-legislative-and-political-races", "ord_in_thread": 0, "title": "Boehner’s Departure Sets Off Legislative and Political Races", "locations": [], "entities": {"persons": [], "locations": [], "organizations": []}, "highlightText": "", "language": "english", "persons": ["Boehner"], "text": "28 Boehner’s Departure Sets Off Legislative and Political Races \nTime: The autumn before the Iowa caucuses all eyes are usually out on the campaign trail, with Presidential politics overshadowing anything that might be happening in what is usually a fairly sleepy Washington. Not so this year thanks to House Speaker John Boehner’s abrupt resignation, which has served to tear up the legislation and political calendars.Boehner’s October 30 departure has set off two racing clocks: first, a legislative one as he seeks to “clean the barn up a little bit before the next person gets here,” as he told Face the Nation on Sunday. On the table: funding for the government for the next year, raising the debt ceiling, funding the Ex-Im bank, a multi-year transportation infrastructure bill, tax extenders vital to the business community and a reauthorization of the Federal Aviation Administration.", "external_links": [], "published": "2015-09-28T13:33:00.000+03:00", "crawled": "2015-09-29T00:56:21.582+03:00", "highlightTitle": ""}