{"organizations": [], "uuid": "1d8b16da9554ae14c884fb20d73cdc9d7ea99f3b", "thread": {"social": {"gplus": {"shares": 0}, "pinterest": {"shares": 0}, "vk": {"shares": 0}, "linkedin": {"shares": 0}, "facebook": {"likes": 0, "shares": 0, "comments": 0}, "stumbledupon": {"shares": 0}}, "site_full": "www.pr.com", "main_image": "", "site_section": "http://www.pr.com/news-by-category/190", "section_title": "Technology: Telecommunications Press Releases and News - PR.com", "url": "http://www.pr.com/press-release/634676", "country": "US", "title": "Metropolis XT Telemanagement Receives a 2015 Communications Solutions Product of the Year Award", "performance_score": 0, "site": "pr.com", "participants_count": 1, "title_full": "Metropolis XT Telemanagement Receives a 2015 Communications Solutions Product of the Year Award - PR.com", "spam_score": 0.0, "site_type": "news", "published": "2015-08-27T03:00:00.000+03:00", "replies_count": 0, "uuid": "1d8b16da9554ae14c884fb20d73cdc9d7ea99f3b"}, "author": "PR.com", "url": "http://www.pr.com/press-release/634676", "ord_in_thread": 0, "title": "Metropolis XT Telemanagement Receives a 2015 Communications Solutions Product of the Year Award", "locations": [], "entities": {"persons": [], "locations": [], "organizations": []}, "highlightText": "", "language": "english", "persons": [], "text": "Metropolis XT Telemanagement Receives a 2015 Communications Solutions Product of the Year Award\nMetropolis' XT Telemanagement product receives a 2015 Communications Solutions Product of the Year Award. The product includes over 250+ reporting templates, alert notification tools, and automation settings to make it easy for businesses to gain insight into communication trends and receive actionable feedback on performance.\nFort Lauderdale, FL, August 27, 2015 --( PR.com )-- Metropolis Technologies announced today that TMC, a global, integrated media company, has awarded XT Telemanagement, an enterprise-level call analytics and reporting product, a 2015 Communications Solutions Product of the Year Award.\n“Enterprise clients need a solution that shows them exactly what is going on across the entire platform,” explains Sharon Harry, Marketing Director at Metropolis. “We strive to advance the field of call reporting by continually developing new features and solutions that help clients to reduce costs, improve productivity and reduce liability. Achieving this award in recognition of our efforts is an honor.”\nBy centralizing call data, Metropolis’ XT Telemanagement simplifies the management of the phone system and increases voice network visibility. The product includes over 250+ reporting templates, alert notification tools, and automation settings to make it easy for businesses to gain insight into communication trends and receive actionable feedback on performance.\n“Congratulations to Metropolis Technologies for being honored with a 2015 Communications Solutions Product of the Year Award,” said Rich Tehrani, CEO, TMC. “XT Telemanagement is truly an innovative product and is amongst the best solutions that facilitate voice and data communications brought to market in the past twelve months. I look forward to continued excellence from Metropolis Technologies in 2015 and beyond.”\nAbout Metropolis Technologies, Inc.\nFor over twenty years, Metropolis Technologies has provided advanced call accounting, 911/emergency management and telemanagement applications for businesses of all types in the US and abroad. Their easy to use applications provide advanced call notifications, toll fraud detection and trunk analysis tools help organizations reduce liability, increase revenue, minimize expenses and boost productivity. For more information, please visit http://www.metropolis.com or follow Metropolis on LinkedIn, Twitter, and Facebook.\nAbout TMC\nTMC is a global, integrated media company that supports clients' goals by building communities in print, online, and face to face. TMC publishes multiple magazines including Cloud Computing, IoT Evolution, Customer, and Internet Telephony. TMCnet is the leading source of news and articles for the communications and technology industries, and is read by 1.5 million unique visitors monthly. For more information about TMC, visit www.tmcnet.com.", "external_links": [], "published": "2015-08-27T03:00:00.000+03:00", "crawled": "2015-09-04T01:26:54.237+03:00", "highlightTitle": ""}