{"organizations": ["Associated Press"], "uuid": "e57d1fbfc18c74fb0a200f850a8cd67ac96826fc", "thread": {"social": {"gplus": {"shares": 0}, "pinterest": {"shares": 0}, "vk": {"shares": 0}, "linkedin": {"shares": 0}, "facebook": {"likes": 0, "shares": 0, "comments": 0}, "stumbledupon": {"shares": 0}}, "site_full": "mynorthwest.com", "main_image": "http://mynorthwest.com/emedia/seattle/13/1379/137935.jpg", "site_section": "http://www.mynorthwest.com/xml/23.xml", "section_title": "MyNorthwest.com - Technology", "url": "http://mynorthwest.com/23/2817823/Black-bear-attacks-elderly-woman-near-her-Montana-home", "country": "US", "title": "Black bear attacks elderly woman near her Montana home", "performance_score": 0, "site": "mynorthwest.com", "participants_count": 0, "title_full": "Black bear attacks elderly woman near her Montana home", "spam_score": 0.0, "site_type": "news", "published": "2015-09-28T21:08:00.000+03:00", "replies_count": 0, "uuid": "e57d1fbfc18c74fb0a200f850a8cd67ac96826fc"}, "author": "", "url": "http://mynorthwest.com/23/2817823/Black-bear-attacks-elderly-woman-near-her-Montana-home", "ord_in_thread": 0, "title": "Black bear attacks elderly woman near her Montana home", "locations": ["Montana"], "entities": {"persons": [], "locations": [], "organizations": []}, "highlightText": "", "language": "english", "persons": [], "text": "Black bear attacks elderly woman near her Montana home By Associated Press | September 28, 2015 @ 10:08 am Share \nKALISPELL, Mont. (AP) -- Wildlife officials say a black bear attacked and injured an elderly woman near her home in northwestern Montana. \nState Fish, Wildlife and Parks says the woman was taken to the hospital after the attack Sunday afternoon west of Kalispell. The extent of her injuries was not immediately known. \nThe department is investigating, and officials were trying to capture the bear early Monday. \nBear activity has increased in recent weeks as the animals prepare for hibernation. \nCopyright © The Associated Press. All rights reserved. This material may not be published, broadcast, rewritten or redistributed.", "external_links": [], "published": "2015-09-28T21:08:00.000+03:00", "crawled": "2015-09-28T20:33:45.588+03:00", "highlightTitle": ""}