{"organizations": [], "uuid": "7f1474a18bf16b3d8c54d8eae6fb1a42e135287c", "thread": {"social": {"gplus": {"shares": 0}, "pinterest": {"shares": 0}, "vk": {"shares": 0}, "linkedin": {"shares": 0}, "facebook": {"likes": 0, "shares": 0, "comments": 0}, "stumbledupon": {"shares": 0}}, "site_full": "www.crutchtech.com", "main_image": "http://www.popsci.com/sites/all/modules/bonnier/sandcastle/images/placeholder.gif", "site_section": "http://crutchtech.com/?feed=rss2", "section_title": "Crutch Technologies", "url": "http://www.crutchtech.com/2015/09/28/facebook-ceo-tells-u-n-that-global-internet-should-start-in-refugee-camps/", "country": "US", "title": "Facebook CEO Tells U.N. That Global Internet Should Start In Refugee Camps", "performance_score": 0, "site": "crutchtech.com", "participants_count": 1, "title_full": "Facebook CEO Tells U.N. That Global Internet Should Start In Refugee Camps", "spam_score": 0.0, "site_type": "news", "published": "2015-09-28T17:25:00.000+03:00", "replies_count": 0, "uuid": "7f1474a18bf16b3d8c54d8eae6fb1a42e135287c"}, "author": "Chris Kerins", "url": "http://www.crutchtech.com/2015/09/28/facebook-ceo-tells-u-n-that-global-internet-should-start-in-refugee-camps/", "ord_in_thread": 0, "title": "Facebook CEO Tells U.N. That Global Internet Should Start In Refugee Camps", "locations": [], "entities": {"persons": [], "locations": [], "organizations": []}, "highlightText": "", "language": "english", "persons": [], "text": " ", "external_links": [], "published": "2015-09-28T17:25:00.000+03:00", "crawled": "2015-09-28T18:59:23.217+03:00", "highlightTitle": ""}