{"organizations": [], "uuid": "711c8bb7dc2a9762c766f54cb001ee8511d1ce74", "thread": {"social": {"gplus": {"shares": 0}, "pinterest": {"shares": 0}, "vk": {"shares": 0}, "linkedin": {"shares": 0}, "facebook": {"likes": 0, "shares": 0, "comments": 0}, "stumbledupon": {"shares": 0}}, "site_full": "www.freshnews.com", "main_image": "", "site_section": "http://freshnews.com//news/technology/feed", "section_title": "FreshNews.com - Technology News", "url": "http://www.freshnews.com/news/1133159/quantum-appoints-bassam-tabbara-chief-technology-officer", "country": "US", "title": "Quantum Appoints Bassam Tabbara as Chief Technology Officer", "performance_score": 0, "site": "freshnews.com", "participants_count": 1, "title_full": "Quantum Appoints Bassam Tabbara as Chief Technology Officer", "spam_score": 0.0, "site_type": "news", "published": "2015-09-28T23:17:00.000+03:00", "replies_count": 0, "uuid": "711c8bb7dc2a9762c766f54cb001ee8511d1ce74"}, "author": "admin", "url": "http://www.freshnews.com/news/1133159/quantum-appoints-bassam-tabbara-chief-technology-officer", "ord_in_thread": 0, "title": "Quantum Appoints Bassam Tabbara as Chief Technology Officer", "locations": [], "entities": {"persons": [], "locations": [], "organizations": []}, "highlightText": "", "language": "english", "persons": [], "text": "Submitted by admin on 9/28/2015 @ 1:17 PM   Quantum Corp. \nSAN JOSE, Calif., Sept. 28, 2015 /PRNewswire/ -- Quantum Corp. (NYSE: QTM) today announced the appointment of Bassam Tabbara as chief technology officer, with responsibility for driving the company's long-term technology strategy as it builds on its leadership in scale-out storage , archive and data protection . Tabbara has more than 20 years of experience in strategic product development -- identifying and delivering on new innovation opportunities. He joined Quantum in August 2014 as part of its acquisition of Symform's cloud platform, having served as the company's CTO and co-founder. \nhttp://photos.prnewswire.com/prnvar/20141209/163323LOGO \n\"As reflected in our 74 percent scale-out storage growth this past year, more and more customers are turning to Quantum to help maximize the business value of their data,\" said Jon Gacek, president and CEO of Quantum. \"Bassam has already advanced our thinking about how we can enable these customers to drive future success, leveraging his broad experience in developing new innovations to meet evolving storage demands. We look forward to drawing on Bassam's technology perspective and vision across the company.\" \nSince joining Quantum, Tabbara has played a key role in defining the company's cloud technology direction and in the development of its new Q-Cloud (TM) service offerings. These offerings enable customers to integrate the public cloud seamlessly into a multitier storage architecture that provides a unique combination of high performance and low cost. \nAt Symform, Tabbara built a revolutionary cloud storage platform from the ground up, ultimately storing billions of objects for users and small businesses across 170 countries. Before that, he spent 12 years at Microsoft in key leadership roles where he worked on a number of key initiatives, including Microsoft Research, MSN, Windows, Visual Studio and System Center. Tabbara also holds more than 30 patents. \n\"We are at a critical junction where cloud innovations are disrupting traditional enterprise infrastructure and approaches,\" said Tabbara. \"I'm excited about working with the rest of the Quantum executive team to deliver on solutions optimized for tomorrow's enterprise.\" \nPhoto Caption: Bassam Tabbara, Chief Technology Officer, Quantum \nAbout Quantum Quantum is a leading expert in scale-out storage, archive and data protection, providing solutions for capturing, sharing and preserving digital assets over the entire data lifecycle. From small businesses to major enterprises, more than 100,000 customers have trusted Quantum to address their most demanding data workflow challenges. With Quantum, customers can Be Certain(TM) they have the end-to-end storage foundation to maximize the value of their data by making it accessible whenever and wherever needed, retaining it indefinitely and reducing total cost and complexity. See how at www.quantum.com/customerstories . \nQuantum, the Quantum logo, Be Certain and Q-Cloud are either registered trademarks or trademarks of Quantum Corporation and its affiliates in the United States and/or other countries. All other trademarks are the property of their respective owners. \n\"Safe Harbor\" Statement: This press release contains \"forward-looking\" statements. All statements other than statements of historical fact are statements that could be deemed forward-looking statements. Specifically, but without limitation, statements relating to benefits from the appointment of Bassam Tabbara as chief technology officer, are forward-looking statements within the meaning of the Safe Harbor. All forward-looking statements in this press release are based on information available to Quantum on the date hereof. These statements involve known and unknown risks, uncertainties and other factors that may cause Quantum's actual results to differ materially from those implied by the forward-looking statements. More detailed information about these risk factors are set forth in Quantum's periodic filings with the Securities and Exchange Commission, including, but not limited to, those risks and uncertainties listed in the section entitled \"Risk Factors,\" in Quantum's Quarterly Report on Form 10-Q filed with the Securities and Exchange Commission on August 13, 2015 and in Quantum's Annual Report on Form 10-K filed with the Securities and Exchange Commission on June 12, 2015. Quantum expressly disclaims any obligation to update or alter its forward-looking statements, whether as a result of new information, future events or otherwise, except as required by applicable law. \nPublic Relations Contact:", "external_links": [], "published": "2015-09-28T23:17:00.000+03:00", "crawled": "2015-09-29T00:25:32.712+03:00", "highlightTitle": ""}