{"organizations": [], "uuid": "3d5c9ccb7a5d63ba22565d6dd6f84810fa34c808", "thread": {"social": {"gplus": {"shares": 0}, "pinterest": {"shares": 0}, "vk": {"shares": 0}, "linkedin": {"shares": 0}, "facebook": {"likes": 0, "shares": 0, "comments": 0}, "stumbledupon": {"shares": 0}}, "site_full": "www.freshnews.com", "main_image": "", "site_section": "http://freshnews.com//news/technology/feed", "section_title": "FreshNews.com - Technology News", "url": "http://www.freshnews.com/news/1134653/top-instructor-michael-breed-host-new-show-siriusxm-pga-tour-radio", "country": "US", "title": "Top Instructor Michael Breed to Host New Show on SiriusXM PGA TOUR Radio", "performance_score": 0, "site": "freshnews.com", "participants_count": 1, "title_full": "Top Instructor Michael Breed to Host New Show on SiriusXM PGA TOUR Radio", "spam_score": 0.0, "site_type": "news", "published": "2015-09-30T19:15:00.000+03:00", "replies_count": 0, "uuid": "3d5c9ccb7a5d63ba22565d6dd6f84810fa34c808"}, "author": "admin", "url": "http://www.freshnews.com/news/1134653/top-instructor-michael-breed-host-new-show-siriusxm-pga-tour-radio", "ord_in_thread": 0, "title": "Top Instructor Michael Breed to Host New Show on SiriusXM PGA TOUR Radio", "locations": [], "entities": {"persons": [], "locations": [], "organizations": []}, "highlightText": "", "language": "english", "persons": [], "text": "  Sirius XM Holdings Inc. \nNEW YORK, Sept. 30, 2015 /PRNewswire/ -- SiriusXM announced today that Golf Channel's Michael Breed , one of the game's foremost instructors, has joined the roster of hosts on the SiriusXM PGA TOUR Radio channel, where he will host a new show airing twice a week. \nhttp://photos.prnewswire.com/prnvar/20101014/NY82093LOGO \nA New Breed of Golf will debut October 14 and air live every Wednesday and Thursday morning from 10:00 to 11:00 am ET on SiriusXM PGA TOUR Radio. The channel is available to subscribers nationwide on satellite radios (Sirius channel 208, XM channel 92), on the SiriusXM app and at SiriusXM.com. \nBreed will take calls from golfers around the country, share his sought-after tips for better play at all levels of the game, and discuss the latest golf news, tournaments, players and more. \n\"I've dedicated my career to helping golfers of all levels enjoy the game of golf as much as I do,\" said Breed. \"Being on Golf Channel for Golf Fix on Mondays and now on SiriusXM for A New Breed of Golf twice a week will allow me to share my passion for the game more often and with more people than ever before. I'm truly grateful for the opportunity SiriusXM is giving me and I look forward to this new show becoming a fun, entertaining, unique and very high-energy part of the SiriusXM PGA TOUR Radio lineup.\" \n\"Michael is an exceptional teacher, to be sure. He's also a remarkably talented communicator, whether he is instructing or talking about the game's headline news,\" said Scott Greenstein, SiriusXM's President and Chief Content Officer. \"We're very excited to have him on SiriusXM PGA TOUR Radio, where our listeners around the country can connect with him to seek his advice on improving their games or just to talk golf in general.\" \nBreed ( @MichaelBreed ) has been a PGA Professional for more than two decades and in 2012 received the highest honor of his career when he was chosen as the PGA's National Teacher of the Year. He has been recognized as one of the Top Instructors in America by both GOLF magazine and Golf Digest . He is presently ranked #13 on Golf Digest's Top 50 list, and #1 in the state of New York. He has worked with over 30 PGA Tour, LPGA Tour, Nationwide Tour and Senior Tour players. \nMichael oversees the newly opened Michael Breed Golf Academy at Trump Golf Links at Ferry Point in New York. Formerly, he was the head professional at Sunningdale Country Club and served as assistant pro at Deepdale Golf Club and Augusta National Golf Club. \nBreed hosts The Golf Fix on Golf Channel and is part of Golf Channel's coverage of the Nationwide Tour and PGA TOUR, serving as an on course commentator. He also serves as the analyst for PGA.com in its coverage of the PGA Championship, PGA Professional National Championship, and The Ryder Cup. \nAbout SiriusXM \nSirius XM Holdings Inc. (NASDAQ: SIRI) is the world's largest radio broadcaster measured by revenue and has 28.4 million subscribers. SiriusXM creates and broadcasts commercial-free music; premier sports talk and live events; comedy; news; exclusive talk and entertainment; and the most comprehensive Latin music, sports and talk programming in radio. SiriusXM is available in vehicles from every major car company in the U.S. and on smartphones and other connected devices as well as online at siriusxm.com . SiriusXM radios and accessories are available from retailers nationwide and at shop.siriusxm.com . SiriusXM also provides premium traffic, weather, data and information services for subscribers in cars, trucks, RVs, boats and aircraft through SiriusXM Traffic(TM), SiriusXM Travel Link, NavTraffic®, NavWeather(TM), SiriusXM Aviation, SiriusXM Marine(TM), Sirius Marine Weather, XMWX Aviation(TM), and XMWX Marine(TM). SiriusXM holds a minority interest in SiriusXM Canada which has more than 2 million subscribers. SiriusXM is also a leading provider of connected vehicles services to major automakers, giving customers access to a suite of safety, security, and convenience services including automatic crash notification, stolen vehicle recovery assistance, enhanced roadside assistance and turn-by-turn navigation. \nOn social media, join the SiriusXM community on Facebook , Twitter , Instagram , and YouTube . To view and download SiriusXM logos and artwork, please visit SiriusXM.com/LogosAndPhotos . \nThis communication contains \"forward-looking statements\" within the meaning of the Private Securities Litigation Reform Act of 1995. Such statements include, but are not limited to, statements about future financial and operating results, our plans, objectives, expectations and intentions with respect to future operations, products and services; and other statements identified by words such as \"will likely result,\" \"are expected to,\" \"will continue,\" \"is anticipated,\" \"estimated,\" \"believe,\" \"intend,\" \"plan,\" \"projection,\" \"outlook\" or words of similar meaning. Such forward-looking statements are based upon the current beliefs and expectations of our management and are inherently subject to significant business, economic and competitive uncertainties and contingencies, many of which are difficult to predict and generally beyond our control. Actual results may differ materially from the results anticipated in these forward-looking statements. \nThe following factors, among others, could cause actual results to differ materially from the anticipated results or other expectations expressed in the forward-looking statements: our competitive position versus other radio and audio service providers; our ability to attract and retain subscribers, which is uncertain; our dependence upon the auto industry; general economic conditions; changes in consumer protection laws and their enforcement; the security of the personal information about our customers; other existing or future government laws and regulations could harm our business; failure of our satellites would significantly damage our business; the interruption or failure of our information technology and communications systems; royalties we pay for music rights, which increase over time; the unfavorable outcome of pending or future litigation; our failure to realize benefits of acquisitions or other strategic initiatives; rapid technological and industry changes; failure of third parties to perform; failure to comply with FCC requirements; modifications to our business plans; our indebtedness; and our principal stockholder has significant influence over our management and over actions requiring stockholder approval and its interests may differ from interests of other holders of our common stock. Additional factors that could cause our results to differ materially from those described in the forward-looking statements can be found in our Annual Report on Form 10-K for the year ended December 31, 2014, which is filed with the Securities and Exchange Commission (the \"SEC\") and available at the SEC's Internet site ( http://www.sec.gov ). The information set forth herein speaks only as of the date hereof, and we disclaim any intention or obligation to update any forward looking statements as a result of developments occurring after the date of this communication. \nSource: SiriusXM", "external_links": [], "published": "2015-09-30T19:15:00.000+03:00", "crawled": "2015-09-30T20:40:33.997+03:00", "highlightTitle": ""}