{"organizations": [], "uuid": "9de881637ac2d5a2335c7e1970899a2e5301e8b5", "thread": {"social": {"gplus": {"shares": 0}, "pinterest": {"shares": 0}, "vk": {"shares": 0}, "linkedin": {"shares": 0}, "facebook": {"likes": 0, "shares": 0, "comments": 0}, "stumbledupon": {"shares": 0}}, "site_full": "mynorthwest.com", "main_image": "http://mynorthwest.com/emedia/seattle/13/1379/137935.jpg", "site_section": "http://www.mynorthwest.com/xml/23.xml", "section_title": "MyNorthwest.com - Technology", "url": "http://mynorthwest.com/23/2817779/Strong-evidence-Mars-has-steams-of-salt-water-in-summertime", "country": "US", "title": "Strong evidence Mars has steams of salt water in summertime", "performance_score": 0, "site": "mynorthwest.com", "participants_count": 0, "title_full": "Strong evidence Mars has steams of salt water in summertime", "spam_score": 0.0, "site_type": "news", "published": "2015-09-28T19:13:00.000+03:00", "replies_count": 0, "uuid": "9de881637ac2d5a2335c7e1970899a2e5301e8b5"}, "author": "", "url": "http://mynorthwest.com/23/2817779/Strong-evidence-Mars-has-steams-of-salt-water-in-summertime", "ord_in_thread": 0, "title": "Strong evidence Mars has steams of salt water in summertime", "locations": [], "entities": {"persons": [], "locations": [], "organizations": []}, "highlightText": "", "language": "english", "persons": [], "text": "Strong evidence Mars has steams of salt water in summertime   8:13 am Share \nCAPE CANAVERAL, Fla. (AP) -- Scientists are reporting that Mars appears to have not only frozen water but flowing streams of salty water, at least in the summertime. \nThey say their latest observations \"strongly support\" the longtime theory that salt water flows down certain Martian slopes each summer. \nThese dark, narrow streaks tend to appear and grow during the warmest Martian months, and fade the rest of the year. Salt lowers the freezing point of water, and scientists say that would explain these seasonal briny flows. \nBecause water is essential to life, Monday's findings could have major implications. \nThe researchers say further exploration is warranted to determine whether any microscopic life might exist at modern-day Mars. They based their findings on data from NASA's Mars Reconnaissance Orbiter, which has been circling Mars since 2006. \nCopyright © The Associated Press. All rights reserved. This material may not be published, broadcast, rewritten or redistributed.", "external_links": [], "published": "2015-09-28T19:13:00.000+03:00", "crawled": "2015-09-28T18:14:20.129+03:00", "highlightTitle": ""}