{"organizations": [], "uuid": "0be18ba70f03e3198d3dfc16509fda8bd4d50a0e", "thread": {"social": {"gplus": {"shares": 0}, "pinterest": {"shares": 0}, "vk": {"shares": 0}, "linkedin": {"shares": 0}, "facebook": {"likes": 0, "shares": 0, "comments": 0}, "stumbledupon": {"shares": 0}}, "site_full": "newsr.in", "main_image": "http://cdn.newsserve.net/i/20150929/3190-Google-Maps-now-works-on-the-Apple-Watch.jpg", "site_section": "http://newsr.in/latest/Technology.htm", "section_title": "Technology: newsR", "url": "http://newsr.in/n/Technology/75589mzvl/Google-Maps-now-works-on-the-Apple-Watch.htm", "country": "US", "title": "Google Maps now works on the Apple Watch", "performance_score": 0, "site": "newsr.in", "participants_count": 1, "title_full": "Google Maps now works on the Apple Watch - newsR", "spam_score": 0.0, "site_type": "news", "published": "2015-09-29T03:00:00.000+03:00", "replies_count": 0, "uuid": "0be18ba70f03e3198d3dfc16509fda8bd4d50a0e"}, "author": "newsr.in", "url": "http://newsr.in/n/Technology/75589mzvl/Google-Maps-now-works-on-the-Apple-Watch.htm", "ord_in_thread": 0, "title": "Google Maps now works on the Apple Watch", "locations": [], "entities": {"persons": [], "locations": [], "organizations": []}, "highlightText": "", "language": "english", "persons": [], "text": "Sure, Apple Maps has improved significantly in the past few years since it launched, but for many Apple users it still doesn't hold a candle to Google Maps. But if you're an Apple Watch user who wanted to use your watch for directions, Apple Maps h... »", "external_links": ["http://cdn.newsserve.net/i/20150929/3190-Google-Maps-now-works-on-the-Apple-Watch.jpg"], "published": "2015-09-29T03:00:00.000+03:00", "crawled": "2015-09-30T02:10:22.846+03:00", "highlightTitle": ""}