{"organizations": [], "uuid": "37eac4a4dcee53ca3ef8552343f7d42b5ac81b7d", "thread": {"social": {"gplus": {"shares": 0}, "pinterest": {"shares": 0}, "vk": {"shares": 0}, "linkedin": {"shares": 0}, "facebook": {"likes": 0, "shares": 0, "comments": 0}, "stumbledupon": {"shares": 0}}, "site_full": "news.google.com", "main_image": "http://media.arkansasonline.com/static/arkonline/images/fbaologo.jpg", "site_section": "http://news.google.com/news?hl=en&gl=us&q=technology&pws=0&bav=on.2,or.r_gc.r_pw.r_cp.r_qf.&bpcl=38093640&biw=1366&bih=653&um=1&ie=UTF-8&output=rss", "section_title": "technology - Google News", "url": "http://news.google.com/news/url?sa=t&fd=R&ct2=us&usg=AFQjCNHBu0C_JPk_hWB9VL_uE6eVM1gTng&clid=c3a7d30bb8a4878e06b80cf16b898331&cid=52778959578478&ei=Km4IVpjQNtLhaq-tn7gO&url=http://www.arkansasonline.com/news/2015/sep/27/technology-transfer-20150927/", "country": "IL", "title": "Technology transfer - Arkansas Online", "performance_score": 0, "site": "google.com", "participants_count": 0, "title_full": "Technology transfer - Arkansas Online", "spam_score": 0.0, "site_type": "news", "published": "2015-09-27T10:12:00.000+03:00", "replies_count": 0, "uuid": "37eac4a4dcee53ca3ef8552343f7d42b5ac81b7d"}, "author": "", "url": "http://news.google.com/news/url?sa=t&fd=R&ct2=us&usg=AFQjCNHBu0C_JPk_hWB9VL_uE6eVM1gTng&clid=c3a7d30bb8a4878e06b80cf16b898331&cid=52778959578478&ei=Km4IVpjQNtLhaq-tn7gO&url=http://www.arkansasonline.com/news/2015/sep/27/technology-transfer-20150927/", "ord_in_thread": 0, "title": "Technology transfer - Arkansas Online", "locations": [], "entities": {"persons": [], "locations": [], "organizations": []}, "highlightText": "", "language": "english", "persons": [], "text": "a A Font Size \nIt was an October Sunday dinner in 1832 when a number of new arrivals discovered that not all frontier Arkansans lived in log hovels and drank from gourds. On that autumn day 173 years ago Arkansas Territorial Governor John Pope and a party of 40 returning from the east were feted at a formal dinner at the Arkansas Post home of merchant and entrepreneur Frederick Notrebe. \nSome of the diners were surprised to find their table covered in fine linens, their food served on good china, and wine poured into cut-glass goblets. By 1832 Arkansas was already known as a \"bear state\"--wherein lived men who were half-horse and half-alligator. While it cannot be denied that Arkansas lingered behind much of the country in economic and social attainment, it is quite surprising how quickly Arkansans have overcome economic adversity to take advantage of modern technology. \nThe steamboat, possibly the single most important technology to life and commerce in 19th-Century Arkansas, arrived with great rapidity. Robert Fulton and colleagues built the first commercial steamboat in America, the Clermont, in 1807. A mere 13 years later steamboats were nosing their way up the Arkansas River. \nPhotography came to frontier Arkansas with amazing rapidity. The French announced the invention of the \"daguerreotype\" process in 1839; the first professional photographer set up shop in Little Rock less than three years later in the spring of 1842. Within a few years itinerant photographers were hauling their heavy equipment into the deepest Ozark hollers as well as the refined drawing rooms of Delta planters. \nWhile the telegraph was slow to make its way to Arkansas, telephone service came quite early. Alexander Graham Bell received his first patent for a telephone on March 7, 1876, and three days later he demonstrated its efficacy when he spoke the command, \"Mr. Watson, come here; I want you.\" Western Union, the major telegraph company, refused to purchase Bell's invention, and a keen competition arose while the two companies slugged it out in court. \nOn Nov. 1, 1879, telephone service arrived in Little Rock with the opening of what some have claimed to be the third telephone exchange in the nation. While I could not verify that claim, it is amazing that a poor state like Arkansas had a telephone exchange within four years of its invention. \nThe arrival of incandescent electric street lighting in Little Rock came in 1888, less than a decade after Thomas A. Edison perfected the technology in 1879. Before that date Little Rock street lights were fueled with artificial gas, which required the services of a lamplighter who made the rounds at dusk each evening and fired up the lamps. Most Arkansas towns used electric street lighting by 1900. \nArkansans welcomed the automobile very soon after it went on the market. Henry Ford began the mass production of automobiles in 1903, and it did not take long before Arkansas country newspapers were boasting of local automobile traffic in headlines such as \"Two Automobiles Pass Through Town on Sunday.\" \nAuto ownership in Independence County in north central Arkansas is probably typical of the state. The 1910 tax assessments show not a single automobile in the county, but the following year several cars were assessed--mostly in the city of Batesville. Wealthy Batesville merchant Nathan Adler bought two cars, with the arrival of the second, a fancy Hudson model, being noted in the local paper. \nArkansans were caught up in the aviation mania that swept the nation in the aftermath of the Wright brothers maiden flight at Kitty Hawk, N.C., in 1903. Within five years Arkansans were building airplanes of their own, but the first documented flight within the state was at Fort Smith. On May 21, 1910, J. C. \"Bud\" Mars flew his \"aeroplane\" around League Park, landing to a standing ovation from the large paying audience, which included residents of the county poor farm who were admitted free of charge. By the end of the following year practically every large Arkansas town had hosted landings, and Fort Smith received its first airmail service on Nov. 5, 1911. All of this took place in well under a decade after the flight of the Wright brothers! \nOne should not make too much of these facts. While Arkansans have traditionally accepted modern technological advances, and while affluent Arkansans have always been able to avail themselves of modern conveniences, this does not mean that the average citizen has had equal access. We had automobiles in Arkansas from a very early date, but the roads on which to drive them were not paved for another two or three generations. \nv", "external_links": [], "published": "2015-09-27T10:12:00.000+03:00", "crawled": "2015-09-28T01:33:35.707+03:00", "highlightTitle": ""}