{"organizations": ["NetSuite"], "uuid": "bb09775345367818859ee605d77de6d0006d772f", "thread": {"social": {"gplus": {"shares": 0}, "pinterest": {"shares": 0}, "vk": {"shares": 0}, "linkedin": {"shares": 0}, "facebook": {"likes": 0, "shares": 0, "comments": 0}, "stumbledupon": {"shares": 0}}, "site_full": "www.innovativeretailtechnologies.com", "main_image": "", "site_section": "http://www.retailsolutionsonline.com/rssfeeds/rssnews", "section_title": "Innovative Retail Technologies News", "url": "http://www.innovativeretailtechnologies.com/doc/inside-irt-0001?atc~c=771+s=773+r=001+l=a", "country": "US", "title": "09.01.15 -- Inside IRT", "performance_score": 0, "site": "innovativeretailtechnologies.com", "participants_count": 0, "title_full": "09.01.15 -- Inside IRT", "spam_score": 0.0, "site_type": "news", "published": "2015-08-26T19:10:00.000+03:00", "replies_count": 0, "uuid": "bb09775345367818859ee605d77de6d0006d772f"}, "author": "", "url": "http://www.innovativeretailtechnologies.com/doc/inside-irt-0001?atc~c=771+s=773+r=001+l=a", "ord_in_thread": 0, "title": "09.01.15 -- Inside IRT", "locations": [], "entities": {"persons": [], "locations": [], "organizations": []}, "highlightText": "", "language": "english", "persons": ["Matt Rhodus"], "text": "Incentive Comp In Retail: 5 Bottom-Line Benefits Among all the facets of retailing, employee motivation is one of the most important and manageable factors for success and profitability. Retailers looking to increase wallet share and drive desired behavior, such as increased cross-sell/up-sell opportunities, improved customer service, and customer retention, rely on incentive comp plans and strategies. Trends In Government Regulation Around Fair Scheduling And Compliance In the past state and federal government workforce regulations were mainly concerned with what a company’s workforce was doing while on the clock — matters of overtime, age restrictions, workers’ compensation, and hiring and firing practices. However, a recent trend has seen legal focus shifting in regards to employee welfare. Merge The Physical And Digital With Order Management By Matt Rhodus, NetSuite vertical marketing expert, retail In today's omni-channel world, customers no longer differentiate between online and in-store experiences. To attract and retain today’s empowered shoppers, retailers must blend the physical and digital worlds into a seamless omni-channel commerce experience that offers buy anywhere, fulfill from anywhere, and return anywhere flexibility. Subscribe Now Innovative Retail Technologies Innovative Retail Technologies (formerly Integrated Solutions For Retailers ) delivers the insight retailers need to achieve critical business objectives by integrating pragmatic innovative technology and operations solutions across the enterprise. Subscribe today ! Featured Product Dolphin 75e Handheld Computer The Dolphin 75e is a versatile multimodal device that allows users the freedom to use a variety of input and output modes to deliver significant operational gains and flexibility for the enterprise. Featuring a sleek, pocketable design and yet durable enough for tough work environments, the Dolphin 75e device is efficient, easy to adopt, and offers enterprises a lower total cost of ownership than traditional single-purpose devices.", "external_links": [], "published": "2015-08-26T19:10:00.000+03:00", "crawled": "2015-09-01T20:17:33.351+03:00", "highlightTitle": ""}