{"organizations": [], "uuid": "d8cbafec74d680c60e65fb3d9c9183f03cc35aa1", "thread": {"social": {"gplus": {"shares": 0}, "pinterest": {"shares": 0}, "vk": {"shares": 0}, "linkedin": {"shares": 0}, "facebook": {"likes": 0, "shares": 0, "comments": 0}, "stumbledupon": {"shares": 0}}, "site_full": "www.webpronews.com", "main_image": "http://s3.amazonaws.com/wpnimages/wp-content/uploads/2015/09/25150615/Screen-Shot-2015-09-25-at-3.04.53-PM.png", "site_section": "http://www.webpronews.com/category/technology/feed", "section_title": "WebProNews » Technology - WebProNews", "url": "http://www.webpronews.com/your-passcode-is-protected-by-fifth-amendment-says-court-2015-09/", "country": "US", "title": "Your Passcode Is Protected by Fifth Amendment, Says Court", "performance_score": 0, "site": "webpronews.com", "participants_count": 1, "title_full": "Your Passcode Is Protected by Fifth Amendment, Says Court", "spam_score": 0.0, "site_type": "news", "published": "2015-09-25T22:08:00.000+03:00", "replies_count": 0, "uuid": "d8cbafec74d680c60e65fb3d9c9183f03cc35aa1"}, "author": "Josh Wolford", "url": "http://www.webpronews.com/your-passcode-is-protected-by-fifth-amendment-says-court-2015-09/", "ord_in_thread": 0, "title": "Your Passcode Is Protected by Fifth Amendment, Says Court", "locations": [], "entities": {"persons": [], "locations": [], "organizations": []}, "highlightText": "", "language": "english", "persons": [], "text": "Your Passcode Is Protected by Fifth Amendment, Says Court September 25, 2015 Comments are off for this post. \nCan the police compel you to give up your iPhone passcode? \nNot according to one federal court’s ruling. Doing so would be a violation of your Fifth Amendment rights. \nThe case in question involved two insider trading suspects and the Securities and Exchange Commission’s desire to get at evidence it believed was present on the defendants’ work-issued iPhones. \nUnfortunately for the SEC, the phones were protected with passcodes. \n“The SEC argues Defendants, as former Bank data analysts, are corporate custodians in possession of corporate records, and as such cannot assert their Fifth Amendment privilege in refusing to disclose their passcodes. Defendants disagree they are corporate custodians and argue providing the passcodes to their phones is ‘testimonial’ in nature and violates the Fifth Amendment,” says the ruling. \nSo, who’s right? \nAccording to the court, it’s the defendants. \n“Since the passcodes to Defendants’ work-issued smartphones are not corporate records, the act of producing their personal passcodes is testimonial in nature and Defendants properly invoke their fifth Amendment privilege.” \nYour passcode is testimonial, and thus forcing you to reveal it would violate your right against self-incrimination. \nBut according to one constitutional scholar, it wouldn’t be wise to think that there’s no feasible way for the government to get around said Fifth Amendment protections. \n“Having the defendant enter in his passcode would minimize the Fifth Amendment implications of the compelled compliance, as it would not involve disclosing the potentially incriminating evidence of the passcode itself. The passcode itself could be independently incriminating, at least in some cases. Imagine a conspiracy case in which members of the conspiracy use a common passcode. Proof that a suspect used that exact passcode on his own phone would be incriminating evidence, as it could help to show membership in the conspiracy,” writes Orin Kerr for the Washington Post . \n“Because the passcode itself could be incriminating, the smart way to limit the Fifth Amendment problem is for the government to ask for an order compelling the target to enter in the passcode rather than to divulge it to the police.” \nAnd we’re just talking about passcodes. If you use Apple’s Touch ID or any other sort of biometrics to lock your devices, you may be shit out of luck .", "external_links": [], "published": "2015-09-25T22:08:00.000+03:00", "crawled": "2015-09-28T18:19:30.821+03:00", "highlightTitle": ""}