{"organizations": ["PFO Global, Inc."], "uuid": "ace573d4f5e45a2fd76c4b4d3f3f595fd40915a7", "thread": {"social": {"gplus": {"shares": 0}, "pinterest": {"shares": 0}, "vk": {"shares": 0}, "linkedin": {"shares": 0}, "facebook": {"likes": 0, "shares": 0, "comments": 0}, "stumbledupon": {"shares": 0}}, "site_full": "www.visionmonday.com", "main_image": "http://www.visionmonday.com/CMSImagesContent/2015/9/ChristinaJones.thumb.gif", "site_section": "http://www.visionmonday.com/rss/technology/", "section_title": "TECHNOLOGY", "url": "http://www.visionmonday.com/latest-news/article/jones-named-national-sales-manager-for-pfo-global-1/", "country": "US", "title": "Jones Named National Sales Manager for PFO Global", "performance_score": 0, "site": "visionmonday.com", "participants_count": 0, "title_full": "Jones Named National Sales Manager for PFO Global", "spam_score": 0.0, "site_type": "news", "published": "2015-09-30T07:18:00.000+03:00", "replies_count": 0, "uuid": "ace573d4f5e45a2fd76c4b4d3f3f595fd40915a7"}, "author": "", "url": "http://www.visionmonday.com/latest-news/article/jones-named-national-sales-manager-for-pfo-global-1/", "ord_in_thread": 0, "title": "Jones Named National Sales Manager for PFO Global", "locations": ["IRVING", "Texas"], "entities": {"persons": [], "locations": [], "organizations": []}, "highlightText": "", "language": "english", "persons": ["Jones", "Christina Jones"], "text": "Wednesday, September 30, 2015 12:18 AM Christina Jones.​ IRVING, Texas—Prescription lens, finished eyewear and vision technology provider, PFO Global, Inc. , (OTCBB: ENRG) announced that it has named 26-year industry sales veteran Christina Jones as its national sales manager. The announcement was made at its recently hosted national sales meeting held at its corporate headquarters here. Prior to moving to this newly created position, Jones was a sales consultant with PFO Global. Jones will lead the PFO Global sales team nationwide, and will be responsible for meeting with key account holders and suppliers to assure customer satisfaction, quality assurance, product offering and price guarantees.\"PFO Global is an emerging disruptive force in the industry giving its customers a unique innovative way to grow their businesses by offering them products of the highest quality at a price where they can greatly improve their profit margin,” Jones said. “Our sales team is on a mission to get the word out about our exciting new products, our commitment to reinvent customer service, and our desire to help our partners grow,\" said Jones. ALSO RECOMMENDED", "external_links": [], "published": "2015-09-30T07:18:00.000+03:00", "crawled": "2015-09-30T10:44:48.237+03:00", "highlightTitle": ""}