{"organizations": [], "uuid": "bdfc6b9ad15dd839c73b765c98dcbb6d9ddb8250", "thread": {"social": {"gplus": {"shares": 0}, "pinterest": {"shares": 0}, "vk": {"shares": 0}, "linkedin": {"shares": 0}, "facebook": {"likes": 0, "shares": 0, "comments": 0}, "stumbledupon": {"shares": 0}}, "site_full": "www.freshnews.com", "main_image": "", "site_section": "http://freshnews.com//news/technology/feed", "section_title": "FreshNews.com - Technology News", "url": "http://www.freshnews.com/news/1133136/global-luminaire-market-2015-2019-reportlinker-review", "country": "US", "title": "Global Luminaire Market 2015-2019 - Reportlinker Review", "performance_score": 0, "site": "freshnews.com", "participants_count": 1, "title_full": "Global Luminaire Market 2015-2019 - Reportlinker Review", "spam_score": 0.0, "site_type": "news", "published": "2015-09-28T22:22:00.000+03:00", "replies_count": 0, "uuid": "bdfc6b9ad15dd839c73b765c98dcbb6d9ddb8250"}, "author": "admin", "url": "http://www.freshnews.com/news/1133136/global-luminaire-market-2015-2019-reportlinker-review", "ord_in_thread": 0, "title": "Global Luminaire Market 2015-2019 - Reportlinker Review", "locations": [], "entities": {"persons": [], "locations": [], "organizations": []}, "highlightText": "", "language": "english", "persons": [], "text": "Submitted by admin on 9/28/2015 @ 12:22 PM   ReportLinker \nNEW YORK, Sept. 28, 2015 /PRNewswire/ -- About luminaireThe general lighting market forms the biggest sector of the lighting industry, followed by automotive lighting and backlighting. The general lighting market can be classified into light source used for replacement, luminaires, and control systems. Fixtures, ballasts, and light source constitute luminaires. The luminaire market includes lighting applications for residential, commercial, industrial, architectural, and outdoor purposes. The commercial and residential segments are the major drivers for the luminaire market. The luminaire comes in two types: traditional and LED. The traditional lightings are categorized into CFL, fluorescent, halogen, and incandescent. The traditional lighting market will see a decline in the sales because of the rising popularity of LED technology. Technavio predicts that the global luminaire market to grow at a CAGR of 2.07% over the period 2014-2019. Covered in this Report This report covers the present scenario and growth prospects of the global luminaire market during 2015-2019. The report covers the technology landscape of the general lighting industry and an overview of supply chain and value chain of LED luminaire products. The report also categorizes the market on the following basis:- By application: architecture segment, commercial segment, industrial segment, outdoor segment, and residential segment- By technology: CFL, fluorescent, halogen, incandescent, and LED (LED integrated and LED replacement)The report is based on an in-depth market analysis, with inputs from industry experts. It also discusses the Key Vendors operating in this market. The report focuses on the market landscape and its growth prospects in the coming years. It also focuses on the demand patterns from different geographies: APAC, Americas (North America and Latin America), and EMEA (Eastern Europe, Western Europe, and rest of EMEA) for the forecast period. The report also includes a case study discussing the overall cost, i.e., acquisition cost and operational cost of LED luminaire, CFL luminaire, and halogen luminaire used as down lighter.Key regions", "external_links": [], "published": "2015-09-28T22:22:00.000+03:00", "crawled": "2015-09-28T23:47:35.045+03:00", "highlightTitle": ""}