{"organizations": [], "uuid": "b1bed18eec6508d07e1d75d54cc8f8ad7d6f12f8", "thread": {"social": {"gplus": {"shares": 0}, "pinterest": {"shares": 0}, "vk": {"shares": 0}, "linkedin": {"shares": 0}, "facebook": {"likes": 0, "shares": 0, "comments": 0}, "stumbledupon": {"shares": 0}}, "site_full": "www.prbuzz.com", "main_image": "", "site_section": "https://www.prbuzz.com/technology.html", "section_title": "Technology", "url": "https://www.prbuzz.com/technology/349262-the-ultimate-bulk-emailing-solution-by-official-email-marketing.html", "country": "US", "title": "The Ultimate Bulk Emailing Solution By Official Email Marketing", "performance_score": 0, "site": "prbuzz.com", "participants_count": 1, "title_full": "The Ultimate Bulk Emailing Solution By Official Email Marketing", "spam_score": 0.0, "site_type": "news", "published": "2015-09-28T03:00:00.000+03:00", "replies_count": 0, "uuid": "b1bed18eec6508d07e1d75d54cc8f8ad7d6f12f8"}, "author": "prbuzz.com", "url": "https://www.prbuzz.com/technology/349262-the-ultimate-bulk-emailing-solution-by-official-email-marketing.html", "ord_in_thread": 0, "title": "The Ultimate Bulk Emailing Solution By Official Email Marketing", "locations": [], "entities": {"persons": [], "locations": [], "organizations": []}, "highlightText": "", "language": "english", "persons": [], "text": "With ever so increasing reliance over tech for handling businesses and targeting audience through internet it is almost mandatory entrepreneurs and their businesses to have an email marketing software to reach out to the prospective patrons. OfficialEmailMarketing.com is here with just the software to help people in expanding their business by allowing them to market hassle free through emails.\nOfficialEmailMarketing.com , unlike other bulk emailing solutions also offer demo to test and check whether their software is according to the business’ requirements. The software is fully equipped to be able to handle the marketing campaigns. Official email marketing reports that numerous clients have benefited with the help of their software and many continue to get on board.\nFactors that set this software apart from others in the market are its high speed servers that never go down, and a fully Supported Technical Staff to ensure an efficient campaign. The benefits of this email marketing software are you can send unlimited emails and it's fully can-spam compliant and follows the rules of responsible email marketing practices.\nThe CEO and founder of the company, Rodney Gray was Quote: d as saying, ‘Email marketing is based around good customer support and working with our clients to perfect their email marketing campaigns is a top priority’.\nThe software offers nominal packages depending upon the extent of marketing that the businesses wish to do with emails. The company guarantees top notch service with unprecedented tech support.\nWebsite: http://www.officialemailmarketing.com\nContact: Rodney Gray\nToll Free 1-888-669-5399\noverseas 1-778-477-1933\n29104 OKM Kelowna,\nBC V1W 4A7, Canada", "external_links": ["http://www.officialemailmarketing.com/", "http://www.officialemailmarketing.com/bulk-email-software"], "published": "2015-09-28T03:00:00.000+03:00", "crawled": "2015-09-28T19:17:45.181+03:00", "highlightTitle": ""}