{"organizations": ["Viacom"], "uuid": "c8f4f8f7d118502670ab96093cdfc7df5839094f", "thread": {"social": {"gplus": {"shares": 0}, "pinterest": {"shares": 0}, "vk": {"shares": 0}, "linkedin": {"shares": 0}, "facebook": {"likes": 0, "shares": 0, "comments": 0}, "stumbledupon": {"shares": 0}}, "site_full": "www.allmediany.com", "main_image": "", "site_section": "http://www.allmediany.com/rssService/BusinessTechnology.xml", "section_title": "Business  Technology", "url": "http://www.allmediany.com/news/55132-social-virtual-reality-platform-courts-developers", "country": "US", "title": "Social Virtual Reality Platform Courts Developers", "performance_score": 0, "site": "allmediany.com", "participants_count": 0, "title_full": "Social Virtual Reality Platform Courts Developers", "spam_score": 0.0, "site_type": "news", "published": "2015-09-17T05:46:00.000+03:00", "replies_count": 0, "uuid": "c8f4f8f7d118502670ab96093cdfc7df5839094f"}, "author": "", "url": "http://www.allmediany.com/news/55132-social-virtual-reality-platform-courts-developers", "ord_in_thread": 0, "title": "Social Virtual Reality Platform Courts Developers", "locations": [], "entities": {"persons": [], "locations": [], "organizations": []}, "highlightText": "", "language": "english", "persons": [], "text": "Viacom Chief Downplays Volatility of Media Stock 18 September, 2015 \nPhilippe Dauman, president and CEO of Viacom, downplayed concerns over the company’s stock price Wednesday at a conference for senior broadcasting executives in the U.K. saying: “You... More Most Economists Expect Fed to Delay Rate Hike 18 September, 2015 \nThe U.S. Federal Reserve will hold fire a bit longer on its first interest rate rise in nearly a decade, according to slightly more than half of economists polled by Reuters. The forecast represents... More Facebook Exec: Facebook Will Be Mostly Video Soon 18 September, 2015 \nWatch out, YouTube: Facebook wants to eat your lunch — and one of its execs just said that the social network will mostly consist of video posts in the very near future. Facebook’s... More", "external_links": [], "published": "2015-09-17T05:46:00.000+03:00", "crawled": "2015-09-18T09:22:13.817+03:00", "highlightTitle": ""}