{"organizations": [], "uuid": "baf91b300c7c1c4272fcbf036e934f367f49778c", "thread": {"social": {"gplus": {"shares": 0}, "pinterest": {"shares": 0}, "vk": {"shares": 0}, "linkedin": {"shares": 0}, "facebook": {"likes": 0, "shares": 0, "comments": 0}, "stumbledupon": {"shares": 0}}, "site_full": "www.reuters.com", "main_image": "", "site_section": "http://feeds.reuters.com/reuters/technologysectorNews", "section_title": "Reuters: Technology", "url": "http://www.reuters.com/article/2015/09/22/idUSL4N11S25K20150922?feedType=RSS&feedName=technologySector", "country": "US", "title": "BRIEF-Hengtong Optic-electric sees 9-mth profit up about 50-70 pct", "performance_score": 0, "site": "reuters.com", "participants_count": 0, "title_full": "BRIEF-Hengtong Optic-electric sees 9-mth profit up about 50-70 pct", "spam_score": 0.0, "site_type": "news", "published": "2015-09-22T10:51:00.000+03:00", "replies_count": 0, "uuid": "baf91b300c7c1c4272fcbf036e934f367f49778c"}, "author": "", "url": "http://www.reuters.com/article/2015/09/22/idUSL4N11S25K20150922?feedType=RSS&feedName=technologySector", "ord_in_thread": 0, "title": "BRIEF-Hengtong Optic-electric sees 9-mth profit up about 50-70 pct", "locations": [], "entities": {"persons": [], "locations": [], "organizations": []}, "highlightText": "", "language": "english", "persons": [], "text": "BRIEF-Hengtong Optic-electric sees 9-mth profit up about 50-70 pct Sept 22 \nSept 22 Hengtong Optic-electric Co Ltd \n* Says expects Jan-Sept net profit up about 50-70 percent y/y at 373.9-423.7 million yuan ($58.66-66.47 million) \nSource text in Chinese: bit.ly/1MG6KNY \nFurther company coverage: ($1 = 6.3743 Chinese yuan renminbi) (Reporting by Hong Kong and Singapore newsrooms) Trending On Reuters \nFind out what’s in store for our digital-everything lives. > \nThomson Reuters is the world's largest international multimedia news agency, providing investing news , world news , business news , technology news , headline news, small business news , news alerts, personal finance , stock market , and mutual funds information available on Reuters.com, video , mobile , and interactive television platforms. Thomson Reuters journalists are subject to an Editorial Handbook which requires fair presentation and disclosure of relevant interests. \nNYSE and AMEX quotes delayed by at least 20 minutes. Nasdaq delayed by at least 15 minutes. For a complete list of exchanges and delays, please click here .", "external_links": [], "published": "2015-09-22T10:51:00.000+03:00", "crawled": "2015-09-22T15:37:59.671+03:00", "highlightTitle": ""}