{"organizations": [], "uuid": "3e5251edcc49cd674e0b5cdf7e9e5db917e324ee", "thread": {"social": {"gplus": {"shares": 0}, "pinterest": {"shares": 0}, "vk": {"shares": 0}, "linkedin": {"shares": 0}, "facebook": {"likes": 0, "shares": 0, "comments": 0}, "stumbledupon": {"shares": 0}}, "site_full": "phys.org", "main_image": "http://cdn.phys.org/tmpl/v5/img/phys_308px.png", "site_section": "http://www.physorg.com/rss-feed/technology-news/internet/", "section_title": "Internet News - Technology News, Internet, World Wide Web", "url": "http://phys.org/news/2015-09-texas-guilty-ny-bitcoin-fraud.html", "country": "US", "title": "Texas man pleads guilty in NY bitcoin securities fraud case", "performance_score": 0, "site": "phys.org", "participants_count": 0, "title_full": "Texas man pleads guilty in NY bitcoin securities fraud case", "spam_score": 0.0, "site_type": "news", "published": "2015-09-22T10:35:00.000+03:00", "replies_count": 0, "uuid": "3e5251edcc49cd674e0b5cdf7e9e5db917e324ee"}, "author": "", "url": "http://phys.org/news/2015-09-texas-guilty-ny-bitcoin-fraud.html", "ord_in_thread": 0, "title": "Texas man pleads guilty in NY bitcoin securities fraud case", "locations": ["NY", "Texas"], "entities": {"persons": [], "locations": [], "organizations": []}, "highlightText": "", "language": "english", "persons": ["Larry Neumeister"], "text": "Texas man pleads guilty in NY bitcoin securities fraud case September 22, 2015 by By Larry Neumeister \nA man involved in what federal authorities have described as the first bitcoin securities fraud case pleaded guilty on Monday. \nTrendon Shavers, of McKinney, Texas, pleaded guilty in New York to a count of securities fraud on his 33rd birthday. He told U.S. Magistrate Judge Sarah Netburn that he made false statements to investors. \n\"I know what I did was wrong, and I'm very sorry,\" he said. \nThe government said the false statements he told included promising investors as much as a 1 percent daily gain if they entrusted him with their bitcoins, digital currency created and exchanged independent of banks or governments. \nProsecutors said Shavers, who founded and operated Bitcoin Savings and Trust, once possessed 7 percent of all bitcoins in public circulation as he carried out the ruse in 2011 and 2012. The bitcoins amounted to $807,380 based on the average price of bitcoins during the scheme. \nAssistant U.S. Attorney Michael Ferrara said Shavers invested only some of the bitcoins he obtained. Instead, Ferrara told the judge, Shavers was \"receiving money from investor B to pay investor A. In other words, he had the telltale signs of a Ponzi scheme.\" \nIn a release, U.S. Attorney Preet Bharara said Shavers' scheme \"yielded high returns for himself rather than his investors.\" \n\"Instead of reaping gains, his investors were largely swindled out of their money in a cyber-age Ponzi scheme,\" Bharara said. \nBy the time the yearlong scheme was shut down in September 2012, Shavers had cheated about half of 100 investors out of all or part of their investments, prosecutors said. \nShavers was arrested in November and released on bail. A plea agreement recommends he spend roughly three years in prison. Sentencing is set for Feb. 3. \nIn a separate civil action in U.S. District Court in the Eastern District of Texas, Shavers has been ordered to pay more than $40 million in disgorgement and interest and a civil penalty of $150,000. 10 hours ago 1 Man sent to prison for Internet-based Ponzi scheme August 29, 2012 \n(AP)—A man who ran a Ponzi scheme disguised as an online advertising company has been sentenced to 78 months in prison. Texas man charged in alleged Bitcoin scam July 23, 2013 \nUS regulators Tuesday charged a Texas man with running a Ponzi scheme in which he raised some $4.5 million in the virtual currency Bitcoin. US announces 1st bitcoin securities fraud case November 6, 2014 \nA New York prosecutor says the federal government has brought its first bitcoin securities fraud case, accusing a Texas man of engineering a bitcoin Ponzi scheme. Estonia citizen pleads guilty in NYC to cyberfraud charge July 9, 2015 \nA man portrayed as a ringleader in an international cyber scam that infected more than 4 million computers in over 100 countries pleaded guilty Wednesday. Trio charged with running $54M green-energy Ponzi scheme September 3, 2015 \nThree people were charged Thursday with running a $54 million Ponzi scheme built on promises of a green energy technology that would turn trash into fuel and \"carbon-negative\" housing developments, neither of which were ever ... Latvian man pleads guilty in worldwide computer virus case September 5, 2015 \nA Latvian computer code writer who helped create a virus that spread to more than a million computers worldwide and corrupted some at NASA may be returning home soon after pleading guilty to a federal charge on Friday. Recommended for you Printing lightweight, flexible, and functional materials September 21, 2015 \n3D printing is revolutionizing the production of lightweight structures, soft robots and flexible electronics, but the technology struggles with complex, multimaterial integration. Study says Fukushima disaster was preventable September 21, 2015 \nThe worst nuclear disaster since the 1986 Chernobyl meltdown never should have happened, according to a new study. Apple revving work on electric car September 21, 2015 \nApple aims to have an electric car on the road some time in the year 2019, according to a report on Monday in the Wall Street Journal. AI system solves SAT geometry questions as well as average human test taker September 21, 2015 \nThe Allen Institute for Artificial Intelligence (AI2) announced today it has created an artificial intelligence (AI) system that can solve SAT geometry questions as well as the average American 11th-grade student, a breakthrough ... 4-D technology allows self-folding of complex objects September 21, 2015 \nUsing components made from smart shape-memory materials with slightly different responses to heat, researchers have demonstrated a four-dimensional printing technology that allowed creation of complex self-folding structures. 'SafePay': First anti-fraud system to use existing credit card readers September 21, 2015 \nFrom large-scale data breaches such as the 2013 Target case to local schemes that use skimming devices to steal data at the gas pump, credit card fraud is becoming commonplace. The key challenge is that existing magnetic ...", "external_links": [], "published": "2015-09-22T10:35:00.000+03:00", "crawled": "2015-09-22T11:20:39.645+03:00", "highlightTitle": ""}