{"organizations": ["NASP", "National Association of Specialty Pharmacy"], "uuid": "76e7af58f33b72f1095af127f2b796ec834c58b3", "thread": {"social": {"gplus": {"shares": 0}, "pinterest": {"shares": 0}, "vk": {"shares": 0}, "linkedin": {"shares": 0}, "facebook": {"likes": 0, "shares": 0, "comments": 0}, "stumbledupon": {"shares": 0}}, "site_full": "www.bio-medicine.org", "main_image": "", "site_section": "http://www.bio-medicine.org/inc/biomed/medicine-technology.asp", "section_title": "Latest Medical Technology from Bio-Medicine.Org", "url": "http://www.bio-medicine.org/medicine-technology-1/National-Association-of-Specialty-Pharmacy--28NASP-29-Initiates-Advisory-Councils-for-Major-Stakeholders-48498-1/", "country": "US", "title": "National Association of Specialty Pharmacy (NASP) Initiates Advisory Councils for Major Stakeholders", "performance_score": 0, "site": "bio-medicine.org", "participants_count": 0, "title_full": "National Association of Specialty Pharmacy (NASP) Initiates Advisory Councils for Major Stakeholders", "spam_score": 0.0, "site_type": "news", "published": "2015-09-30T17:46:00.000+03:00", "replies_count": 0, "uuid": "76e7af58f33b72f1095af127f2b796ec834c58b3"}, "author": "", "url": "http://www.bio-medicine.org/medicine-technology-1/National-Association-of-Specialty-Pharmacy--28NASP-29-Initiates-Advisory-Councils-for-Major-Stakeholders-48498-1/", "ord_in_thread": 0, "title": "National Association of Specialty Pharmacy (NASP) Initiates Advisory Councils for Major Stakeholders", "locations": [], "entities": {"persons": [], "locations": [], "organizations": []}, "highlightText": "", "language": "english", "persons": [], "text": " ", "external_links": [], "published": "2015-09-30T17:46:00.000+03:00", "crawled": "2015-09-30T23:30:29.925+03:00", "highlightTitle": ""}