{"organizations": [], "uuid": "cbf131e86452129989b4f775eb921941e5650333", "thread": {"social": {"gplus": {"shares": 0}, "pinterest": {"shares": 0}, "vk": {"shares": 0}, "linkedin": {"shares": 0}, "facebook": {"likes": 0, "shares": 0, "comments": 0}, "stumbledupon": {"shares": 0}}, "site_full": "www.businessspectator.com.au", "main_image": "", "site_section": "http://www.businessspectator.com.au/technology", "section_title": "Technology | Business Spectator", "url": "https://www.businessspectator.com.au/news/2015/9/28/technology/internet-all-2020-un-goal", "country": "US", "title": "Internet to all by 2020: UN goal", "performance_score": 0, "site": "businessspectator.com.au", "participants_count": 1, "title_full": "Internet to all by 2020: UN goal | Business Spectator", "spam_score": 0.0, "site_type": "news", "published": "2015-09-28T18:25:00.000+03:00", "replies_count": 0, "uuid": "cbf131e86452129989b4f775eb921941e5650333"}, "author": "AFP", "url": "https://www.businessspectator.com.au/news/2015/9/28/technology/internet-all-2020-un-goal", "ord_in_thread": 0, "title": "Internet to all by 2020: UN goal", "locations": [], "entities": {"persons": [], "locations": [], "organizations": []}, "highlightText": "", "language": "english", "persons": [], "text": "Facebook founder Mark Zuckerberg and Microsoft billionaire Bill Gates have thrown their weight and resources behind the goal of bringing internet access to everyone in the world by 2020.\nThe pledge is part of a United Nations effort to eradicate extreme poverty by 2030, a goal set on Friday during a special summit at the global body.\nThe internet became commonplace in developed countries in the 1990s, but UN officials estimate that half the world does not have reliable access - especially women and girls, whose education is vital to development.\n\"When people have access to the tools and knowledge of the internet, they have access to opportunities that make life better for all of us,\" said a declaration signed by Zuckerberg and Bill and Melinda Gates, who have devoted their wealth to philanthropy.\n\"The internet belongs to everyone. It should be accessible by everyone,\" the declaration said.\nZuckerberg, writing on Facebook, said that for every 10 people connected to the internet, one is lifted out of poverty.\n\"If we connect the more than four billion people not yet online, we have a historic opportunity to lift the entire world in the coming decades,\" he wrote.\nOther signatories included Jimmy Wales, co-founder of free online encyclopedia Wikipedia, and U2 frontman Bono on behalf of his One anti-poverty campaign.\nThe Bill and Melinda Gates Foundation on Saturday launched its own roadmap, which put a top priority on improving the health and education for girls.", "external_links": [], "published": "2015-09-28T18:25:00.000+03:00", "crawled": "2015-09-28T03:54:27.145+03:00", "highlightTitle": ""}