{"organizations": [], "uuid": "7680c17ee626bce1fc9abcaceae31a0d7870068a", "thread": {"social": {"gplus": {"shares": 0}, "pinterest": {"shares": 0}, "vk": {"shares": 0}, "linkedin": {"shares": 0}, "facebook": {"likes": 0, "shares": 0, "comments": 0}, "stumbledupon": {"shares": 0}}, "site_full": "www.globalbx.com", "main_image": "", "site_section": "http://www.globalbx.com/rss/US/byIndustry/Technology.rss", "section_title": "Technology - Internet Related Businesses For Sale in the US", "url": "http://www.globalbx.com/listing.asp?bId=246108", "country": "US", "title": "ECommerce Business - Health & Beauty Sector", "performance_score": 0, "site": "globalbx.com", "participants_count": 0, "title_full": "ECommerce Business - Health & Beauty Sector", "spam_score": 0.0, "site_type": "news", "published": "2015-09-30T08:23:00.000+03:00", "replies_count": 0, "uuid": "7680c17ee626bce1fc9abcaceae31a0d7870068a"}, "author": "", "url": "http://www.globalbx.com/listing.asp?bId=246108", "ord_in_thread": 0, "title": "ECommerce Business - Health & Beauty Sector", "locations": [], "entities": {"persons": [], "locations": [], "organizations": []}, "highlightText": "", "language": "english", "persons": [], "text": "Questions Business Summary A niche player in the Health & Beauty Sector, this eCommerce company has decided to go to market after nearly two decades in business.The company has a great reputation in the industry and a large following on social media. With growth continuing year over year and endless scale opportunities, this business represents a unique opportunity in the eCommerce space and a great acquisition for a portfolio entrepreneur or an equity group looking for an excellent investment in a high growth business and sector. Like many eCommerce companies of this age and size, sales are generated from a number of channels, all of which can be scaled in multiple directions. Current shareholders will provide in depth scale strategies to the buying entity - these strategies haven't been implement solely due to a lack of bandwidth due to consistent and constant organic growth in recent years. The business has a number of amazing features that could never be totally covered in this short listing, but a few of the features making it stand out from the crowd include: an 18% YOY Growth Rate, 26% Recurring Revenue, over $2M in earnings, tremendous scale opportunities, proprietary, branded product lines, and accounts in closed sectors on online marketplaces. Financials", "external_links": [], "published": "2015-09-30T08:23:00.000+03:00", "crawled": "2015-09-30T08:55:15.018+03:00", "highlightTitle": ""}