{"organizations": [], "uuid": "2800f1d20fdf451bd71f03b2467c4c24664d784c", "thread": {"social": {"gplus": {"shares": 0}, "pinterest": {"shares": 0}, "vk": {"shares": 0}, "linkedin": {"shares": 0}, "facebook": {"likes": 0, "shares": 0, "comments": 0}, "stumbledupon": {"shares": 0}}, "site_full": "www.cbs8.com", "main_image": "", "site_section": "http://www.cbs8.com/category/266385/technology-general", "section_title": "Technology Press Releases from PRWeb - CBS News 8 - San Diego, CA News Station - KFMB Channel 8", "url": "http://www.cbs8.com/story/30129196/new-plans-announced-by-a-leading-perth-building-inspector-choice-building-inspections-for-improved-quality-assurance", "country": "US", "title": "New Plans Announced By A Leading Perth Building Inspector, Choice Building Inspections For Improved Quality Assurance", "performance_score": 0, "site": "cbs8.com", "participants_count": 1, "title_full": "New Plans Announced By A Leading Perth Building Inspector, Choice Building Inspections For Improved Quality Assurance - CBS News 8 - San Diego, CA News Station - KFMB Channel 8", "spam_score": 0.0, "site_type": "news", "published": "2015-09-28T15:01:00.000+03:00", "replies_count": 0, "uuid": "2800f1d20fdf451bd71f03b2467c4c24664d784c"}, "author": "cbs8", "url": "http://www.cbs8.com/story/30129196/new-plans-announced-by-a-leading-perth-building-inspector-choice-building-inspections-for-improved-quality-assurance", "ord_in_thread": 0, "title": "New Plans Announced By A Leading Perth Building Inspector, Choice Building Inspections For Improved Quality Assurance", "locations": [], "entities": {"persons": [], "locations": [], "organizations": []}, "highlightText": "", "language": "english", "persons": [], "text": "Leading Perth Building Inspector Choice Building Inspections announces plans for improved Quality Assurance\n(PRWEB) September 28, 2015\nBuilding inspection is paramount for ensuring a smooth transaction while buying or selling a real estate property. Since buying a property or a house is a daunting task, its inspection is vital to ascertain the actual quality of the property, whether it is in a good condition or not. Considering the importance of quality inspections, Choice Building Inspections have announced new inspection plans for improved quality assurance. Individuals planning to purchase real estate property can trust this reputed building inspection company in Perth for providing best-in-class inspection services. Their inspection services can be attained by interested individuals by simply filling the quotation form boldly advertised on their official website, http://www.choicebuildinginspections.com.au .\nVarious services for which the clients can request a Quote: in order to assure the quality of their planned real estate property includes pre purchase inspection for buildings and building inspection. With their team of experienced and dedicated inspectors, the company aims at noting down the condition of the overall build of the building. This further helps the clients in saving their valuable time and money involved in the repair of the building. The various types of inspections that their experts perform to ensure the quality of the building includes general building inspections and infrared and thermal image scans. General building inspection includes analysis of building structure, checking roofs, interiors and exteriors of the house, making sure that the sub floors are clear and the floor is level and many other things. While infrared and thermal image scans focus on exposing the electrical problems in the building.\nChoice Building Inspections is the leading provider of top-notch quality building inspection services that are sure to fulfil the needs of each of their customers. Besides building inspection, various other services in which the company has expertise include pest and termite inspections, dilapidation surveys, special purposes inspections and many others.\nTalking more about their building inspection services, Mr. Ryan Allier stated, “At Choice Building Inspections , we are a recognised leader in building inspections in Perth offering a comprehensive range of services at highly competitive prices. Contact us today to ask about our available inspection packages. You could choose to hire us for one visit or multiple visits. We pack as much as we can in one inspection to provide you valuable services for your money. This saves you valuable time and money when you choose our building inspection services. Our easy to understand reports are designed with customers in mind.”\nAbout Choice Building Inspections\nChoice Building Inspections Pty Ltd (CBI) are a professional, reliable and multi-faceted Building Inspection team that leads the field in inspecting practices to bring clients a no hassle, efficient and un-biased experience.\nAll inspectors have certified police clearance and are dedicated to producing efficient and best value service to their customers.\nChoice Building Inspections Pty Ltd offers Building Inspections and Termite Inspections for all residential and commercial structures in Perth and greater Perth areas, Western Australia.\nTheir inspections are followed by an easy to understand report using visual evidence in the form of digital and infrared images.\nOur mission statement\nChoice Building Inspections provide their customers with the reassurance of making an informed decision. Choice Building Inspections incorporates proven, professional state of the art techniques within the building inspection field.\nChoice Building Inspections is a growing network of trained Licensed Inspectors who continuously strive to provide top quality service for their individual clients and customers.\nThey are an innovative and people-oriented company providing individual opportunity, personal satisfaction and rewarding challenges to all members of the company. They aim to be and are fast becoming the most successful building inspection company in Western Australia.\nFor more information, visit http://www.choicebuildinginspections.com.au\n //www.prweb.com/releases/2015/09/prweb12987456.htm\n ", "external_links": ["http://www.prweb.com/releases/2015/09/prweb12987456.htm"], "published": "2015-09-28T15:01:00.000+03:00", "crawled": "2015-09-28T14:57:37.358+03:00", "highlightTitle": ""}