{"organizations": [], "uuid": "5113b42f8e35a7dc25f604417914e59a0675cdb7", "thread": {"social": {"gplus": {"shares": 0}, "pinterest": {"shares": 0}, "vk": {"shares": 0}, "linkedin": {"shares": 0}, "facebook": {"likes": 0, "shares": 0, "comments": 0}, "stumbledupon": {"shares": 0}}, "site_full": "www.cbs8.com", "main_image": "", "site_section": "http://www.cbs8.com/category/266385/technology-general", "section_title": "Technology Press Releases from PRWeb - CBS News 8 - San Diego, CA News Station - KFMB Channel 8", "url": "http://www.cbs8.com/story/30137894/surfwatch-labs-launches-cyber-advisor-to-provide-organizations-with-a-complete-cyber-threat-intelligence-operation", "country": "US", "title": "SurfWatch Labs Launches Cyber Advisor to Provide Organizations with a Complete Cyber Threat Intelligence Operation", "performance_score": 0, "site": "cbs8.com", "participants_count": 1, "title_full": "SurfWatch Labs Launches Cyber Advisor to Provide Organizations with a Complete Cyber Threat Intelligence Operation - CBS News 8 - San Diego, CA News Station - KFMB Channel 8", "spam_score": 0.0, "site_type": "news", "published": "2015-09-29T12:01:00.000+03:00", "replies_count": 0, "uuid": "5113b42f8e35a7dc25f604417914e59a0675cdb7"}, "author": "cbs8", "url": "http://www.cbs8.com/story/30137894/surfwatch-labs-launches-cyber-advisor-to-provide-organizations-with-a-complete-cyber-threat-intelligence-operation", "ord_in_thread": 0, "title": "SurfWatch Labs Launches Cyber Advisor to Provide Organizations with a Complete Cyber Threat Intelligence Operation", "locations": [], "entities": {"persons": [], "locations": [], "organizations": []}, "highlightText": "", "language": "english", "persons": [], "text": "New Solution Delivers a Continuous View of Your Relevant Cyber Threats Along With Recommendations for Action\nSterling, VA (PRWEB) September 29, 2015\nSurfWatch Labs, a provider of cyber threat intelligence solutions announces a new offering called SurfWatch Cyber Advisor. This new solution provides organizations with a comprehensive, out-of-the-box intelligence function that includes an initial risk assessment, continuous risk monitoring, and specific guidance on how to effectively address critical threats. SurfWatch Cyber Advisor combines our analytics, products and human experts to give businesses an immediate cyber threat intelligence operation that drives a prioritized set of tactical defenses.\n“Too many organizations don’t understand their cyber risk landscape - and either don’t know what to do about it or are paralyzed by the information,” said Jason Polancich, founder and chief architect, SurfWatch Labs. “Our Cyber Advisor solution acts as a watch desk where we highlight what specific threats you need to be worried about and then deliver a prescribed set of “go-dos” to ensure the most effective defense.”\nHow the SurfWatch Cyber Advisor Works:\n Unique Business Profile Creation – Our cyber analyst team works with you to profile and monitor your information such as critical IT infrastructure, customers and suppliers, brands, proprietary assets, sensitive information, organizational structure and key executives. Additionally, the team will assist in identifying key parts of your organization that could be impacted by threats. Personalization of the SurfWatch Threat Intelligence Suite – The SurfWatch suite of products is specifically tailored to your organization’s key business areas, with unique risk monitoring dashboards, alert parameters and reporting guidelines – to ensure key personnel have the most relevant and useful information to make faster, more informed decisions. Initial Cyber Risk Assessment – Using the personalized SurfWatch Threat Intelligence Suite , an initial risk assessment and baseline is created, comparing your business and supply chain to the most relevant threat information available in SurfWatch Analytics, our cyber data and analytics warehouse. Continuous Risk Monitoring and Recommended Mitigation Steps – Throughout your subscription, SurfWatch Cyber Advisor monitors for changes to your organization’s risk profile, and alerts you to changes in your threat landscape by providing detailed information on relevant threats and their potential impact on your business and supply chain. Additionally, you will receive a prescribed set of cybersecurity best practices to help you ensure the most effective defense. Ask the SurfWatch Cyber Analyst - At any point, your organization can make ad hoc requests for information and analysis around specific threats or areas of concern. Your SurfWatch analyst team will apply all its resources to respond to requests, performing in-depth analysis and research and reporting findings as well as recommendations. Education and Training – The SurfWatch cyber analyst team will work with you to train key personnel in the organization on how best to use the cyber intelligence delivered by SurfWatch Analytics and the SurfWatch Threat Intelligence Suite of products.\n“The promise of cyber threat intelligence is powerful, but most organizations are not set up to benefit from the full value that it provides,” said Polancich. “This comprehensive, out-of-the-box solution instantly provides organizations with the expertise and support they need without having to build out an expensive threat intelligence operation. SurfWatch Cyber Advisor provides the products, analytics, education and training needed to ultimately become self-sufficient in your cybersecurity efforts.”\nSurfWatch Cyber Advisor is now available for traditional threats as well as Dark Web threats. Learn more about Cyber Advisor or request a personal demonstration .\nAbout SurfWatch Labs\nSurfWatch Labs helps organizations and service providers quickly establish a strategic cyber threat intelligence operation that drives more effective use of their tactical defenses. Founded in 2013 by former US Government intelligence analysts, SurfWatch Labs solutions provide a 360-degree view of cyber threats in the context of your business, along with practical and personalized support to create immediate insights and meaningful action. Combining useful analytics, applications and human expertise, SurfWatch solutions can be your off-the-shelf, cyber threat intelligence team or delivered as a comprehensive product suite that easily integrates with your existing cybersecurity operations.\nSurfWatch Labs: Cyber In Sight. For more information, visit surfwatchlabs.com.\nOnline Resources:\n Watch our Videos on YouTube Read our content on Slideshare\n //www.prweb.com/releases/2015/09/prweb12989057.htm\n ", "external_links": ["http://www.prweb.com/releases/2015/09/prweb12989057.htm", "http://www.youtube.com/surfwatchlabs", "http://info.surfwatchlabs.com/request-demo", "http://www.slideshare.net/surfwatchlabs", "https://www.surfwatchlabs.com/", "https://www.surfwatchlabs.com/threat-intelligence-suite", "https://www.surfwatchlabs.com/cyber-advisor"], "published": "2015-09-29T12:01:00.000+03:00", "crawled": "2015-09-30T08:37:55.114+03:00", "highlightTitle": ""}