{"organizations": [], "uuid": "48f9a0042f2c12c2f311d6d452d9a9c5f7b6ec85", "thread": {"social": {"gplus": {"shares": 0}, "pinterest": {"shares": 0}, "vk": {"shares": 0}, "linkedin": {"shares": 0}, "facebook": {"likes": 0, "shares": 0, "comments": 0}, "stumbledupon": {"shares": 0}}, "site_full": "www.freshnews.com", "main_image": "", "site_section": "http://freshnews.com//news/technology/feed", "section_title": "FreshNews.com - Technology News", "url": "http://www.freshnews.com/news/1133163/gannett-board-directors-announces-new-director", "country": "US", "title": "Gannett Board of Directors announces new director", "performance_score": 0, "site": "freshnews.com", "participants_count": 1, "title_full": "Gannett Board of Directors announces new director", "spam_score": 0.0, "site_type": "news", "published": "2015-09-28T23:24:00.000+03:00", "replies_count": 0, "uuid": "48f9a0042f2c12c2f311d6d452d9a9c5f7b6ec85"}, "author": "admin", "url": "http://www.freshnews.com/news/1133163/gannett-board-directors-announces-new-director", "ord_in_thread": 0, "title": "Gannett Board of Directors announces new director", "locations": [], "entities": {"persons": [], "locations": [], "organizations": []}, "highlightText": "", "language": "english", "persons": [], "text": "  Gannett Co., Inc. \nMCLEAN, Va. -- (BUSINESS WIRE) -- Donald E. Felsinger, former executive chairman of Sempra Energy, has been elected to the Board of Directors of Gannett Co., Inc. (NYSE: GCI), effective immediately. He served as executive chairman at Sempra Energy from June 27, 2011 to Dec. 1, 2012. Felsinger’s appointment expands Gannett’s Board to 10. \n“I’m pleased to welcome Don Felsigner to the company’s board of directors,” said Bob Dickey, president and CEO of Gannett. “He led Sempra Energy's expansion in competitive energy markets and helped build several successful businesses in that field. His knowledge of, and insight into, growing businesses in highly competitive environments makes him a terrific choice for our board.” \nFelsinger previously served as the chairman and CEO of Sempra Energy. In addition, he formerly served as executive vice president, president and COO of Enova Corporation, the parent company of San Diego Gas & Electric (SDG&E), and held other executive positions within SDG&E. \nHe currently serves as lead director on the boards of Archer-Daniels-Midland (ADM) and Northrop Grumman Corp. Earlier, he previously served as a director of Sempra Energy and SDG&E. \nFelsinger was active in many groups and served on the boards of the Institute of the Americas, the Green Foundation and as Co-chairperson of the Forum Fronterizo Council of the San Diego Dialogue. He also served as a member of The Conference Board and as a director at United States-Mexico Chamber of Commerce. \nFelsinger is a graduate of the Stanford University Executive Program and also has a Bachelor's degree in Mechanical Engineering from the University of Arizona. \nAbout Gannett \nGannett Co., Inc. (NYSE: GCI) is a next-generation media company committed to strengthening communities across our network. Through trusted, compelling content and unmatched local-to-national reach, Gannett touches the lives of nearly 100 million people monthly. With more than 110 markets internationally, it is known for Pulitzer Prize-winning newsrooms, powerhouse brands such as USA TODAY and specialized media properties. To connect with us, visit www.gannett.com . View source version on businesswire.com: http://www.businesswire.com/news/home/20150928006597/en/ Copyright © Business Wire 2015", "external_links": [], "published": "2015-09-28T23:24:00.000+03:00", "crawled": "2015-09-29T00:25:31.808+03:00", "highlightTitle": ""}