{"organizations": [], "uuid": "47daaf1ac86183663de5fc6c921a6709648c0c48", "thread": {"social": {"gplus": {"shares": 0}, "pinterest": {"shares": 0}, "vk": {"shares": 0}, "linkedin": {"shares": 0}, "facebook": {"likes": 0, "shares": 0, "comments": 0}, "stumbledupon": {"shares": 0}}, "site_full": "phys.org", "main_image": "http://cdn.phys.org/newman/gfx/news/2015/1-rehabilitati.jpg", "site_section": "http://phys.org/xml-feed/technology-news/", "section_title": "Technology News - New Technology, Internet News, Software, Semiconductor, Telecom, Computer Science", "url": "http://phys.org/news/2015-09-robot.html", "country": "US", "title": "Rehabilitation robot could help stroke sufferers learn how to walk again", "performance_score": 0, "site": "phys.org", "participants_count": 0, "title_full": "Rehabilitation robot could help stroke sufferers learn how to walk again", "spam_score": 0.0, "site_type": "news", "published": "2015-09-30T16:20:00.000+03:00", "replies_count": 0, "uuid": "47daaf1ac86183663de5fc6c921a6709648c0c48"}, "author": "", "url": "http://phys.org/news/2015-09-robot.html", "ord_in_thread": 0, "title": "Rehabilitation robot could help stroke sufferers learn how to walk again", "locations": [], "entities": {"persons": [], "locations": [], "organizations": []}, "highlightText": "", "language": "english", "persons": [], "text": "Rehabilitation robot could help stroke sufferers learn how to walk again September 30, 2015 \nStroke sufferers could learn to walk again with a ground-breaking robot developed, in part, by scientists from the University of Hertfordshire. \nAt the moment, if a stroke patient is struggling to walk, multiple physiotherapists are needed to help support them and manually correct their gait on a treadmill. \nBut this process could become a thing of the past with the development of the CORBYS gait rehabilitation system. \nThe state-of-the-art exoskeleton works and adapts with the patient to provide individualised therapy overseen by 1 professional. \nSeveral modes are available on the CORBYS system – which has 16 degrees of freedom - and therapists can use them to tailor treatment. \nAdapts \nIt also provides a full range of movement and adapts to users' disabilities and constraints. \nThe machine - which is roughly the size of a forklift truck - could also be used to help people who have suffered serious head injuries walk again. \nTherapy sessions could also be extended as a patient working with the robot would only be restrained by their own limitations, instead of the fatigue of their therapists. \n6 of the University's scientists were instrumental in the project and were the main authors of a paper, which will be presented at the prestigious International Conference on Intelligent Robots and Systems in Hamburg this week. \nDr Christoph Salge worked alongside his Hatfield-based colleagues Cornelius Glackin, Martin Greaves, Nicola Catenacci Volpi, Dari Trendafilov and Daniel Polani on the gait robot. \nTherapist This video is not supported by your browser at this time. The CORBYS robot in action \n'This could help reducing pressure on repetitive tasks of the therapist during rehabilitation of stroke and other patients and improve the general availability of the therapist for required interventions,' said Dr Polani. \nThe robot works by measuring patients' gaits in one setting where no restrictions are imposed, therapists can then study how they walk and manipulate the movement. \nIn the Corrective Operating Mode the patient can walk on the treadmill constrained by the robotic system, which can be tweaked and modified by the therapist. \nThe publication of the paper is the culmination of a 4 year research effort within the European Union-funded 6.1 million Euro project CORBYS. \nRehabilitation \nThe CORBYS project united universities and companies from across Europe to 'design, develop and validate an integrated cognitive robot control architecture for supporting robot-human co-working with high level cognitive capabilities.' \nDr Polani added: 'At the heart of the project was the development of an architecture which allows adaptable control of robots in different situations. \n'Rehabilitation is a particularly good example for the flexibility of the architecture.'", "external_links": [], "published": "2015-09-30T16:20:00.000+03:00", "crawled": "2015-09-30T16:53:26.648+03:00", "highlightTitle": ""}