{"organizations": [], "uuid": "626f3c15a544c51afedbeb8075708632ef02ea20", "thread": {"social": {"gplus": {"shares": 0}, "pinterest": {"shares": 0}, "vk": {"shares": 0}, "linkedin": {"shares": 0}, "facebook": {"likes": 0, "shares": 0, "comments": 0}, "stumbledupon": {"shares": 0}}, "site_full": "www.freshnews.com", "main_image": "", "site_section": "http://freshnews.com//news/technology/feed", "section_title": "FreshNews.com - Technology News", "url": "http://www.freshnews.com/news/1134364/boat-theft-task-force-uses-readyop-multi-agency-communication-", "country": "US", "title": "Boat Theft Task Force Uses ReadyOp for Multi-Agency Communication", "performance_score": 0, "site": "freshnews.com", "participants_count": 1, "title_full": "Boat Theft Task Force Uses ReadyOp for Multi-Agency Communication", "spam_score": 0.0, "site_type": "news", "published": "2015-09-30T16:00:00.000+03:00", "replies_count": 0, "uuid": "626f3c15a544c51afedbeb8075708632ef02ea20"}, "author": "admin", "url": "http://www.freshnews.com/news/1134364/boat-theft-task-force-uses-readyop-multi-agency-communication-", "ord_in_thread": 0, "title": "Boat Theft Task Force Uses ReadyOp for Multi-Agency Communication", "locations": [], "entities": {"persons": [], "locations": [], "organizations": []}, "highlightText": "", "language": "english", "persons": [], "text": "Submitted by admin on 9/30/2015 @ 6:00 AM   cleartronic \nBOCA RATON, FL -- (Marketwired) -- 09/30/15 -- Cleartronic, Inc. (OTC PINK: CLRI), through its subsidiary ReadyOp Communications Inc., announced today that ReadyOp is being used for communication and information sharing between multiple local, state and federal law enforcement agencies to combat theft in the boating community in South Florida. \n\"There appears to be an organized group that has been stealing boats and nautical equipment, initially in the Florida Keys, but the thefts have now increased in adjoining counties,\" said Marc Moore, CEO of ReadyOp Communications. \"Multiple law enforcement agencies are using ReadyOp as the unified platform for sharing leads and other information. Members of the task force receive immediate notifications via text messages and emails from ReadyOp for leads and alerts when events occur,\" Moore further stated. \n\"ReadyOp is a great asset for our multi-agency operation. We can quickly and efficiently transmit updates, case information and BOLOs out to all of our members. ReadyOp is a great asset, allowing us to share information and broadcast BOLOs quickly and efficiently,\" said Lt. Nancy Alvarez, Monroe County Sheriff's Office and a member of the task force . \nPlanning and communications are vital to success for all organizations. ReadyOp provides an easy and efficient, yet powerful capability for organizations, government agencies, universities and other groups to conduct daily operations, to plan for special events and to respond for incidents that may occur. \nAbout Cleartronic, Inc. Cleartronic, Inc. (OTC PINK: CLRI) is a technology holding company that creates and acquires operating subsidiaries to develop, manufacture and sell products, services and integrated systems to government agencies and business enterprises. ReadyOp is a secure, web-based platform providing organizations with a single site for planning, response, communications and documentation of personnel, tasks, assets and activities. Cleartronic currently has two operating subsidiaries, ReadyOp Communications, Inc. and VoiceInterop, Inc. -- www.cleartronic.com . \nFor further information about this release, contact Rich Kaiser, Investor Relations, YES INTERNATIONAL, 800-631-8127, yes@yesinternational.com , and www.cleartronic.com . \nSafe Harbor Statement: This press release may include predictions, estimates, opinions or statements that might be considered \"forward-looking\" under the provisions of the Private Securities Litigation Reform Act of 1995. Such statements generally can be identified by phrases such as the Company or its management \"believes,\" \"expects,\" \"anticipates,\" \"foresees,\" \"forecasts,\" \"estimates,\" or other, similar words or phrases. Contact:", "external_links": [], "published": "2015-09-30T16:00:00.000+03:00", "crawled": "2015-09-30T16:48:03.096+03:00", "highlightTitle": ""}