{"organizations": [], "uuid": "7e8c1b95bccdfd0f83c420f2ace7ff523d859ccc", "thread": {"social": {"gplus": {"shares": 0}, "pinterest": {"shares": 0}, "vk": {"shares": 0}, "linkedin": {"shares": 0}, "facebook": {"likes": 0, "shares": 0, "comments": 0}, "stumbledupon": {"shares": 0}}, "site_full": "www.news24.com", "main_image": "http://cdn.24.co.za/files/Cms/General/d/466/3c5686c0980f4b2ea8882673ca1ce5aa.jpg", "site_section": "http://www.news24.com/", "section_title": "News24, South Africa's premier news source, provides breaking news on national, world, Africa, sport, entertainment, technology &amp; more. ", "url": "http://www.news24.com/World/News/20-feared-missing-after-India-boat-capsizes-20150929", "country": "ZA", "title": "20 feared missing after India boat capsizes", "performance_score": 0, "site": "news24.com", "participants_count": 1, "title_full": "20 feared missing after India boat capsizes | News24", "spam_score": 0.0, "site_type": "news", "published": "2015-09-29T17:35:00.000+03:00", "replies_count": 0, "uuid": "7e8c1b95bccdfd0f83c420f2ace7ff523d859ccc"}, "author": "news24.com", "url": "http://www.news24.com/World/News/20-feared-missing-after-India-boat-capsizes-20150929", "ord_in_thread": 0, "title": "20 feared missing after India boat capsizes", "locations": [], "entities": {"persons": [], "locations": [], "organizations": []}, "highlightText": "", "language": "english", "persons": [], "text": "Guwahati - Rescuers were searching on Tuesday for about 20 people feared missing after a boat capsized and sank in a rain-swollen river in remote northeast India, a government official said.\nThe motorised ferry was taking about 100 villagers to a popular boat race in Assam state when it hit a bridge pylon and overturned on the Kolohi river late on Monday, a top district administrator told AFP.\n\"The village headman who jumped out first from the boat told us that some 80-90 of his fellow passengers swam to safety,\" said Vinod Seshan.\n\"There are apprehensions about some 20 other people but no one has reported any person missing to the police as yet. But we have restarted rescue operations this morning,\" he told AFP.", "external_links": [], "published": "2015-09-29T17:35:00.000+03:00", "crawled": "2015-09-29T12:05:03.556+03:00", "highlightTitle": ""}