{"organizations": [], "uuid": "ced7c8c6089fa03a7dfe8cd91e7bbbf021535c11", "thread": {"social": {"gplus": {"shares": 0}, "pinterest": {"shares": 0}, "vk": {"shares": 0}, "linkedin": {"shares": 0}, "facebook": {"likes": 0, "shares": 0, "comments": 0}, "stumbledupon": {"shares": 0}}, "site_full": "newsr.in", "main_image": "http://cdn.newsserve.net/i/20150922/784-So-Now-Cortana-Files-Are-Blocking-Windows.jpg", "site_section": "http://newsr.in/latest/Technology.htm", "section_title": "Technology: newsR", "url": "http://newsr.in/n/Technology/75589fkz6/So-Now-Cortana-Files-Are-Blocking-Windows.htm", "country": "US", "title": "So Now Cortana’s Files Are Blocking Windows Restore in Windows 10", "performance_score": 0, "site": "newsr.in", "participants_count": 1, "title_full": "So Now Cortana’s Files Are Blocking Windows Restore in Windows 10 - newsR", "spam_score": 0.0, "site_type": "news", "published": "2015-09-22T03:00:00.000+03:00", "replies_count": 0, "uuid": "ced7c8c6089fa03a7dfe8cd91e7bbbf021535c11"}, "author": "newsr.in", "url": "http://newsr.in/n/Technology/75589fkz6/So-Now-Cortana-Files-Are-Blocking-Windows.htm", "ord_in_thread": 0, "title": "So Now Cortana’s Files Are Blocking Windows Restore in Windows 10", "locations": [], "entities": {"persons": [], "locations": [], "organizations": []}, "highlightText": "", "language": "english", "persons": [], "text": "Cortana is one of the key features that Microsoft introduced in Windows 10, but contrary to what many people and the company itself expected, the personal assistant isn’t working really smoothly and in several cases, it causes issues that are basically ruining the experience with the new OS. It’s no secret that some »", "external_links": ["http://cdn.newsserve.net/i/20150922/784-So-Now-Cortana-Files-Are-Blocking-Windows.jpg"], "published": "2015-09-22T03:00:00.000+03:00", "crawled": "2015-09-22T13:24:04.668+03:00", "highlightTitle": ""}