{"organizations": [], "uuid": "81dbfcbb16c1ab4fcfc294ac91fc2b2e579cb8c7", "thread": {"social": {"gplus": {"shares": 0}, "pinterest": {"shares": 0}, "vk": {"shares": 0}, "linkedin": {"shares": 0}, "facebook": {"likes": 0, "shares": 0, "comments": 0}, "stumbledupon": {"shares": 0}}, "site_full": "www.unmannedsystemstechnology.com", "main_image": "http://www.unmannedsystemstechnology.com/wp-content/uploads/2015/09/Windform-3D-Printed-CubeSat.jpg", "site_section": "http://www.unmannedsystemstechnology.com/feed/", "section_title": "Unmanned Systems Technology", "url": "http://www.unmannedsystemstechnology.com/2015/09/windform-3d-printing-material-passes-esa-tests/", "country": "US", "title": "Windform 3D Printing Material Passes ESA Tests", "performance_score": 0, "site": "unmannedsystemstechnology.com", "participants_count": 1, "title_full": "Windform 3D Printing Material Passes ESA Tests", "spam_score": 0.0, "site_type": "news", "published": "2015-09-21T12:39:00.000+03:00", "replies_count": 0, "uuid": "81dbfcbb16c1ab4fcfc294ac91fc2b2e579cb8c7"}, "author": "echoblue", "url": "http://www.unmannedsystemstechnology.com/2015/09/windform-3d-printing-material-passes-esa-tests/", "ord_in_thread": 0, "title": "Windform 3D Printing Material Passes ESA Tests", "locations": [], "entities": {"persons": [], "locations": [], "organizations": []}, "highlightText": "", "language": "english", "persons": [], "text": "Windform 3D Printing Material Passes ESA Tests Windform 3D Printing Material Passes ESA Tests Sep 21,   Windform 3D-Printed CubeSat \nThe CRP Group, specialists in technical materials for 3D printing and Additive Manufacturing, have announced that Windform XT 2.0 has passed ESA screening outgassing tests in accordance with ESA TEC-QTE 7171 (based on ECSS-Q-ST-70-02C). \nMetallized coated and uncoated samples of Windform XT 2.0 have been tested in the μVCM facility of the TEC-QTE laboratory at ESA/ESTEC, Noordwijk, Netherlands. The ESA outgassing tests can be considered passed for both coated and not-coated samples and they respond to the general outgassing criteria based upon the micro-VCM test (as defined by ECSS-Q-ST-70-02C). The general requirement for materials screening outgassing is RML<1.0% and CVCM < 0.1%. \nThe development of Windform materials has helped to advance additive technologies, and now allows for new and custom-made solutions for the space industry which were previously impossible to implement with traditional manufacturing methods. \nWindform Additive Manufacturing is suitable for a number of applications in which a highly durable material is required; the polyamide-based material can also be processed with high precision CNC machining.", "external_links": [], "published": "2015-09-21T12:39:00.000+03:00", "crawled": "2015-09-22T00:36:11.370+03:00", "highlightTitle": ""}