{"organizations": [], "uuid": "b7c30c5c57b2ef475bb9e5f3fc0182e1d0f3bd2a", "thread": {"social": {"gplus": {"shares": 0}, "pinterest": {"shares": 0}, "vk": {"shares": 0}, "linkedin": {"shares": 0}, "facebook": {"likes": 0, "shares": 0, "comments": 0}, "stumbledupon": {"shares": 0}}, "site_full": "www.reuters.com", "main_image": "http://s3.reutersmedia.net/resources/r/?m=02&d=20150928&t=2&i=1082930826&w=&fh=545px&fw=&ll=&pl=&sq=&r=LYNXNPEB8R13J", "site_section": "http://www.reuters.com/news/technology", "section_title": "Technology News | Reuters.com", "url": "http://www.reuters.com/article/2015/09/28/us-facebook-outages-idUSKCN0RS2DV20150928", "country": "US", "title": "Facebook.com down for some users", "performance_score": 3, "site": "reuters.com", "participants_count": 1, "title_full": "Facebook.com down for some users | Reuters", "spam_score": 0.0, "site_type": "news", "published": "2015-09-28T23:22:00.000+03:00", "replies_count": 0, "uuid": "b7c30c5c57b2ef475bb9e5f3fc0182e1d0f3bd2a"}, "author": "Reuters", "url": "http://www.reuters.com/article/2015/09/28/us-facebook-outages-idUSKCN0RS2DV20150928", "ord_in_thread": 0, "title": "Facebook.com down for some users", "locations": [], "entities": {"persons": [], "locations": [], "organizations": []}, "highlightText": "", "language": "english", "persons": [], "text": "Facebook Inc's social media website was inaccessible for some users on Monday afternoon, its second outage in less than a week.\nA message displayed on facebook.com said \"Sorry, something went wrong. We're working on it and we'll get it fixed as soon as we can.\"\nFacebook could not be immediately reached for comment.\n(Reporting by Anya George Tharakan in Bengaluru)", "external_links": [], "published": "2015-09-28T23:22:00.000+03:00", "crawled": "2015-09-28T22:28:57.909+03:00", "highlightTitle": ""}