{"organizations": ["Georgia Congressman"], "uuid": "5dbb66c2679ec3487aef0450f03830559bf54234", "thread": {"social": {"gplus": {"shares": 0}, "pinterest": {"shares": 0}, "vk": {"shares": 0}, "linkedin": {"shares": 0}, "facebook": {"likes": 0, "shares": 0, "comments": 0}, "stumbledupon": {"shares": 0}}, "site_full": "www.clipsyndicate.com", "main_image": "", "site_section": "http://www.clipsyndicate.com/rss/feed/12237?rel=3&wpid=1770", "section_title": "Science & Technology", "url": "http://www.clipsyndicate.com/video/playlist/12237/5977563?cpt=8&wpid=1770", "country": "", "title": "Video: Stopping big rigs", "performance_score": 0, "site": "clipsyndicate.com", "participants_count": 0, "title_full": "Video: Stopping big rigs", "spam_score": 0.0, "site_type": "news", "published": "2015-09-19T00:40:00.000+03:00", "replies_count": 0, "uuid": "5dbb66c2679ec3487aef0450f03830559bf54234"}, "author": "", "url": "http://www.clipsyndicate.com/video/playlist/12237/5977563?cpt=8&wpid=1770", "ord_in_thread": 0, "title": "Video: Stopping big rigs", "locations": ["Georgia"], "entities": {"persons": [], "locations": [], "organizations": []}, "highlightText": "", "language": "english", "persons": [], "text": "Sep. 18, 2015. 05:40 PM EST A Georgia Congressman says a $500 piece of equipment on big rigs could save lives A Georgia Congressman says a $500 piece of equipment on big rigs could save lives « Less Tags", "external_links": [], "published": "2015-09-19T00:40:00.000+03:00", "crawled": "2015-09-22T03:41:16.269+03:00", "highlightTitle": ""}