{"organizations": [], "uuid": "1e1726cc5a640967225bbbc4a58f73db5d9b6c6c", "thread": {"social": {"gplus": {"shares": 0}, "pinterest": {"shares": 0}, "vk": {"shares": 0}, "linkedin": {"shares": 0}, "facebook": {"likes": 0, "shares": 0, "comments": 0}, "stumbledupon": {"shares": 0}}, "site_full": "www.huffingtonpost.com", "main_image": "http://s.huffpost.com/contributors/craig-newmark/headshot.jpg", "site_section": "http://www.huffingtonpost.com/feeds/verticals/technology/index.xml", "section_title": "Technology - The Huffington Post", "url": "http://www.huffingtonpost.com/craig-newmark/putting-money-where-my-mo_b_8214572.html", "country": "US", "title": "Putting Money Where My Mouth Is and Funding Women-led Startups; Apply Today", "performance_score": 0, "site": "huffingtonpost.com", "participants_count": 1, "title_full": "Putting Money Where My Mouth Is and Funding Women-led Startups; Apply Today", "spam_score": 0.0, "site_type": "news", "published": "2015-09-29T18:24:00.000+03:00", "replies_count": 0, "uuid": "1e1726cc5a640967225bbbc4a58f73db5d9b6c6c"}, "author": "Craig Newmark", "url": "http://www.huffingtonpost.com/craig-newmark/putting-money-where-my-mo_b_8214572.html", "ord_in_thread": 0, "title": "Putting Money Where My Mouth Is and Funding Women-led Startups; Apply Today", "locations": [], "entities": {"persons": [], "locations": [], "organizations": []}, "highlightText": "", "language": "english", "persons": [], "text": "reddit \nAt Microsoft in Times Square this November 9, ten women-led startups will pitch their innovative and disruptive ventures to a panel of investors for the chance to win $25,000. This could be you. \nFolks, I've partnered with Women Who Tech for the Women Startup Challenge NYC . Applications are open for one more day . You have 'til September 30th at 11:59pm EST to complete your application. This Challenge is focused on women-led startups in the NE region . \nThis is the real deal, as only 7% of all investor money goes to women-led startups. Fair's fair, regardless of gender in tech, so the Women Startup Challenge is showcasing and funding innovative, women-led startups and disruptive ventures that are solving problems for people, businesses, and the planet. 10 of the most promising startups will be selected by a panel of judges to pitch their venture on stage in front of investors ranging from Joanne Wilson to Susan Lyne of BBG Ventures (an AOL venture capital firm that backs visionary female builders), and a live audience at Microsoft in Times Square. Prizes include at least $25,000 in cash, startup profiles on prominent networks like HuffPo, LinkedIn, and Medium, as well as startup friendly services. \nPlease note: if any sponsors want to match my donation, reach out to the team at info at womenwhotech.com . \nThe Women Startup Challenge is also trying to make long-term connections between women startups founders and the investor community. On November 10, the final 10 will be participating in the first-ever Women Startup Speed Dating at AOL. The event is designed to give women founders one-on-one access to investors and experts to help them hone their startup pitches and ideas. The application to the Women Startup Challenge is not too long, so you've still got time to get your app submitted . \nFolks, let's fund women-led startups. I'll see you in NYC in just a coupla months... It's time to put our money where our mouths are. \nFollow Craig Newmark on Twitter: www.twitter.com/craignewmark More:", "external_links": [], "published": "2015-09-29T18:24:00.000+03:00", "crawled": "2015-09-29T18:45:56.807+03:00", "highlightTitle": ""}