{"organizations": [], "uuid": "7c6670a1eeb96c61b8ca5320d3cc43a86e4b1c2c", "thread": {"social": {"gplus": {"shares": 0}, "pinterest": {"shares": 0}, "vk": {"shares": 0}, "linkedin": {"shares": 0}, "facebook": {"likes": 0, "shares": 0, "comments": 0}, "stumbledupon": {"shares": 0}}, "site_full": "www.news24.com", "main_image": "http://cdn.24.co.za/files/Cms/General/d/124/7bb510fdd09443df826b855194fe7543.jpg", "site_section": "http://www.news24.com/", "section_title": "News24, South Africa's premier news source, provides breaking news on national, world, Africa, sport, entertainment, technology &amp; more. ", "url": "http://www.news24.com/Africa/News/UN-demands-South-Sudan-corrects-mistakes-20150929", "country": "ZA", "title": "UN demands South Sudan corrects mistakes", "performance_score": 0, "site": "news24.com", "participants_count": 1, "title_full": "UN demands South Sudan corrects mistakes | News24", "spam_score": 0.0, "site_type": "news", "published": "2015-09-30T06:29:00.000+03:00", "replies_count": 0, "uuid": "7c6670a1eeb96c61b8ca5320d3cc43a86e4b1c2c"}, "author": "news24.com", "url": "http://www.news24.com/Africa/News/UN-demands-South-Sudan-corrects-mistakes-20150929", "ord_in_thread": 0, "title": "UN demands South Sudan corrects mistakes", "locations": [], "entities": {"persons": [], "locations": [], "organizations": []}, "highlightText": "", "language": "english", "persons": [], "text": "New York - South Sudan's president and a rebel leader accused each other on Tuesday of violating a ceasefire brokered to end a 21-month conflict in the world's newest state as United Nations chief Ban Ki-moon appealed to them \"not to betray and disappoint us.\"\nBan told President Salva Kiir and rebel leader Riek Machar that now was the time to correct their \"grave mistakes.\" A political dispute between the pair spiralled into a war that has killed thousands and forced two million people to flee.\n\"We are all here to help you, I hope you will not betray and disappoint us,\" Ban told a meeting on the sidelines of the annual United Nations General Assembly in support of a peace deal signed last month.\nKiir has been president since independence from Sudan in 2011, and Machar was his deputy until he was dismissed in 2013.", "external_links": [], "published": "2015-09-30T06:29:00.000+03:00", "crawled": "2015-09-30T04:03:08.441+03:00", "highlightTitle": ""}