{"organizations": [], "uuid": "87b1d15b6e2197d6b6951bad947dc77ba71eb557", "thread": {"social": {"gplus": {"shares": 0}, "pinterest": {"shares": 0}, "vk": {"shares": 0}, "linkedin": {"shares": 0}, "facebook": {"likes": 0, "shares": 0, "comments": 0}, "stumbledupon": {"shares": 0}}, "site_full": "phys.org", "main_image": "http://cdn.phys.org/tmpl/v5/img/phys_308px.png", "site_section": "http://www.physorg.com/rss/rssbycategory.php?categ=16", "section_title": "Phys.org - latest science and technology news stories", "url": "http://phys.org/news/2015-09-ireland-lucrative-tech-conference-portugal.html", "country": "US", "title": "Ireland loses lucrative tech conference to Portugal", "performance_score": 0, "site": "phys.org", "participants_count": 0, "title_full": "Ireland loses lucrative tech conference to Portugal", "spam_score": 0.0, "site_type": "news", "published": "2015-09-23T20:10:00.000+03:00", "replies_count": 0, "uuid": "87b1d15b6e2197d6b6951bad947dc77ba71eb557"}, "author": "", "url": "http://phys.org/news/2015-09-ireland-lucrative-tech-conference-portugal.html", "ord_in_thread": 0, "title": "Ireland loses lucrative tech conference to Portugal", "locations": ["Portugal", "Portugal Ireland"], "entities": {"persons": [], "locations": [], "organizations": []}, "highlightText": "", "language": "english", "persons": [], "text": "Ireland loses lucrative tech conference to Portugal September 23, 2015 \nThe Web Summit, one of Europe's leading tech conferences will move to Lisbon from Dublin next year, organisers said Wednesday, in a multi-million-euro blow to the Irish economy. \nThe annual event brings together investors, start-ups and giants of the tech sector as well as high-profile speakers from film, music and sport—but will now depart one eurozone nation for another. \nIrish Prime Minister Enda Kenny described the move as \"disappointing\". \nTourism body Failte Ireland said last year's Web Summit was worth up to 100 million euros ($111.5 million) to the Irish economy, and state agencies used the event to advertise Ireland as an innovative and creative tech hub. \nMeanwhile many of the world's largest tech companies, including Amazon, Apple, Facebook and Google, have a base in Ireland, encouraged by the low 12.5-percent corporation tax rate and a highly-educated English-speaking workforce. \nExplaining the reason for switching venues after five years in the Irish capital, Web Summit chief executive Paddy Cosgrave said in a blog post: \"Lisbon is a great city with a thriving startup community. \n\"What's more, it has great transport and hotel infrastructure and a state-of-the-art venue with capacity for more than 80,000 attendees.\" \nAround 30,000 people are expected at the final Dublin event in November, which has grown massively since 400 people attended the first conference five years ago. \n\"Web Summit 2016 will be held at the MEO Arena and FIL Feira Internacional de Lisboa,\" Cosgrave said. \n\"It has not been an easy decision to move Web Summit from its Irish home. We are going because we want to take the next step on our journey to international growth.\" \nThe move, although a blow to Dublin's economy, will come as little surprise as Cosgrave has previously raised the prospect of moving from its Dublin base. \nHe last year threatened a move after a row over the quality of wireless Internet connection at the venue while Dublin hotels have been slammed for raising prices during the event. \nThe company which owns Web Summit has meanwhile launched spin-off conferences in Las Vegas and Asia in recent years. Irish PayPal expansion to create 1,000 jobs February 21, 2012 \nUS online payments giant PayPal is to create 1,000 new jobs in Ireland in a major expansion of its operations in the eurozone member, Prime Minister Enda Kenny said on Tuesday. Apple to create 500 jobs in Ireland April 20, 2012 \nUS technology giant Apple intends to create 500 support jobs in Cork, southern Ireland, the government said on Friday. Multinationals boost Ireland but jobs go unfilled December 11, 2013 \nMany of the world's leading tech companies call Ireland home, providing a boost for the cash-strapped nation but huge employment opportunities are being missed as Ireland marks the end of its bailout on Sunday. Start-ups say skills, not taxes behind Ireland's draw November 6, 2014 \nTechnology businesses taking part in this week's Web Summit in Dublin said there was more to Ireland than the low taxes that have drawn fierce criticism from other European countries. Tech start-ups are the new rock bands: Bono November 6, 2014 \nU2 frontman Bono described start-ups as the new rock bands and defended streaming service Spotify from recent criticism at an internet event in Ireland on Thursday. Start-ups in spotlight at new Hong Kong tech meet July 31, 2015 \nTech entrepreneurs gathered in Hong Kong Friday showing everything from next-generation wearables to \"smart\" sex toys as investors seek to tap into the Asian market, seen as a breeding ground for start-ups. Recommended for you Millions more government fingerprints deemed stolen (Update) September 23, 2015 \nThe number of people applying for or receiving security clearances whose fingerprint images were stolen in one of the worst government data breaches is now believed to be 5.6 million, not 1.1 million as first thought, the ... Regular dusting bolsters solar panel performance September 23, 2015 \nPerth residents who are the proud custodians of solar panels could boost the amount of power that the arrays produce over an extended period of time by simply removing dust particles from the panels. Sodium-ion batteries are potential power technology of future September 23, 2015 \nThe high cost and scarcity of lithium are driving research to develop alternatives to lithium-ion batteries, especially to meet future needs in energy storage, say researchers from Purdue University in an article about a ...", "external_links": [], "published": "2015-09-23T20:10:00.000+03:00", "crawled": "2015-09-23T20:15:49.827+03:00", "highlightTitle": ""}