{"organizations": [], "uuid": "9bd6d1cb2d4b8ea99a8511a58c0671fc85b9a20b", "thread": {"social": {"gplus": {"shares": 0}, "pinterest": {"shares": 0}, "vk": {"shares": 0}, "linkedin": {"shares": 0}, "facebook": {"likes": 0, "shares": 0, "comments": 0}, "stumbledupon": {"shares": 0}}, "site_full": "www.mdtmag.com", "main_image": "", "site_section": "http://www.mdtmag.com", "section_title": "Medical Design Technology | The Medical Design Engineer’s Resource for Products &amp; Technologies", "url": "http://www.mdtmag.com/news/2015/09/microchip-toolkit-offers-unprecedented-view-cancer-cells", "country": "US", "title": "Microchip Toolkit Offers Unprecedented View of Cancer Cells", "performance_score": 0, "site": "mdtmag.com", "participants_count": 1, "title_full": "Microchip Toolkit Offers Unprecedented View of Cancer Cells", "spam_score": 0.0, "site_type": "news", "published": "2015-09-28T03:00:00.000+03:00", "replies_count": 0, "uuid": "9bd6d1cb2d4b8ea99a8511a58c0671fc85b9a20b"}, "author": "Virginia Tech", "url": "http://www.mdtmag.com/news/2015/09/microchip-toolkit-offers-unprecedented-view-cancer-cells", "ord_in_thread": 0, "title": "Microchip Toolkit Offers Unprecedented View of Cancer Cells", "locations": [], "entities": {"persons": [], "locations": [], "organizations": []}, "highlightText": "", "language": "english", "persons": [], "text": "A photograph may reveal how something looks, but direct observation can divulge how the objects behave. The difference can mean life or death, especially when it comes to fighting human disease.\nTo help researchers examine exactly how human diseases work at the molecular level, Virginia Tech Carilion Research Institute scientist Deborah Kelly has developed a new set of tools to peer into the active world of cancer cells at unprecedented resolution.\nKelly and her team published the instructions in Scientific Reports , an open-access journal from the Nature publishing group.\n\"A single high-resolution snapshot of an isolated protein can only tell us so much, in health or disease,\" said Kelly, who is also an assistant professor of biological sciences in Virginia Tech's College of Science . \"We can learn much more about how a protein works and how its function might be changed in response to a genetic mutation if we can see how it interacts with other molecules.\"\nKelly and her team developed the new toolkit to examine, in detail, the BRCA1 protein and its associated parts in a near-native environment. The scientists collected the protein and the protein assemblies from the nuclear material of human breast cancer cells.\n\"This is the first demonstration of our technology, which lets us directly visualize macromolecular regulatory complexes in human patient-derived cancer cells,\" Kelly said. \"We chose initially to study the BRCA1 protein precisely because it accounts for about a quarter of genetic breast and ovarian cancers, and its function is still so poorly understood.\"\nIn human cells, BRCA1 is a tumor-suppressing protein that helps repair damaged genetic material when cells grow and divide. BRCA1 helps proofreads the DNA templates and works to correct errors.\nMutations in BRCA1 disrupt normal cellular processes that regulate proper growth and division. The resulting misguided actions in cell growth due to mutated BRCA1 are heavily correlated with breast and ovarian cancers.\n\"The manner in which BRCA1 works in concert with other protein machinery is ill defined at the molecular level,\" Kelly said. \"And the three-dimensional structures of complexes containing BRCA1 are under-investigated, despite the potential important clinical significance.\"\nScientists know that the BRCA1 protein can associate with other protein-binding partners to assist with genomic safeguarding.\n\"It's critical to better understand these associations and how things go wrong in these highly regulated events, which ultimately play a major role in triggering the cancer process,\" Kelly said.\nKelly and her team developed the microchip-based toolkit to examine the genetic material contained within the breast cancer cells.\nThey prepped the genetic material and applied it to microchips coated with antibodies raised against the BRCA1 protein. The antibodies specifically recruited the BRCA1 protein assemblies that were tethered to the microchip surface.\nOnce the protein complexes were tethered in place, the researchers could image them using high-resolution cryo-electron microscopy and get a closer look at the nature of the protein interactions.\n\"Using innovative biophysical approaches to study active protein complexes, Dr. Kelly and her team have shed new light on how commonly found breast cancer-associated mutations in the BRCA1 gene impact its interaction with components of the transcriptional machinery,\" said Amy H. Bouton, a University of Virginia professor of microbiology, immunology, and cancer biology, who was not involved in the research.\n\"This is an important step forward in understanding how common mutations in BRCA1 can impair critical cellular functions that can lead to breast cancer,\" Bouton added. \"Because this approach can be applied to numerous other protein complexes associated with normal and pathological states, the impact of this work will ultimately be felt well beyond the breast cancer field.\"\nNot only did the toolkit allow Kelly and her team to visualize BRCA1 from human-derived cancer cells, but it also allowed them to do it - from cracking open the cells to seeing the proteins - in about 95 minutes. That's compared to the multiple days required by more traditional methods, which have a smaller success rate with limited visualization.\n\"Dr. Kelly and her team have made a key advance in molecular medicine by developing this new toolkit to investigate protein assemblies natively formed in the context of human diseases,\" said Michael Friedlander, executive director of the Virginia Tech Carilion Research Institute. \"This advance has the potential to open cancer research to a new level of investigation, with the possibility of providing new therapeutic targets and targeting strategies based on high-resolution, high-specificity molecular imaging.\"", "external_links": ["http://www.nature.com/articles/srep14440", "http://research.vtc.vt.edu/", "http://www.science.vt.edu/"], "published": "2015-09-28T03:00:00.000+03:00", "crawled": "2015-09-28T21:13:13.135+03:00", "highlightTitle": ""}