{"organizations": [], "uuid": "df72acbf76a9ef9f1d7b6e01114b2b2bb747c996", "thread": {"social": {"gplus": {"shares": 0}, "pinterest": {"shares": 0}, "vk": {"shares": 0}, "linkedin": {"shares": 0}, "facebook": {"likes": 0, "shares": 0, "comments": 0}, "stumbledupon": {"shares": 0}}, "site_full": "newsr.in", "main_image": "http://cdn.newsserve.net/newsR256.jpg", "site_section": "http://newsr.in/latest/Technology.htm", "section_title": "Technology: newsR", "url": "http://newsr.in/n/Technology/75589kzkk/21st-century-belongs-to-India-says-Modi-as.htm", "country": "US", "title": "21st century belongs to says Modi as he wows Indian community (Roundup)", "performance_score": 0, "site": "newsr.in", "participants_count": 1, "title_full": "21st century belongs to India, says Modi as he wows Indian community (Roundup) - newsR", "spam_score": 0.0, "site_type": "news", "published": "2015-09-28T03:00:00.000+03:00", "replies_count": 0, "uuid": "df72acbf76a9ef9f1d7b6e01114b2b2bb747c996"}, "author": "newsr.in", "url": "http://newsr.in/n/Technology/75589kzkk/21st-century-belongs-to-India-says-Modi-as.htm", "ord_in_thread": 0, "title": "21st century belongs to says Modi as he wows Indian community (Roundup)", "locations": [], "entities": {"persons": [], "locations": [], "organizations": []}, "highlightText": "", "language": "english", "persons": [], "text": "San Jose , Sep 28 : Prime said the 21st century belongs to India and the world has begun to acknowledge the fact, as he addressed an 18,000-strong cheering crowd of Indian community members at the SAP Centre here. »", "external_links": [], "published": "2015-09-28T03:00:00.000+03:00", "crawled": "2015-09-28T13:43:52.049+03:00", "highlightTitle": ""}