{"organizations": [], "uuid": "dad1536ebd6eb85e9d8afd09a214904ee3982123", "thread": {"social": {"gplus": {"shares": 0}, "pinterest": {"shares": 0}, "vk": {"shares": 0}, "linkedin": {"shares": 0}, "facebook": {"likes": 0, "shares": 0, "comments": 0}, "stumbledupon": {"shares": 0}}, "site_full": "www.efinancialnews.com", "main_image": "http://assets.efinancialnews.com/2015/09/IMG007407_rect300x200.jpg", "site_section": "http://www.efinancialnews.com/tradingandtechnology/rss", "section_title": "Trading & Technology - Financial News Online", "url": "http://www.efinancialnews.com/story/2015-09-28/finance-industry-readies-eu-regulatory-hit-list?mod=rss-tradingandtechnology", "country": "GB", "title": "Finance industry readies EU regulatory hit list", "performance_score": 0, "site": "efinancialnews.com", "participants_count": 1, "title_full": "Finance industry readies EU regulatory hit list", "spam_score": 0.0, "site_type": "news", "published": "2015-09-28T02:00:00.000+03:00", "replies_count": 0, "uuid": "dad1536ebd6eb85e9d8afd09a214904ee3982123"}, "author": "Financial News", "url": "http://www.efinancialnews.com/story/2015-09-28/finance-industry-readies-eu-regulatory-hit-list?mod=rss-tradingandtechnology", "ord_in_thread": 0, "title": "Finance industry readies EU regulatory hit list", "locations": [], "entities": {"persons": [], "locations": [], "organizations": []}, "highlightText": "", "language": "english", "persons": [], "text": "Finance industry readies EU regulatory hit list By Anna Irrera, Mark Cobley and Mike Foster 28 September 2015, Newspaper: Issue967 The financial sector is drawing up a list of European Union regulations it wants abolished or changed following a “very welcome” plan by the European Commission to review rules brought in since the financial crisis. Subscribers: Remember me on this computer? Become a financial news subscriber \nContact our Licensing team to discuss corporate subscription options on: \n+44 (0) 20 7572 3499", "external_links": [], "published": "2015-09-28T02:00:00.000+03:00", "crawled": "2015-09-28T04:56:34.404+03:00", "highlightTitle": ""}