{"organizations": [], "uuid": "ad94d6eb928ed3c714b9f67147f5350a790a19a7", "thread": {"social": {"gplus": {"shares": 0}, "pinterest": {"shares": 0}, "vk": {"shares": 0}, "linkedin": {"shares": 0}, "facebook": {"likes": 0, "shares": 0, "comments": 0}, "stumbledupon": {"shares": 0}}, "site_full": "feeds.reuters.com", "main_image": "", "site_section": "http://feeds.reuters.com/reuters/technologysectorNews", "section_title": "Reuters: Technology", "url": "http://feeds.reuters.com/~r/reuters/technologysectorNews/~3/a9LVp5xKObs/story01.htm", "country": "US", "title": "BRIEF-Westminster Group H1 rev fell 14 pct", "performance_score": 0, "site": "reuters.com", "participants_count": 1, "title_full": "BRIEF-Westminster Group H1 rev fell 14 pct | Reuters", "spam_score": 0.0, "site_type": "news", "published": "2015-09-30T10:23:00.000+03:00", "replies_count": 0, "uuid": "ad94d6eb928ed3c714b9f67147f5350a790a19a7"}, "author": "Reuters", "url": "http://feeds.reuters.com/~r/reuters/technologysectorNews/~3/a9LVp5xKObs/story01.htm", "ord_in_thread": 0, "title": "BRIEF-Westminster Group H1 rev fell 14 pct", "locations": [], "entities": {"persons": [], "locations": [], "organizations": []}, "highlightText": "", "language": "english", "persons": [], "text": "Sept 30 Westminster Group Plc\n* H1 revenue fell 14 percent to 1.93 million stg Source text for Eikon: Further company coverage: (Bengaluru Newsroom: +91 80 6749 1136)", "external_links": [], "published": "2015-09-30T10:23:00.000+03:00", "crawled": "2015-09-30T10:52:07.526+03:00", "highlightTitle": ""}