{"organizations": ["MabVax Therapeutics Holdings, Inc"], "uuid": "f3de7e31e716f694b1411af75e2249e4a75972c5", "thread": {"social": {"gplus": {"shares": 0}, "pinterest": {"shares": 0}, "vk": {"shares": 0}, "linkedin": {"shares": 0}, "facebook": {"likes": 0, "shares": 0, "comments": 0}, "stumbledupon": {"shares": 0}}, "site_full": "www.bio-medicine.org", "main_image": "", "site_section": "http://www.bio-medicine.org/inc/biomed/medicine-technology.asp", "section_title": "Latest Medical Technology from Bio-Medicine.Org", "url": "http://www.bio-medicine.org/medicine-technology-1/MabVax-Therapeutics-Holdings--Inc--Announces-Pricing-of-Public-Offering-48496-1/", "country": "US", "title": "MabVax Therapeutics Holdings, Inc. Announces Pricing of Public Offering", "performance_score": 0, "site": "bio-medicine.org", "participants_count": 0, "title_full": "MabVax Therapeutics Holdings, Inc. Announces Pricing of Public Offering", "spam_score": 0.0, "site_type": "news", "published": "2015-09-30T17:28:00.000+03:00", "replies_count": 0, "uuid": "f3de7e31e716f694b1411af75e2249e4a75972c5"}, "author": "", "url": "http://www.bio-medicine.org/medicine-technology-1/MabVax-Therapeutics-Holdings--Inc--Announces-Pricing-of-Public-Offering-48496-1/", "ord_in_thread": 0, "title": "MabVax Therapeutics Holdings, Inc. Announces Pricing of Public Offering", "locations": [], "entities": {"persons": [], "locations": [], "organizations": []}, "highlightText": "", "language": "english", "persons": [], "text": " ", "external_links": [], "published": "2015-09-30T17:28:00.000+03:00", "crawled": "2015-09-30T23:30:29.971+03:00", "highlightTitle": ""}