{"organizations": [], "uuid": "6165e163ef5ccb47e9d30a0eedcdb2259895d75f", "thread": {"social": {"gplus": {"shares": 0}, "pinterest": {"shares": 0}, "vk": {"shares": 0}, "linkedin": {"shares": 0}, "facebook": {"likes": 0, "shares": 0, "comments": 0}, "stumbledupon": {"shares": 0}}, "site_full": "mynorthwest.com", "main_image": "http://mynorthwest.com/emedia/seattle/13/1379/137935.jpg", "site_section": "http://www.mynorthwest.com/xml/23.xml", "section_title": "MyNorthwest.com - Technology", "url": "http://mynorthwest.com/23/2818526/Chinese-solar-company-blames-shortsellers-for-stock-trouble", "country": "US", "title": "Chinese solar company blames short-sellers for stock trouble", "performance_score": 0, "site": "mynorthwest.com", "participants_count": 0, "title_full": "Chinese solar company blames short-sellers for stock trouble", "spam_score": 0.0, "site_type": "news", "published": "2015-09-30T08:52:00.000+03:00", "replies_count": 0, "uuid": "6165e163ef5ccb47e9d30a0eedcdb2259895d75f"}, "author": "", "url": "http://mynorthwest.com/23/2818526/Chinese-solar-company-blames-shortsellers-for-stock-trouble", "ord_in_thread": 0, "title": "Chinese solar company blames short-sellers for stock trouble", "locations": [], "entities": {"persons": [], "locations": [], "organizations": []}, "highlightText": "", "language": "english", "persons": [], "text": "Share \nBEIJING (AP) -- The chairman of a troubled Chinese solar panel manufacturer has denied wrongdoing and blamed a plunge in its share price on short-selling by hedge funds. \nIn comments released Tuesday, chairman Li Hejun said Hanergy Thin Film Power Group Ltd. is cooperating with Hong Kong regulators and urged them to complete an investigation of the company as soon as possible. \nTrading in Hong Kong of Hanergy shares was suspended May 20 after their price plunged by nearly half, wiping out $19 billion of market value. \nLi denied suggestions Hanergy engaged in improper dealings with its Chinese parent company. \nHe blamed the price fall on \"malicious short-selling\" -- or betting by traders that a share's price will fall -- by hedge funds he did not identify. \nCopyright © The Associated Press. All rights reserved. This material may not be published, broadcast, rewritten or redistributed.", "external_links": [], "published": "2015-09-30T08:52:00.000+03:00", "crawled": "2015-09-30T08:33:36.130+03:00", "highlightTitle": ""}