{"organizations": ["Portland Business Journal"], "uuid": "f56dffeee5cb1e19579b24858e546876e3f20094", "thread": {"social": {"gplus": {"shares": 0}, "pinterest": {"shares": 0}, "vk": {"shares": 0}, "linkedin": {"shares": 0}, "facebook": {"likes": 0, "shares": 0, "comments": 0}, "stumbledupon": {"shares": 0}}, "site_full": "www.kgw.com", "main_image": "http://www.gannett-cdn.com/-mm-/489efad1142179deef9ce5ef3cf126cd99e1a3f1/r=x633&amp;c=1200x630/http/cdn.tegna-tv.com/-mm-/ea28c5a6ba7b9e1af7cb4be36aec5be559e8b92f/c=0-32-765-464/local/-/media/2015/09/29/KGW/KGW/635791453380297011-Guidespark.JPG", "site_section": "http://rssfeeds.kgw.com/_/20/84225340/kgw/technology", "section_title": "KGW - Technology", "url": "http://www.kgw.com/story/news/2015/09/29/california-tech-firm-open-portland-office-hire-up-230/73051464/", "country": "US", "title": "California tech firm to open Portland office, hire up to 230", "performance_score": 0, "site": "kgw.com", "participants_count": 0, "title_full": "California tech firm to open Portland office, hire up to 230", "spam_score": 0.0, "site_type": "news", "published": "2015-09-30T00:56:00.000+03:00", "replies_count": 0, "uuid": "f56dffeee5cb1e19579b24858e546876e3f20094"}, "author": "", "url": "http://www.kgw.com/story/news/2015/09/29/california-tech-firm-open-portland-office-hire-up-230/73051464/", "ord_in_thread": 0, "title": "California tech firm to open Portland office, hire up to 230", "locations": ["California", "Facebook California", "Portland", "Menlo Park"], "entities": {"persons": [], "locations": [], "organizations": []}, "highlightText": "", "language": "english", "persons": ["Mason Walker"], "text": "California tech firm to open Portland office, hire up to 230 Menlo Park, California-based GuideSpark is coming to Portland. Post to Facebook California tech firm to open Portland office, hire up to 230 Menlo Park, California-based GuideSpark is coming to Portland. Check out this story on KGW.com: http://on.kgw.com/1FBIdHI Cancel Send A link has been sent to your friend's email address. Posted! A link has been posted to your Facebook feed. Join the Conversation To find out more about Facebook commenting please read the Conversation Guidelines and FAQs California tech firm to open Portland office, hire up to 230 Mason Walker, Portland Business Journal 2:56 p.m. PDT September 29, 2015 GuideSpark plans to hire 230 people in Portland. (Photo: Guidespark) CONNECT 1 TWEET LINKEDIN COMMENT EMAIL MORE \nMenlo Park, California-based GuideSpark is coming to Portland. \nThe firm develops video content used by human resources professionals to help explain benefits, compensation, health care reform and other potentially complicated topics. \n\"After an exhaustive search, we chose to set up business in Portland, a thriving city that met all of our criteria: an educated, innovative and technology-savvy workforce, combined with a stable and attractive business environment. We look forward to our continued expansion in Oregon,\" said GuideSpark CEO Keith Kitani, in a release. GuideSpark will set up a temporary office in the Pearl District's CNTRL Office co-working hub while a new office is built out in Southwest Portland, scheduled to open in 2016. The company says it plans to hire 230 workers in Portland within three years. It will receive a conditional $400,000 loan from the state of Oregon, requiring it to hire at least 200. \n\"GuideSpark is a welcome addition to our region's thriving creative industries sector,\" said Jim Piro , Chairman of the Board for Greater Portland Inc. and president and CEO at Portland General Electric, in a statement. \nEconomic development groups Greater Portland Inc., Business Oregon and Portland Development Commission helped make the announcement. \nWatch the video below for an idea of what the company does. \nThe Portland Business Journal is a KGW News partner.", "external_links": [], "published": "2015-09-30T00:56:00.000+03:00", "crawled": "2015-09-30T01:36:15.328+03:00", "highlightTitle": ""}