{"organizations": [], "uuid": "14383a46e67a431e32d792dc632544dcfd04f9df", "thread": {"social": {"gplus": {"shares": 0}, "pinterest": {"shares": 0}, "vk": {"shares": 0}, "linkedin": {"shares": 0}, "facebook": {"likes": 0, "shares": 0, "comments": 0}, "stumbledupon": {"shares": 0}}, "site_full": "newsr.in", "main_image": "http://cdn.newsserve.net/i/20150930/3190-Xbox-One-update-increases-party-chat-to-12.jpg", "site_section": "http://newsr.in/latest/Technology.htm", "section_title": "Technology: newsR", "url": "http://newsr.in/n/Technology/75589ni3u/Xbox-One-update-increases-party-chat-to-12.htm", "country": "US", "title": "Xbox One update increases party chat to 12 of your friends", "performance_score": 0, "site": "newsr.in", "participants_count": 1, "title_full": "Xbox One update increases party chat to 12 of your friends - newsR", "spam_score": 0.0, "site_type": "news", "published": "2015-09-30T03:00:00.000+03:00", "replies_count": 0, "uuid": "14383a46e67a431e32d792dc632544dcfd04f9df"}, "author": "newsr.in", "url": "http://newsr.in/n/Technology/75589ni3u/Xbox-One-update-increases-party-chat-to-12.htm", "ord_in_thread": 0, "title": "Xbox One update increases party chat to 12 of your friends", "locations": [], "entities": {"persons": [], "locations": [], "organizations": []}, "highlightText": "", "language": "english", "persons": [], "text": "Who says big companies never listen? Based on user feedback, Microsoft has increased the number of people in a local Xbox One party chat from the current eight. \"Garnering over 2,200 votes on Xbox Feedback, we are expanding party chat to include 12... »", "external_links": ["http://cdn.newsserve.net/i/20150930/3190-Xbox-One-update-increases-party-chat-to-12.jpg"], "published": "2015-09-30T03:00:00.000+03:00", "crawled": "2015-09-30T15:51:52.158+03:00", "highlightTitle": ""}