{"organizations": [], "uuid": "1c0f52d2bb16031c7b53edd88d5f73fe6a567ae0", "thread": {"social": {"gplus": {"shares": 0}, "pinterest": {"shares": 0}, "vk": {"shares": 0}, "linkedin": {"shares": 0}, "facebook": {"likes": 0, "shares": 0, "comments": 0}, "stumbledupon": {"shares": 0}}, "site_full": "www.i360gov.com", "main_image": "", "site_section": "http://feeds.feedburner.com/FederalGovernmentNewsRss-I360Gov", "section_title": "Government Policy, Business and Technology: i360 Gov", "url": "http://www.i360gov.com/government-energy-news/2015/sep/17/wisconsin-health-hazard-ruling-could-shock-wind-industry", "country": "US", "title": "Wisconsin ‘health hazard’ ruling could shock wind industry", "performance_score": 0, "site": "i360gov.com", "participants_count": 0, "title_full": "Wisconsin ‘health hazard’ ruling could shock wind industry", "spam_score": 0.0, "site_type": "news", "published": "2015-09-17T15:15:00.000+03:00", "replies_count": 0, "uuid": "1c0f52d2bb16031c7b53edd88d5f73fe6a567ae0"}, "author": "", "url": "http://www.i360gov.com/government-energy-news/2015/sep/17/wisconsin-health-hazard-ruling-could-shock-wind-industry", "ord_in_thread": 0, "title": "Wisconsin ‘health hazard’ ruling could shock wind industry", "locations": ["Wisconsin"], "entities": {"persons": [], "locations": [], "organizations": []}, "highlightText": "", "language": "english", "persons": [], "text": "17 Wisconsin ‘health hazard’ ruling could shock wind industry \nMidwest Energy News: A Wisconsin town of fewer than 1,200 stands on the verge of sending shock waves through the wind energy industry.Late last year, Glenmore, a rural community just south of Green Bay, persuaded its county's board of health to declare that the sounds of an eight-turbine wind farm pose a \"human health hazard.\"It was the first time a health board has made such a determination. Wind energy opponents from across the country seized on the decision as proof of \"wind turbine syndrome,\" a supposed illness caused by low-frequency noise and \"infrasound\" that is typically undetectable to the human ear.", "external_links": [], "published": "2015-09-17T15:15:00.000+03:00", "crawled": "2015-09-18T00:40:36.122+03:00", "highlightTitle": ""}