{"organizations": ["James Dean Technology Correspondent Published", "The Times Subscribe"], "uuid": "4fde6f56d6d352b943c1d7f85be3984ef61854ae", "thread": {"social": {"gplus": {"shares": 0}, "pinterest": {"shares": 0}, "vk": {"shares": 0}, "linkedin": {"shares": 0}, "facebook": {"likes": 0, "shares": 0, "comments": 0}, "stumbledupon": {"shares": 0}}, "site_full": "www.thetimes.co.uk", "main_image": "http://www.thetimes.co.uk/tto/multimedia/archive/00979/516151d8-5fc8-11e5-_979447h.jpg", "site_section": "http://www.thetimes.co.uk/tto/technology/rss", "section_title": "Technology | The Times", "url": "http://www.thetimes.co.uk/tto/technology/article4562825.ece", "country": "GB", "title": "Designer pulls ad-blocking app to protect publishers", "performance_score": 0, "site": "thetimes.co.uk", "participants_count": 0, "title_full": "Designer pulls ad-blocking app to protect publishers", "spam_score": 0.0, "site_type": "news", "published": "2015-09-20T10:56:00.000+03:00", "replies_count": 0, "uuid": "4fde6f56d6d352b943c1d7f85be3984ef61854ae"}, "author": "", "url": "http://www.thetimes.co.uk/tto/technology/article4562825.ece", "ord_in_thread": 0, "title": "Designer pulls ad-blocking app to protect publishers", "locations": [], "entities": {"persons": [], "locations": [], "organizations": []}, "highlightText": "", "language": "english", "persons": [], "text": "Welcome to your preview of The Times Subscribe now Designer pulls ad-blocking app to protect publishers Ad-blockers have bcome increasingly popular Hero Images/Corbis James Dean Technology Correspondent Published at 12:01AM, September 21 2015 \nAn ad-blocking app that shot to the top of the download chart last week has been withdrawn after its designer said that it could hurt online publishers. \nMarco Arment said the success of his app, Peace, was “a massive achievement that should be the highlight of my professional career” but it “just doesn’t feel good”. He has offered to refund individuals who downloaded the app. \nPeace rose to number one on the App Store chart for paid apps after Apple updated iOS, its mobile operating system, to permit the use of antiadvertising software for the first time. Several ad-blockers made Subscribe now \nTo see the full article you need to subscribe Subscribe \nPeople were being pushed past saturation point, David Frew, the senior programmes manager at the Internet Advertising... Last updated at September 19 2015 \nConsumers are ‘voting with their feet as they get bombarded with more and more intrusive advertising’... Published at June 20 2015 Sponsored Editorial \nThinking of setting up a business abroad? Don’t go anywhere without consulting this guide More from Technology BT pledge to axe Indian call centres Published at 12:01AM, September 19 2015 \nAfter complaints from unhappy customers, BT has pledged to answer more calls in the UK and eventually stop using Indian call centres altogether Virus gives poker cheats a hand online Published at 12:01AM, September 19 2015 \nHundreds of online poker players have had their computers infected with a virus that tells cybercriminals what cards they are holding, Computer teaches itself to become grandmaster Last updated at 12:01AM, September 19 2015 \nThe chess programme could be applied to other board games which it would quickly learn well enough to beat most human opponents 3D printer used for surgery on girl, 6 Published at 12:01AM, September 18 2015 \nDoctors used a 3D printer to create a replica of a six-year-old girl’s windpipe so they could practise a complicated operation Find", "external_links": [], "published": "2015-09-20T10:56:00.000+03:00", "crawled": "2015-09-21T13:46:25.917+03:00", "highlightTitle": ""}