{"organizations": [], "uuid": "246b2752b0bd50a126e653507820e2f49ca0dc5d", "thread": {"social": {"gplus": {"shares": 0}, "pinterest": {"shares": 0}, "vk": {"shares": 0}, "linkedin": {"shares": 0}, "facebook": {"likes": 0, "shares": 0, "comments": 0}, "stumbledupon": {"shares": 0}}, "site_full": "www.freshnews.com", "main_image": "", "site_section": "http://freshnews.com//news/technology/feed", "section_title": "FreshNews.com - Technology News", "url": "http://www.freshnews.com/news/1134650/j-w-speaker-corporation-announces-business-partnership-mobile-centre-ltd-", "country": "US", "title": "J.W. Speaker Corporation Announces Business Partnership with Mobile Centre, LTD.", "performance_score": 0, "site": "freshnews.com", "participants_count": 1, "title_full": "J.W. Speaker Corporation Announces Business Partnership with Mobile Centre, LTD.", "spam_score": 0.0, "site_type": "news", "published": "2015-09-30T19:05:00.000+03:00", "replies_count": 0, "uuid": "246b2752b0bd50a126e653507820e2f49ca0dc5d"}, "author": "admin", "url": "http://www.freshnews.com/news/1134650/j-w-speaker-corporation-announces-business-partnership-mobile-centre-ltd-", "ord_in_thread": 0, "title": "J.W. Speaker Corporation Announces Business Partnership with Mobile Centre, LTD.", "locations": [], "entities": {"persons": [], "locations": [], "organizations": []}, "highlightText": "", "language": "english", "persons": [], "text": "Submitted by admin on 9/30/2015 @ 9:05 AM   J.W. Speaker \nGERMANTOWN, Wis., Sept. 30, 2015 /PRNewswire/ -- J.W. Speaker Corporation has announced a new business arrangement with Mobile Centre, Ltd. (MCL) to establish MCL as its distribution partner and order fulfillment center for ECE-certified forward-lighting and related products sold into the \"automotive\" aftermarket in Europe, Russia and the Middle East. Additionally, MCL has been designated as our exclusive distributor of \"J\" Series Off-Road LED lighting products. \nhttps://photos.prnewswire.com/prnvar/20150930/272429LOGO \nEstablished in 1988 and located in Worcestershire, United Kingdom, MCL is a leading distributor of high-quality automotive electrical parts and lighting, as well as a systems integrator and value-added solutions-provider taking care of dealers, end customers and original equipment manufacturers (OEMs). \nOf particular note, MCL provides automated packaging; wiring harness and development and assembly; tooling for major connector brands; accessories; warehousing, staging and consolidation for end items and kits; and private labeling. Additionally, MCL launched the \"Jeep Antics\" website for its B2C business, with other sites planned for target markets supported. \nMCL will operate as an extension of J.W. Speaker, designated as our distribution partner for all products sold into the \"automotive\" aftermarket in the territories in scope. As such, MCL will also serve as the order fulfillment center for J.W. Speaker's North American-based distributors who export off-road lighting products. To this end, MCL has invested in additional resources, inventory and websites to support existing customers, in addition to developing new customers for J.W. Speaker. \nTim Speaker, Co-President of J.W. Speaker Corporation, explains: \"Our longstanding partnership with Mobile Centre, Ltd. has been elevated, wherein they will take care of distributors, as well as small OEMs, in Europe, Russia and the Middle East. We're excited about the prospects of jointly growing our business with MCL, particularly in the automotive aftermarket, for which we've recently launched many innovative new products.\" \nAccording to Tim Consolante, \"The reinforcement of MCL's existing relationship with J.W. Speaker will allow us to develop and expand our business by giving aftermarket customers access to automotive technology and services normally reserved for OEMs. This will ensure that our customers are given the best possible solutions.\" \nJ.W. Speaker specializes in LED and other emerging lighting technologies and proudly designs, manufactures & assembles products in Germantown, Wisconsin. The firm is a leading supplier to well-known OEMs such as Harley-Davidson, John Deere, Bombardier, Honda, CNH, Polaris, Chrysler, Kawasaki and McLaren. Additionally, J.W. Speaker has a growing worldwide aftermarket business comprising OEM replacement parts and consumer products. For more information, contact J.W. Speaker at 800.558.7288 or speaker@jwspeaker.com . \nTo view the original version on PR Newswire, visit: http://www.prnewswire.com/news-releases/jw-speaker-corporation-announces-business-partnership-with-mobile-centre-ltd-300151717.html \nSOURCE J.W. Speaker", "external_links": [], "published": "2015-09-30T19:05:00.000+03:00", "crawled": "2015-09-30T20:40:34.341+03:00", "highlightTitle": ""}