{"organizations": [], "uuid": "2ccccf1f57993a375cd7fcbfd75fb710bee2ad2d", "thread": {"social": {"gplus": {"shares": 0}, "pinterest": {"shares": 0}, "vk": {"shares": 0}, "linkedin": {"shares": 0}, "facebook": {"likes": 0, "shares": 0, "comments": 0}, "stumbledupon": {"shares": 0}}, "site_full": "www.reuters.com", "main_image": "", "site_section": "http://feeds.reuters.com/reuters/technologysectorNews\r", "section_title": "Reuters: Technology", "url": "http://www.reuters.com/article/2015/09/28/idUSFWN11Y05O20150928?feedType=RSS&feedName=technologySector", "country": "US", "title": "BRIEF-Totally says Margolis resigned as chief operating officer", "performance_score": 0, "site": "reuters.com", "participants_count": 0, "title_full": "BRIEF-Totally says Margolis resigned as chief operating officer", "spam_score": 0.0, "site_type": "news", "published": "2015-09-28T18:51:00.000+03:00", "replies_count": 0, "uuid": "2ccccf1f57993a375cd7fcbfd75fb710bee2ad2d"}, "author": "", "url": "http://www.reuters.com/article/2015/09/28/idUSFWN11Y05O20150928?feedType=RSS&feedName=technologySector", "ord_in_thread": 0, "title": "BRIEF-Totally says Margolis resigned as chief operating officer", "locations": [], "entities": {"persons": [], "locations": [], "organizations": []}, "highlightText": "", "language": "english", "persons": ["Margolis"], "text": "BRIEF-Totally says Margolis resigned as chief operating officer Sept 28 \nSept 28 Totally Plc : \n* Announces that Andrew Margolis has resigned from his position as company's chief operating officer with immediate effect Source text for Eikon: Further company coverage: (Bengaluru Newsroom: +91 806 749 1136) Trending On Reuters \nFind out what’s in store for our digital-everything lives. > \nThomson Reuters is the world's largest international multimedia news agency, providing investing news , world news , business news , technology news , headline news, small business news , news alerts, personal finance , stock market , and mutual funds information available on Reuters.com, video , mobile , and interactive television platforms. Thomson Reuters journalists are subject to an Editorial Handbook which requires fair presentation and disclosure of relevant interests. \nNYSE and AMEX quotes delayed by at least 20 minutes. Nasdaq delayed by at least 15 minutes. For a complete list of exchanges and delays, please click here .", "external_links": [], "published": "2015-09-28T18:51:00.000+03:00", "crawled": "2015-09-28T20:42:40.514+03:00", "highlightTitle": ""}