{"organizations": [], "uuid": "def3ab166e81ce7987ff5b9ffd229984f260592a", "thread": {"social": {"gplus": {"shares": 0}, "pinterest": {"shares": 0}, "vk": {"shares": 0}, "linkedin": {"shares": 0}, "facebook": {"likes": 0, "shares": 0, "comments": 0}, "stumbledupon": {"shares": 0}}, "site_full": "www.news24.com", "main_image": "http://cdn.24.co.za/files/Cms/General/d/718/94a62f9b4e3244d8ac92ef2d6653b079.jpg", "site_section": "http://www.news24.com/", "section_title": "News24, South Africa's premier news source, provides breaking news on national, world, Africa, sport, entertainment, technology &amp; more. ", "url": "http://www.news24.com/SouthAfrica/News/Teens-body-pulled-from-river-after-drowning-20150927", "country": "ZA", "title": "Teen's body pulled from river after drowning", "performance_score": 0, "site": "news24.com", "participants_count": 1, "title_full": "Teen's body pulled from river after drowning | News24", "spam_score": 0.0, "site_type": "news", "published": "2015-09-28T05:21:00.000+03:00", "replies_count": 0, "uuid": "def3ab166e81ce7987ff5b9ffd229984f260592a"}, "author": "news24.com", "url": "http://www.news24.com/SouthAfrica/News/Teens-body-pulled-from-river-after-drowning-20150927", "ord_in_thread": 0, "title": "Teen's body pulled from river after drowning", "locations": [], "entities": {"persons": [], "locations": [], "organizations": []}, "highlightText": "", "language": "english", "persons": [], "text": "Durban - Police rescue divers found the body of a teenager who had drowned in the Umgeni River near Molweni, Durban, on Sunday.\nPolice spokesperson Major Thulani Zwane said that police Search and Rescue Unit officers had been dispatched to the scene after people had seen the teen flailing in the water.\nIt is understood that he had become ensnared in thick river grass and then drowned.\n“The police divers were looking for a 17-year-old who is suspected to have drowned,” he said.", "external_links": [], "published": "2015-09-28T05:21:00.000+03:00", "crawled": "2015-09-27T22:58:18.954+03:00", "highlightTitle": ""}