{"organizations": [], "uuid": "2470cedadb9ff2dd76fff374bee0373ed6fd13ca", "thread": {"social": {"gplus": {"shares": 0}, "pinterest": {"shares": 0}, "vk": {"shares": 0}, "linkedin": {"shares": 0}, "facebook": {"likes": 0, "shares": 0, "comments": 0}, "stumbledupon": {"shares": 0}}, "site_full": "www.wcax.com", "main_image": "", "site_section": "http://www.wcax.com/category/13536/technology-news", "section_title": "Technology &amp; Science News - WCAX.COM Local Vermont News, Weather and Sports-", "url": "http://www.wcax.com/story/30088625/new-york-regulator-issues-first-bitcoin-license-to-company", "country": "US", "title": "New York regulator issues first bitcoin license to company", "performance_score": 0, "site": "wcax.com", "participants_count": 1, "title_full": "New York regulator issues first bitcoin license to company - WCAX.COM Local Vermont News, Weather and Sports-", "spam_score": 0.0, "site_type": "news", "published": "2015-09-22T03:00:00.000+03:00", "replies_count": 0, "uuid": "2470cedadb9ff2dd76fff374bee0373ed6fd13ca"}, "author": "wcax.com", "url": "http://www.wcax.com/story/30088625/new-york-regulator-issues-first-bitcoin-license-to-company", "ord_in_thread": 0, "title": "New York regulator issues first bitcoin license to company", "locations": [], "entities": {"persons": [], "locations": [], "organizations": []}, "highlightText": "", "language": "english", "persons": [], "text": "By MICHAEL VIRTANEN\nAssociated Press ALBANY, N.Y. (AP) - State regulators have approved their first license to a company dealing in virtual currency such as bitcoin.\nCircle Internet Financial has outlined security, capitalization, controls against money laundering and other measures intended to protect consumers and root out illicit transactions, the Department of Financial Services said Tuesday.\nState regulators are reviewing applications from 24 other companies under final rules adopted in June, department spokesman Matt Anderson said. The licenses are now required for companies that want to do business with New Yorkers, he said.\n\"Issuing the first BitLicense is an important milestone in the long-term development of the virtual currency industry,\" department Superintendent Anthony Albanese said. \"Putting in place rules of the road ... is vital to building trust in this new financial technology.\"\nBitcoin, a virtual currency created by computers that run complex algorithms, can be used to buy and sell some goods and services without government-issued money. It has been gaining the backing of investors and mainstream businesses, including major online retailers.\nIn May, New York regulators granted their first charter under the state's banking law for a commercial exchange for virtual currency to itBit Trust Company LLC in New York City.\nBoston-based Circle Internet Financial, with offices in San Francisco, New York, Dublin and London, has 65 employees and customers in more than 100 countries, spokeswoman Sarah Mitchell said. The company won't disclose exact transaction and volume data, but they are seeing \"significant consumer demand\" globally for its product, which currently enables transactions in U.S. dollars and in bitcoin, she said.\n\"Our goal is to make sending and receiving money instant, secure and free for people around the world, including New Yorkers,\" said Sean Neville, co-founder and president.\nMitchell described Circle Internet Financial as a consumer payments company. Its primary use is for sending and receiving U.S. dollars. They plan to add the euro and pound sterling next, followed by other currencies such as the Chinese yuan in the future, she said.\n___\nThis story has been corrected to show that the quotation from Circle Internet Financial was from Sean Neville, not Sarah Mitchell.\n ", "external_links": [], "published": "2015-09-22T03:00:00.000+03:00", "crawled": "2015-09-28T13:30:52.057+03:00", "highlightTitle": ""}