{"organizations": [], "uuid": "d99e72db7b1eb882bbb1114915fcff4011369715", "thread": {"social": {"gplus": {"shares": 0}, "pinterest": {"shares": 0}, "vk": {"shares": 0}, "linkedin": {"shares": 0}, "facebook": {"likes": 0, "shares": 0, "comments": 0}, "stumbledupon": {"shares": 0}}, "site_full": "www.freshnews.com", "main_image": "", "site_section": "http://freshnews.com//news/technology/feed", "section_title": "FreshNews.com - Technology News", "url": "http://www.freshnews.com/news/1134362/raymond-james-and-cisco-host-conference-call-software-", "country": "US", "title": "Raymond James and Cisco to Host a Conference Call on Software", "performance_score": 0, "site": "freshnews.com", "participants_count": 1, "title_full": "Raymond James and Cisco to Host a Conference Call on Software", "spam_score": 0.0, "site_type": "news", "published": "2015-09-30T16:00:00.000+03:00", "replies_count": 0, "uuid": "d99e72db7b1eb882bbb1114915fcff4011369715"}, "author": "admin", "url": "http://www.freshnews.com/news/1134362/raymond-james-and-cisco-host-conference-call-software-", "ord_in_thread": 0, "title": "Raymond James and Cisco to Host a Conference Call on Software", "locations": [], "entities": {"persons": [], "locations": [], "organizations": []}, "highlightText": "", "language": "english", "persons": [], "text": "Submitted by admin on 9/30/2015 @ 6:00 AM   Cisco \nSAN JOSE, CA -- (Marketwired) -- 09/30/15 -- Cisco (NASDAQ: CSCO) will host a conference call with Raymond James to discuss Cisco's software story. John Brigden, SVP, Software and Solutions Office, will outline Cisco's software strategy, portfolio, go-to-market approach and benefits to customers. Interested parties can find more information on Cisco's Investor Relations website at http://investor.cisco.com . \nNo new financial information will be discussed on this conference call. \nDate: Friday, October 2, 2015 Time: 9:00 am PT / 12:00 pm ET Speaker: John Brigden, SVP, Software and Solutions Office, Cisco \nAbout Cisco Cisco (NASDAQ: CSCO) is the worldwide leader in IT that helps companies seize the opportunities of tomorrow by proving that amazing things can happen when you connect the previously unconnected. For ongoing news, please go to http://thenetwork.cisco.com . \nCisco and the Cisco logo are trademarks or registered trademarks of Cisco and/or its affiliates in the U.S. and other countries. A listing of Cisco's trademarks can be found at www.cisco.com/go/trademarks . Third-party trademarks mentioned are the property of their respective owners. The use of the word partner does not imply a partnership relationship between Cisco and any other company. \nRSS Feed for Cisco: http://newsroom.cisco.com/rss-feeds Contact:", "external_links": [], "published": "2015-09-30T16:00:00.000+03:00", "crawled": "2015-09-30T16:48:05.130+03:00", "highlightTitle": ""}