{"organizations": [], "uuid": "c503402146bdc595f61e1b8792409d1ebb702385", "thread": {"social": {"gplus": {"shares": 0}, "pinterest": {"shares": 0}, "vk": {"shares": 0}, "linkedin": {"shares": 0}, "facebook": {"likes": 0, "shares": 0, "comments": 0}, "stumbledupon": {"shares": 0}}, "site_full": "www.i360gov.com", "main_image": "", "site_section": "http://feeds.feedburner.com/FederalGovernmentNewsRss-I360Gov", "section_title": "Government Policy, Business and Technology: i360 Gov", "url": "http://www.i360gov.com/government-health-IT-news/2015/sep/28/cms-awards-110m-for-improvement-in-patient-safety-readmissions", "country": "US", "title": "CMS Awards $110M for Improvement in Patient Safety, Readmissions", "performance_score": 0, "site": "i360gov.com", "participants_count": 0, "title_full": "CMS Awards $110M for Improvement in Patient Safety, Readmissions", "spam_score": 0.0, "site_type": "news", "published": "2015-09-28T13:37:00.000+03:00", "replies_count": 0, "uuid": "c503402146bdc595f61e1b8792409d1ebb702385"}, "author": "", "url": "http://www.i360gov.com/government-health-IT-news/2015/sep/28/cms-awards-110m-for-improvement-in-patient-safety-readmissions", "ord_in_thread": 0, "title": "CMS Awards $110M for Improvement in Patient Safety, Readmissions", "locations": [], "entities": {"persons": [], "locations": [], "organizations": []}, "highlightText": "", "language": "english", "persons": [], "text": "28 CMS Awards $110M for Improvement in Patient Safety, Readmissions \nHealthcare Informatics: The Centers for Medicare & Medicaid Services (CMS) has awarded $110 million to 17 hospital associations and health system organizations as part of the Partnership for Patients, a program with the aim to decrease hospital-acquired conditions and reduce avoidable readmissions.", "external_links": [], "published": "2015-09-28T13:37:00.000+03:00", "crawled": "2015-09-29T00:55:11.989+03:00", "highlightTitle": ""}