{"organizations": [], "uuid": "2d2523ecf1ad382d3c68fd18bcd938756bf9eb0c", "thread": {"social": {"gplus": {"shares": 0}, "pinterest": {"shares": 0}, "vk": {"shares": 0}, "linkedin": {"shares": 0}, "facebook": {"likes": 0, "shares": 0, "comments": 0}, "stumbledupon": {"shares": 0}}, "site_full": "www.transterrestrial.com", "main_image": "", "site_section": "http://www.transterrestrial.com/?feed=rss2&cat=3", "section_title": "Transterrestrial Musings » Technology and Society", "url": "http://www.transterrestrial.com/?p=62105", "country": "US", "title": "What You’re Doing Wrong On The Highway", "performance_score": 0, "site": "transterrestrial.com", "participants_count": 1, "title_full": "What You’re Doing Wrong On The Highway", "spam_score": 0.0, "site_type": "news", "published": "2015-09-27T22:06:00.000+03:00", "replies_count": 0, "uuid": "2d2523ecf1ad382d3c68fd18bcd938756bf9eb0c"}, "author": "Rand Simberg", "url": "http://www.transterrestrial.com/?p=62105", "ord_in_thread": 0, "title": "What You’re Doing Wrong On The Highway", "locations": [], "entities": {"persons": [], "locations": [], "organizations": []}, "highlightText": "", "language": "english", "persons": [], "text": "Your email address will not be published. Required fields are marked * Name * Website Comment You may use these HTML tags and attributes: <a href=\"\" title=\"\"><abbr title=\"\"><acronym title=\"\"><b><blockquote cite=\"\"><cite><code><del datetime=\"\"><em><i><q cite=\"\"><s><strike><strong> Twitter Blog", "external_links": [], "published": "2015-09-27T22:06:00.000+03:00", "crawled": "2015-09-28T01:12:53.016+03:00", "highlightTitle": ""}