{"organizations": ["Viacom"], "uuid": "a9161266d14df53eac8b52db3de6f9c1766dd6bb", "thread": {"social": {"gplus": {"shares": 0}, "pinterest": {"shares": 0}, "vk": {"shares": 0}, "linkedin": {"shares": 0}, "facebook": {"likes": 0, "shares": 0, "comments": 0}, "stumbledupon": {"shares": 0}}, "site_full": "www.allmediany.com", "main_image": "", "site_section": "http://www.allmediany.com/rssService/BusinessTechnology.xml", "section_title": "Business  Technology", "url": "http://www.allmediany.com/news/55051-facebook-is-working-on-immersive-video-app", "country": "US", "title": "Facebook Is Working On Immersive Video App", "performance_score": 0, "site": "allmediany.com", "participants_count": 0, "title_full": "Facebook Is Working On Immersive Video App", "spam_score": 0.0, "site_type": "news", "published": "2015-09-15T05:25:00.000+03:00", "replies_count": 0, "uuid": "a9161266d14df53eac8b52db3de6f9c1766dd6bb"}, "author": "", "url": "http://www.allmediany.com/news/55051-facebook-is-working-on-immersive-video-app", "ord_in_thread": 0, "title": "Facebook Is Working On Immersive Video App", "locations": [], "entities": {"persons": [], "locations": [], "organizations": []}, "highlightText": "", "language": "english", "persons": [], "text": "Viacom Chief Downplays Volatility of Media Stock 18 September, 2015 \nPhilippe Dauman, president and CEO of Viacom, downplayed concerns over the company’s stock price Wednesday at a conference for senior broadcasting executives in the U.K. saying: “You... More Most Economists Expect Fed to Delay Rate Hike 18 September, 2015 \nThe U.S. Federal Reserve will hold fire a bit longer on its first interest rate rise in nearly a decade, according to slightly more than half of economists polled by Reuters. The forecast represents... More Facebook Exec: Facebook Will Be Mostly Video Soon 18 September, 2015 \nWatch out, YouTube: Facebook wants to eat your lunch — and one of its execs just said that the social network will mostly consist of video posts in the very near future. Facebook’s... More", "external_links": [], "published": "2015-09-15T05:25:00.000+03:00", "crawled": "2015-09-18T09:23:16.191+03:00", "highlightTitle": ""}