{"organizations": [], "uuid": "7cb004b4c90bb76e2d6a69ff571c86de3aab278c", "thread": {"social": {"gplus": {"shares": 0}, "pinterest": {"shares": 0}, "vk": {"shares": 0}, "linkedin": {"shares": 0}, "facebook": {"likes": 0, "shares": 0, "comments": 0}, "stumbledupon": {"shares": 0}}, "site_full": "www.jobs.ac.uk", "main_image": "http://www.jobs.ac.uk/images/global/jobs_ac_uk-logo-with-strapline.jpg", "site_section": "http://www.jobs.ac.uk/jobs/medical-technology/?format=rss", "section_title": "Medical Technology Jobs - jobs.ac.uk", "url": "http://www.jobs.ac.uk/job/AMB544/biostatistician/", "country": "GB", "title": "Biostatistician", "performance_score": 0, "site": "jobs.ac.uk", "participants_count": 0, "title_full": "Biostatistician", "spam_score": 0.0, "site_type": "news", "published": "2015-09-28T03:00:00.000+03:00", "replies_count": 0, "uuid": "7cb004b4c90bb76e2d6a69ff571c86de3aab278c"}, "author": "", "url": "http://www.jobs.ac.uk/job/AMB544/biostatistician/", "ord_in_thread": 0, "title": "Biostatistician", "locations": [], "entities": {"persons": [], "locations": [], "organizations": []}, "highlightText": "", "language": "english", "persons": [], "text": "Job Ref: IRC199834 \nWe seek to appoint an enthusiastic and talented Biostatistician to join HNR’s Biostatistics team to provide statistical expertise and support for the analysis of complex survey data collected from the UK National Diet and Nutrition Surveys Rolling Programme (NDNS RP). \nThe NDNS RP is designed to assess the dietary habits and nutritional status of adults and children in the UK. The survey is unique as it provides the only source of high quality data on dietary intake and nutritional status in a representative sample of the population. As such, NDNS gathers quantitative and qualitative information on the dietary habits and nutritional status of a representative sample of the UK population. \nThe post-holder will contribute to the statistical analysis, and computational implementation of analysis of complex survey data; quality and validity checks of the process of delivery of official statistics; statistical methods development as required, for example by adapting existing statistical methods for independent samples to the analysis of complex survey data; and to the writing of statistical methodology reports. \nAdditionally, the post holder will provide statistical advice on the design of studies and analysis of data generated from other ongoing projects at HNR, for example, longitudinal and cross-cultural studies of nutrient requirements for bone health and studies of maternal and child nutrition. \nA postgraduate qualification (PhD/MSc) in statistics or mathematics is a prerequisite. The post requires strong statistical foundations, expertise in complex survey methodology and the application of statistical methodologies to other disciplines. Candidates must have excellent communication skills and the ability to work in a multidisciplinary environment. \nThis is a full-time, fixed-term position to 31 December 2018 with salary dependent on qualifications and experience. In addition to your salary we offer a flexible pay and reward policy, 30 days annual leave, free on-site car parking and membership of MRC’s final salary pension scheme. \nFor further information or an informal discussion, please contact Dr Ivonne Solis-Trapala on ivonne.solis-trapala@mrc-hnr.cam.ac.uk . \nApplications are handled by UK Shared Business Services; to apply please visit our website http://topcareer.jobs/Vacancy/irc199834_5588.aspx Only online applications will be accepted and should be submitted in the form of an up-to-date c.v. and covering letter (ensuring that the IRC reference is included in the file name description of each document uploaded). \nApplicants who would like to receive this advert in an alternative format (e.g. large print, Braille, audio or hard copy), or who are unable to apply online should contact UKSBS by telephone on 01793 867000. Please quote the appropriate reference number when calling. \nThe MRC is an equal opportunities employer. \n‘Leading Science for Better Health’ Share this job", "external_links": [], "published": "2015-09-28T03:00:00.000+03:00", "crawled": "2015-09-28T12:00:36.881+03:00", "highlightTitle": ""}