{"organizations": [], "uuid": "1aa041cb1d99382248c8f2223f3f5ad3e04ef5dd", "thread": {"social": {"gplus": {"shares": 0}, "pinterest": {"shares": 0}, "vk": {"shares": 0}, "linkedin": {"shares": 0}, "facebook": {"likes": 0, "shares": 0, "comments": 0}, "stumbledupon": {"shares": 0}}, "site_full": "www.news24.com", "main_image": "http://cdn.24.co.za/files/Cms/General/d/2727/e9adeeac26ce4cd2b4c058542f68c1f9.jpg", "site_section": "http://www.news24.com/", "section_title": "News24, South Africa's premier news source, provides breaking news on national, world, Africa, sport, entertainment, technology &amp; more. ", "url": "http://www.news24.com/Green/News/New-Alaska-dinosaur-found-20150922", "country": "ZA", "title": "New Alaska dinosaur found", "performance_score": 0, "site": "news24.com", "participants_count": 1, "title_full": "New Alaska dinosaur found | News24", "spam_score": 0.0, "site_type": "news", "published": "2015-09-23T02:32:00.000+03:00", "replies_count": 0, "uuid": "1aa041cb1d99382248c8f2223f3f5ad3e04ef5dd"}, "author": "news24.com", "url": "http://www.news24.com/Green/News/New-Alaska-dinosaur-found-20150922", "ord_in_thread": 0, "title": "New Alaska dinosaur found", "locations": [], "entities": {"persons": [], "locations": [], "organizations": []}, "highlightText": "", "language": "english", "persons": [], "text": "Anchorage - Researchers have uncovered a new species of plant-eating dinosaur in Alaska, according to a report published on Tuesday.\nThe animal was a variety of hadrosaur, a duck-billed dinosaur that roamed in herds, said Pat Druckenmiller, earth sciences curator at the University of Alaska Museum in Fairbanks.\nNorthern Alaska likely was once covered by forest in a warmer climate. The dinosaur lived in darkness for months and probably experienced snow, researchers said.\nThe fossils were found in rock deposited 69 million years ago.", "external_links": ["https://www.uaf.edu/museum/exhibits/special-exhibits/dinosaurs/"], "published": "2015-09-23T02:32:00.000+03:00", "crawled": "2015-09-22T22:05:45.257+03:00", "highlightTitle": ""}