{"organizations": [], "uuid": "5acab2aea09e30dd235e94348561512f40904ef9", "thread": {"social": {"gplus": {"shares": 0}, "pinterest": {"shares": 0}, "vk": {"shares": 0}, "linkedin": {"shares": 0}, "facebook": {"likes": 0, "shares": 0, "comments": 0}, "stumbledupon": {"shares": 0}}, "site_full": "www.rollitup.org", "main_image": "http://www.rollitup.org/data/avatars/m/912/912886.jpg?1443223486", "site_section": "http://rollitup.org/f/technology-science.129/index.rss", "section_title": "Technology / Science", "url": "http://www.rollitup.org/t/ios9.885009/", "country": "EU", "title": "iOS9", "performance_score": 0, "site": "rollitup.org", "participants_count": 1, "title_full": "iOS9", "spam_score": 0.0, "site_type": "news", "published": "2015-09-28T02:28:00.000+03:00", "replies_count": 0, "uuid": "5acab2aea09e30dd235e94348561512f40904ef9"}, "author": "Tkm953", "url": "http://www.rollitup.org/t/ios9.885009/", "ord_in_thread": 0, "title": "iOS9", "locations": [], "entities": {"persons": [], "locations": [], "organizations": []}, "highlightText": "", "language": "english", "persons": [], "text": "schuylaar Well-Known Member Tkm953 said: ↑ has anyone upgraded their I pad with this yet?If so,do you like it,some upgrades suck,so curious to know before I pull the trigger. Click to expand... on an ipad..you can back it up..do the dl and if you don't like, hard reset then re-install old. i haven't done yet so i don't know what it looks like. it's always best to do the upgrade..you limit yourself, technology and bug fixes by not doing it. don't get stuck in a rut.", "external_links": [], "published": "2015-09-28T02:28:00.000+03:00", "crawled": "2015-09-28T09:51:49.799+03:00", "highlightTitle": ""}