{"organizations": [], "uuid": "6b2b646ec03dcc706b1075356b58be91693c7ba1", "thread": {"social": {"gplus": {"shares": 0}, "pinterest": {"shares": 0}, "vk": {"shares": 0}, "linkedin": {"shares": 0}, "facebook": {"likes": 0, "shares": 0, "comments": 0}, "stumbledupon": {"shares": 0}}, "site_full": "phys.org", "main_image": "http://cdn.phys.org/tmpl/v5/img/phys_308px.png", "site_section": "http://www.physorg.com/rss-feed/", "section_title": "Phys.org - latest science and technology news stories", "url": "http://phys.org/news/2015-09-dna-analysis-long-lost-rebel-thomas.html", "country": "US", "title": "DNA analysis identifies long-lost remains of executed 1916 rebel, Thomas Kent", "performance_score": 0, "site": "phys.org", "participants_count": 0, "title_full": "DNA analysis identifies long-lost remains of executed 1916 rebel, Thomas Kent", "spam_score": 0.0, "site_type": "news", "published": "2015-09-22T15:22:00.000+03:00", "replies_count": 0, "uuid": "6b2b646ec03dcc706b1075356b58be91693c7ba1"}, "author": "", "url": "http://phys.org/news/2015-09-dna-analysis-long-lost-rebel-thomas.html", "ord_in_thread": 0, "title": "DNA analysis identifies long-lost remains of executed 1916 rebel, Thomas Kent", "locations": [], "entities": {"persons": [], "locations": [], "organizations": []}, "highlightText": "", "language": "english", "persons": ["Thomas", "Thomas Kent"], "text": "DNA analysis identifies long-lost remains of executed 1916 rebel, Thomas Kent September 22, 2015 \nThe long lost remains of Thomas Kent, one of the 16 men executed in 1916 following the Easter Rising, have been identified by scientific DNA analysis. \nThe remains were exhumed in Cork Prison in June 2015. They were discovered in a shallow grave, filled with quicklime. As no formal records were available, after 99 years, the only way to be sure that they were the remains of Thomas Kent was to conduct scientific DNA analysis. \nThe analysis involved the State Pathologist's Office, the National Forensic Coordination Office at the Garda Technical Bureau, Forensic Science Ireland and scientists from University College Dublin. \nTo conduct the analysis, the scientists matched DNA from the remains against blood samples from close living relatives. According to the scientists, the process would have costs an exorbitant amount of time and money a decade ago, but recent advances in next-generation ancient DNA sequencing have brought the testing within much closer reach. \nThe scientific team was lead by Dr Jens Carlsson from the UCD Earth Institute and DNA sequencing was conducted in the PINHASI-ERC ancient DNA laboratory. \nAn Taoiseach, Enda Kenny offered a State funeral to the Kent family earlier this year. The family accepted the offer, and the State Funeral for Thomas Kent was held in Cork on 18 September 2015. This video is not supported by your browser at this time. \nThomas Kent, and his brother William, were arrested following a RIC raid at the family home on 2 May 1916. Richard, their brother, was wounded trying to escape and died shortly after. Thomas and William were tried by courts-martial at Cork Detention Barracks. William was acquitted, but Thomas was sentenced to death and was executed in Cork on 9th May 1916. He was unmarried. 22 hours ago 0 'It's not like CSI': The science of the search for Richard III November 15, 2012 \nDNA testing, environmental sampling and radiocarbon dating are some of the tests being undertaken to determine whether the skeleton found in Leicester was once Richard III - and there are also plans to do a facial reconstruction. Ancient Europeans intolerant to lactose for 5,000 years after they adopted agriculture October 21, 2014 \nBy analysing DNA extracted from the petrous bones of skulls of ancient Europeans, scientists have identified that these peoples remained intolerant to lactose (natural sugar in the milk of mammals) for 5,000 years after they ... Fascist sperm busts DNA frontier March 12, 2015 \nForensic experts in Italy said Thursday they had reconstructed the DNA of a national war hero and poet by analysing semen he left on a handkerchief given to a lover 100 years ago. Better DNA hair analysis for catching criminals July 16, 2015 \nA simple, lower-cost new method for DNA profiling of human hairs developed by the University of Adelaide should improve opportunities to link criminals to serious crimes. Oldest Pharaonic mummy from the Museum of Florence finally has a face August 28, 2015 \nForensic techniques by international scientists have led to the facial reconstruction of the oldest preserved mummy in the Egyptian Museum of Florence. Recommended for you Gender affects awarding of research funding September 22, 2015 \nWomen are still underrepresented in top academic positions. One of the possible explanations for this is the increasing importance of obtaining research funding. Women are often less successful in this than men. Psychology ... British Egyptologist on quest to find Nefertiti's tomb September 21, 2015 \nA British archaeologist who believes the legendary Queen Nefertiti may be buried in a secret room adjoining her son Tutankhamun's tomb is coming to Egypt to test his theory, authorities said Monday. Earliest evidence of ancient North American salmon fishing verified September 21, 2015 \nResearchers in Alaska have found the earliest known evidence that Ice Age humans in North America used salmon as a food source, according to a new paper published this week in the Proceedings of the National Academy of Sciences. Israeli archaeologists may have found fabled Maccabees tomb September 21, 2015 \nIsraeli archaeologists may be one step closer to solving a riddle that has vexed explorers for more than a century: the location of the fabled tomb of the biblical Maccabees. South Africa's new human ancestor sparks racial row September 17, 2015 \nSome prominent South Africans have dismissed the discovery of a new human ancestor as a racist theory designed to cast Africans as \"subhuman\", an opinion that resonates in a country deeply bruised by apartheid. Study suggests elite in US favor efficiency over equality September 18, 2015 \n(Phys.org)—A team of four researchers from four different universities in the U.S. has conducted a study intended to discover why policymakers in that country continue to make decisions that favor the elite, despite an ...", "external_links": [], "published": "2015-09-22T15:22:00.000+03:00", "crawled": "2015-09-22T15:30:31.948+03:00", "highlightTitle": ""}