{"organizations": [], "uuid": "ffb4758206193e449cefce9514903c3f97ddd7a3", "thread": {"social": {"gplus": {"shares": 0}, "pinterest": {"shares": 0}, "vk": {"shares": 0}, "linkedin": {"shares": 0}, "facebook": {"likes": 0, "shares": 0, "comments": 0}, "stumbledupon": {"shares": 0}}, "site_full": "www.freshnews.com", "main_image": "", "site_section": "http://freshnews.com//news/technology/feed", "section_title": "FreshNews.com - Technology News", "url": "http://www.freshnews.com/news/1133763/crossknowledge-partners-junior-achievement-usa-support-future-entrepreneurs", "country": "US", "title": "CrossKnowledge Partners with Junior Achievement USA to Support Future Entrepreneurs", "performance_score": 0, "site": "freshnews.com", "participants_count": 1, "title_full": "CrossKnowledge Partners with Junior Achievement USA to Support Future Entrepreneurs", "spam_score": 0.0, "site_type": "news", "published": "2015-09-29T17:00:00.000+03:00", "replies_count": 0, "uuid": "ffb4758206193e449cefce9514903c3f97ddd7a3"}, "author": "admin", "url": "http://www.freshnews.com/news/1133763/crossknowledge-partners-junior-achievement-usa-support-future-entrepreneurs", "ord_in_thread": 0, "title": "CrossKnowledge Partners with Junior Achievement USA to Support Future Entrepreneurs", "locations": [], "entities": {"persons": [], "locations": [], "organizations": []}, "highlightText": "", "language": "english", "persons": [], "text": "  Junior Achievement USA \nCOLORADO SPRINGS, Colo., Sept. 29, 2015 /PRNewswire/ -- Junior Achievement USA (®) and CrossKnowledge --the distance learning brand of John Wiley and Sons, Inc.--today announced a joint partnership that will bring digital learning solutions to thousands of students and educators. As part of the agreement, CrossKnowledge has donated the use of its Learning Management System (LMS) to Junior Achievement USA (JA) for the next five years (starting in 2016) through the CrossKnowledge Foundation. This in-kind contribution is one of the largest of its kind in the history of JA. \nTo support its digital delivery strategy, JA selected CrossKnowledge out of hundreds of potential partners to help achieve this goal. The LMS allows students, educators and JA's network of more than 218,000 classroom volunteers to easily access JA curriculum using an electronic device and internet connection. The blended learning model also supports an in-person delivery of curriculum content to students in the classroom, helping to prepare them for the workforce and life after graduation. \nJunior Achievement is the world's largest organization dedicated to empowering young people to own their economic success. The organization serves 4.6 million students each year in 113 U.S. markets and another 5.6 million students in 121 countries worldwide. \n\"JA is in the midst of an historic transformation that will allow our organization to pair JA volunteer mentors with digitally delivered curriculum as part of a blended-learning experience that will positively impact the students we serve,\" said Jack E. Kosakowski, President and CEO, Junior Achievement USA. \"CrossKnowledge and its parent company Wiley have made a transformational gift that will eventually change the lives of millions. We cannot thank them enough for their generosity and dedication to our mission of inspiring and preparing young people to succeed in the global economy.\" \nIt is estimated that nearly 300,000 Junior Achievement users will access CrossKnowledge programs in 2016 and that figure is expected to reach 1.6 million in 2020. \"We are pleased to provide Junior Achievement users with a complete range of courses that will help them develop the critical skillsets needed in the 21(st) century organizations and succeed in their future career,\" said Christophe Peron, Head of North America, CrossKnowledge. \n\"Wiley, through our CrossKnowledge brand is proud to support the future generations of business leaders who are part of the Junior Achievement program,\" said Mark Allin President and CEO, Wiley. \nAbout Junior Achievement USA(®) (JA) Junior Achievement is the world's largest organization dedicated to giving young people the knowledge and skills they need to own their economic, plan for their future, and make smart academic and economic choices. JA programs are delivered by corporate and community volunteers, and provide relevant, hands-on experiences that give students from kindergarten through high school knowledge and skills in financial literacy, work readiness and entrepreneurship. Today, JA reaches 4.6 million students per year in 113 markets across the United States, with an additional 5.6 million students served by operations in 121 other countries worldwide. Junior Achievement USA is a member of JA Worldwide. Visit www.ja.org for more information. \nAbout CrossKnowledge CrossKnowledge provides digital learning solutions built on exclusive learning technologies and a catalog of 20.000 learning objects in the fields of management and leadership available 16 languages. CrossKnowledge's learning content and teaching formats are developed in collaboration with an international 'Faculty', comprising the best experts and professors from the most renowned Business Schools in the world. CrossKnowledge serves companies of all sizes and all sectors, spanning more than 7 million users. For more information visit http://www.crossknowledge.com/en_US/elearning/home.html . \nAbout Wiley Wiley is a global provider of knowledge-enabled services that improve outcomes in research, education, and professional practice. Our core businesses produce scientific, technical, medical, and scholarly journals, reference works, books, database services, and advertising; professional books, subscription products, certification and training services and online applications; and education content and services including integrated online teaching and learning resources for undergraduate and graduate students and lifelong learners. \nFounded in 1807, John Wiley & Sons, Inc. (NYSE: JWa, JWb), has been a valued source of information and understanding for more than 200 years, helping people around the world meet their needs and fulfill their aspirations. Wiley and its acquired companies have published the works of more than 450 Nobel laureates in all categories: Literature, Economics, Physiology or Medicine, Physics, Chemistry, and Peace. Wiley's global headquarters are located in Hoboken, New Jersey, with operations in the U.S., Europe, Asia, Canada, Brazil, Dubai, and Australia. The Company's website can be accessed at http://www.wiley.com . \nTo view the original version on PR Newswire, visit: http://www.prnewswire.com/news-releases/crossknowledge-partners-with-junior-achievement-usa-to-support-future-entrepreneurs-300150697.html \nSOURCE Junior Achievement USA", "external_links": [], "published": "2015-09-29T17:00:00.000+03:00", "crawled": "2015-09-29T18:34:38.289+03:00", "highlightTitle": ""}