{"organizations": [], "uuid": "e0ddbeca740abde532ca81f7a81d935ca1eab1d2", "thread": {"social": {"gplus": {"shares": 0}, "pinterest": {"shares": 0}, "vk": {"shares": 0}, "linkedin": {"shares": 0}, "facebook": {"likes": 0, "shares": 0, "comments": 0}, "stumbledupon": {"shares": 0}}, "site_full": "newsr.in", "main_image": "http://cdn.newsserve.net/i/20150927/3190-Volkswagen-knew-about-shady-emissions-practices-years-ago.jpg", "site_section": "http://newsr.in/latest/Technology.htm", "section_title": "Technology: newsR", "url": "http://newsr.in/n/Technology/75589kh8g/Volkswagen-knew-about-shady-emissions-practices-years-ago.htm", "country": "US", "title": "Volkswagen knew about shady emissions practices years ago", "performance_score": 0, "site": "newsr.in", "participants_count": 1, "title_full": "Volkswagen knew about shady emissions practices years ago - newsR", "spam_score": 0.0, "site_type": "news", "published": "2015-09-27T03:00:00.000+03:00", "replies_count": 0, "uuid": "e0ddbeca740abde532ca81f7a81d935ca1eab1d2"}, "author": "newsr.in", "url": "http://newsr.in/n/Technology/75589kh8g/Volkswagen-knew-about-shady-emissions-practices-years-ago.htm", "ord_in_thread": 0, "title": "Volkswagen knew about shady emissions practices years ago", "locations": [], "entities": {"persons": [], "locations": [], "organizations": []}, "highlightText": "", "language": "english", "persons": [], "text": "Volkswagen's recently departed CEO may have been caught off-guard by his company's attempt to hide true diesel car emissions from regulators, but there are now signs that some VW higher-ups knew the truth. German newspaper Frankfurter Allgemeine So... »", "external_links": ["http://cdn.newsserve.net/i/20150927/3190-Volkswagen-knew-about-shady-emissions-practices-years-ago.jpg"], "published": "2015-09-27T03:00:00.000+03:00", "crawled": "2015-09-28T03:40:03.170+03:00", "highlightTitle": ""}