{"organizations": [], "uuid": "e73b0409a14c846314d5574cbaf7ff188f35b936", "thread": {"social": {"gplus": {"shares": 0}, "pinterest": {"shares": 0}, "vk": {"shares": 0}, "linkedin": {"shares": 0}, "facebook": {"likes": 0, "shares": 0, "comments": 0}, "stumbledupon": {"shares": 0}}, "site_full": "www.cbs8.com", "main_image": "", "site_section": "http://www.cbs8.com/category/266385/technology-general", "section_title": "Technology Press Releases from PRWeb - CBS News 8 - San Diego, CA News Station - KFMB Channel 8", "url": "http://www.cbs8.com/story/30137915/akumina-to-be-a-gold-sponsor-of-sharepoint-fest-chicago-2015", "country": "US", "title": "Akumina to be a Gold Sponsor of SharePoint Fest Chicago 2015", "performance_score": 0, "site": "cbs8.com", "participants_count": 1, "title_full": "Akumina to be a Gold Sponsor of SharePoint Fest Chicago 2015 - CBS News 8 - San Diego, CA News Station - KFMB Channel 8", "spam_score": 0.0, "site_type": "news", "published": "2015-09-29T12:01:00.000+03:00", "replies_count": 0, "uuid": "e73b0409a14c846314d5574cbaf7ff188f35b936"}, "author": "cbs8", "url": "http://www.cbs8.com/story/30137915/akumina-to-be-a-gold-sponsor-of-sharepoint-fest-chicago-2015", "ord_in_thread": 0, "title": "Akumina to be a Gold Sponsor of SharePoint Fest Chicago 2015", "locations": [], "entities": {"persons": [], "locations": [], "organizations": []}, "highlightText": "", "language": "english", "persons": [], "text": "Akumina to be a gold sponsor of SharePoint Fest in Chicago, Illinois at McCormick Place December 8-10, 2015\nChicago, Illinois (PRWEB) September 29, 2015\nAkumina will be a gold sponsor of SharePoint Fest Chicago and will join other sponsors in bringing this conference to McCormick Place in Chicago, Illinois, December 8-10, 2015.\nAbout Akumina\nInterChange, Akumina's platform built using SharePoint-as-a-Service, allows businesses to realize the full promise of SharePoint. InterChange users can accomplish content and site management tasks without ever being exposed to SharePoint's UI. Additionally, InterChange simplifies the creation, extension and management of SharePoint web parts and improves upon SharePoint's default presentation ensuring mobility and adoption. The platform allows CIOs to empower subject matter experts to manage their own content and build their own pages without being exposed directly to SharePoint, on any device. With Interchange, organizations see dramatically increased ROI on their SharePoint investment, while driving end-user adoption and eliminating the need for redundant content platforms and heavy investment in ongoing training. Akumina boasts an executive team with better than 50 years of combined experience successfully delivering web software solutions to companies that range from small & medium businesses to fortune100 heavy-weights. Akumina's customer base includes Walmart, Dolby Laboratories, National Oilwell Varco and Manulife.\nWeb Site: http://www.akumina.com\nAbout SharePoint Fest\nAll of our SharePoint Fest training conferences have workshops and classes created for SharePoint administrators, information architects, power users, knowledge workers, business analysts and software developers.\nYou and your team will walk away with as much knowledge as you desire to truly leverage SharePoint in your current environment!\nWeb Site: http://www.sharepointfest.com/Chicago\n //www.prweb.com/releases/2015/07/prweb12861731.htm\n ", "external_links": ["http://www.sharepointfest.com/Chicago", "http://www.prweb.com/releases/2015/07/prweb12861731.htm"], "published": "2015-09-29T12:01:00.000+03:00", "crawled": "2015-09-30T08:37:52.034+03:00", "highlightTitle": ""}