{"organizations": ["West Brighton Local Development Corporation", "Staten Island Business Outreach Center"], "uuid": "14840457e11feee52e04e586c53c8b3534402c37", "thread": {"social": {"gplus": {"shares": 0}, "pinterest": {"shares": 0}, "vk": {"shares": 0}, "linkedin": {"shares": 0}, "facebook": {"likes": 0, "shares": 0, "comments": 0}, "stumbledupon": {"shares": 0}}, "site_full": "news.google.com", "main_image": "http://imgick.silive.com/home/silive-media/width620/img/latest_news/photo/18860001-standard.jpg", "site_section": "http://news.google.com/news?hl=en&gl=us&q=technology&pws=0&bav=on.2,or.r_gc.r_pw.r_cp.r_qf.&bpcl=38093640&biw=1366&bih=653&um=1&ie=UTF-8&output=rss", "section_title": "technology - Google News", "url": "http://news.google.com/news/url?sa=t&fd=R&ct2=us&usg=AFQjCNGgbZyFZjgteS-gkeL8dll5kVIysg&clid=c3a7d30bb8a4878e06b80cf16b898331&ei=WdgKVojrE8Opaq3ZkdAI&url=http://www.silive.com/news/index.ssf/2015/09/staten_island_business_outreac.html", "country": "IL", "title": "Staten Island Business Outreach Center hosts technology expo - SILive.com", "performance_score": 0, "site": "google.com", "participants_count": 0, "title_full": "Staten Island Business Outreach Center hosts technology expo - SILive.com", "spam_score": 0.0, "site_type": "news", "published": "2015-09-29T17:43:00.000+03:00", "replies_count": 0, "uuid": "14840457e11feee52e04e586c53c8b3534402c37"}, "author": "", "url": "http://news.google.com/news/url?sa=t&fd=R&ct2=us&usg=AFQjCNGgbZyFZjgteS-gkeL8dll5kVIysg&clid=c3a7d30bb8a4878e06b80cf16b898331&ei=WdgKVojrE8Opaq3ZkdAI&url=http://www.silive.com/news/index.ssf/2015/09/staten_island_business_outreac.html", "ord_in_thread": 0, "title": "Staten Island Business Outreach Center hosts technology expo - SILive.com", "locations": ["Staten Island"], "entities": {"persons": [], "locations": [], "organizations": []}, "highlightText": "", "language": "english", "persons": ["Dalton"], "text": "Staten Island Business Outreach Center hosts technology expo nws SIBOC The West Brighton Local Development Corporation (WBLDC) held the event in commemoration of their 35th anniversary and to highlight their evolution from WBLDC into the Staten Island Business Outreach Center (SIBOC). (Staten Island Advance/Kristin Dalton) Comments \nSTATEN ISLAND, N.Y. -- Techies took over LiGreci's Staaten in West Brighton on Monday during Tekamorphosis, a public technology exposition. \nThe West Brighton Local Development Corporation (WBLDC) held the event in commemoration of the organization's 35 th anniversary and to highlight its evolution from WBLDC into the Staten Island Business Outreach Center (SIBOC). \nThe organization believed the name West Brighton Local Development Corporation was misleading to many, who assumed that the group's services were specific to the neighborhood of West Brighton. \n\"We morphed...our name had to change with the change in technology,\" said Lorette Cauldwell, executive director of the Staten Island Business Outreach Center. \nA handful of technology-based companies, many of which are Staten Island-based start-ups, had booths at the expo to show the public what they have to offer. \nAssembly 3D Printing was at one of the booths, showcasing a 3D printer. \nThe business, which is owned by Michael Perina, has an office at 75 Clinton St., Stapleton, in a building run by Techbox, a company that also had a booth at the expo. \nTechbox offers professional office space to rent to small businesses, while providing many technological services, such as networking, to help companies succeed. \nBorough President James Oddo was the keynote speaker at the expo. \nOddo spoke about making the North Shore a tech and creative hub, starting with plans to turn the vacant Department of Health building at 55 Stuyvesant Pl. into a technology epicenter . \nHe also addressed the importance of technology to small businesses. \n\"Small businesses should embrace technology. The fact is, that nationwide, approximately 63 percent of small businesses don't even have a website. That makes it awfully difficult to compete in an era when your website and social media serve as a business' virtual front door,\" Oddo said. \nTekamorphosis offered a variety of workshops and seminars on topics from using social media to grow your business to protecting yourself from identity left. \nThe expo was followed by an evening Gala Dinner, honoring Richmond County Savings Bank, National Grid and Citi.", "external_links": [], "published": "2015-09-29T17:43:00.000+03:00", "crawled": "2015-09-29T21:31:40.377+03:00", "highlightTitle": ""}