{"organizations": [], "uuid": "d8f273f1a309a1bcacbc1adc5e1a8326bbec25af", "thread": {"social": {"gplus": {"shares": 0}, "pinterest": {"shares": 0}, "vk": {"shares": 0}, "linkedin": {"shares": 0}, "facebook": {"likes": 0, "shares": 0, "comments": 0}, "stumbledupon": {"shares": 0}}, "site_full": "www.sfchronicle.com", "main_image": "http://ww4.hdnux.com/photos/41/07/51/8682059/3/rawImage.jpg", "site_section": "http://www.sfchronicle.com/business/technology/", "section_title": "Technology news, features, analysis and commentary - San Francisco Chronicle", "url": "http://www.sfchronicle.com/technology/cnet/article/Best-home-audio-products-of-2015-6530860.php", "country": "US", "title": "Best home audio products of 2015", "performance_score": 0, "site": "sfchronicle.com", "participants_count": 1, "title_full": "Best home audio products of 2015 - San Francisco Chronicle", "spam_score": 0.0, "site_type": "news", "published": "2015-09-25T03:00:00.000+03:00", "replies_count": 0, "uuid": "d8f273f1a309a1bcacbc1adc5e1a8326bbec25af"}, "author": "Cnet", "url": "http://www.sfchronicle.com/technology/cnet/article/Best-home-audio-products-of-2015-6530860.php", "ord_in_thread": 0, "title": "Best home audio products of 2015", "locations": [], "entities": {"persons": [], "locations": [], "organizations": []}, "highlightText": "", "language": "english", "persons": [], "text": "Photo: Cnet B&W 685 S2 B&W 685 S2\nB&W 685 S2 B&W 685 S2 B&W 685 S2\nB&W 685 S2", "external_links": ["http://ww4.hdnux.com/photos/41/07/51/8682059/3/920x1240.jpg"], "published": "2015-09-25T03:00:00.000+03:00", "crawled": "2015-09-28T23:25:46.334+03:00", "highlightTitle": ""}