{"organizations": [], "uuid": "7151fe6026bb2b763e7f3376f2810cfd92174508", "thread": {"social": {"gplus": {"shares": 0}, "pinterest": {"shares": 0}, "vk": {"shares": 0}, "linkedin": {"shares": 0}, "facebook": {"likes": 0, "shares": 0, "comments": 0}, "stumbledupon": {"shares": 0}}, "site_full": "www.news24.com", "main_image": "http://cdn.24.co.za/files/Cms/General/d/172/0ad22e1843b44b4194903b2702744f7f.jpg", "site_section": "http://www.news24.com/", "section_title": "News24, South Africa's premier news source, provides breaking news on national, world, Africa, sport, entertainment, technology &amp; more. ", "url": "http://www.news24.com/SouthAfrica/News/Criminal-charges-Leaders-are-no-longer-innocent-until-proven-guilty-says-ANC-20150922", "country": "ZA", "title": "Criminal charges: Leaders are no longer innocent until proven guilty, says ANC", "performance_score": 0, "site": "news24.com", "participants_count": 1, "title_full": "Criminal charges: Leaders are no longer innocent until proven guilty, says ANC | News24", "spam_score": 0.0, "site_type": "news", "published": "2015-09-22T17:33:00.000+03:00", "replies_count": 0, "uuid": "7151fe6026bb2b763e7f3376f2810cfd92174508"}, "author": "news24.com", "url": "http://www.news24.com/SouthAfrica/News/Criminal-charges-Leaders-are-no-longer-innocent-until-proven-guilty-says-ANC-20150922", "ord_in_thread": 0, "title": "Criminal charges: Leaders are no longer innocent until proven guilty, says ANC", "locations": [], "entities": {"persons": [], "locations": [], "organizations": []}, "highlightText": "", "language": "english", "persons": [], "text": "The ANC has tightened the noose on members who face criminal charges, making it easier for them to be removed from party structures until they are cleared of wrongdoing, according to one of the decisions the ANC national executive committee took when it met on the weekend in Pretoria.\nANC secretary-general Gwede Mantashe said yesterday at a media briefing in Johannesburg that in testing whether or not action should be taken against a member accused of wrongdoing, the ANC integrity committee would look at the extent to which the case affected the reputation and image of the ANC.\nPreviously, ANC leaders accused of corruption had managed to avoid sanctions – stepping aside from their party or government posts – by claiming that no court of law had found them guilty.\nMantashe said yesterday the ANC integrity committee – whose powers were also increased from taking “recommendations” to making “decisions” – were not concerned about the guilt or innocence of the member.", "external_links": [], "published": "2015-09-22T17:33:00.000+03:00", "crawled": "2015-09-22T12:03:14.096+03:00", "highlightTitle": ""}