{"organizations": [], "uuid": "896633c899461afba0a6fee79ec169c226e50b65", "thread": {"social": {"gplus": {"shares": 0}, "pinterest": {"shares": 0}, "vk": {"shares": 0}, "linkedin": {"shares": 0}, "facebook": {"likes": 0, "shares": 0, "comments": 0}, "stumbledupon": {"shares": 0}}, "site_full": "www.cnbc.com", "main_image": "http://fm.cnbc.com/applications/cnbc.com/resources/img/editorial/2015/02/25/102454599-GettyImages_451551326.1910x1000.jpg", "site_section": "http://www.cnbc.com/id/19854910/device/rss/rss.html", "section_title": "Technology", "url": "http://www.cnbc.com/2015/09/28/didi-kuaidi-invests-in-indian-car-hailing-app-ola-to-take-on-uber.html", "country": "US", "title": "Didi Kuaidi invests in Indian car-hailing app Ola to take on Uber", "performance_score": 0, "site": "cnbc.com", "participants_count": 1, "title_full": "Didi Kuaidi invests in Indian car-hailing app Ola to take on Uber", "spam_score": 0.0, "site_type": "news", "published": "2015-09-28T03:00:00.000+03:00", "replies_count": 0, "uuid": "896633c899461afba0a6fee79ec169c226e50b65"}, "author": "cnbc.com", "url": "http://www.cnbc.com/2015/09/28/didi-kuaidi-invests-in-indian-car-hailing-app-ola-to-take-on-uber.html", "ord_in_thread": 0, "title": "Didi Kuaidi invests in Indian car-hailing app Ola to take on Uber", "locations": [], "entities": {"persons": [], "locations": [], "organizations": []}, "highlightText": "", "language": "english", "persons": [], "text": "Getty Images As Uber puts in place plans to enhance its presence in China, its largest Chinese rival in the country is heading overseas.\nChinese taxi-hailing app Didi Kuaidi revealed on Monday that it had invested in Ola, India's largest ride-hailing app. Reuters, which reported on the deal, said the value of the investment was unknown.\nDidi Kuaidi, created from a merger between two of China's leading ride-hailing apps, is valued at $16 billion and backed by Alibaba and Tencent . It is one of Uber's biggest competitors in Asia.\nLyft and Didi Kuaidi team up\nCar-hailing company Lyft is partnering with China's largest ride-hailing company, Didi Kuaidi, to challenge Uber.\nThe investment in Ola – which controls nearly 80 percent of India's taxi-hailing business and reportedly completes more than 750,000 rides per day – is the latest in a series of bets made by Didi Kuaidi to apply brakes to Uber's frenetic growth.\nLast month Didi Kuaidi pumped in an unknown sum to Singapore-based GrabTaxi. It also participated in Lyft's latest funding round, the Wall Street Journal reported. Lyft is Uber's biggest competitor in the U.S.\nUber itself has been eager to increase its presence in China and India. Uber's China arm is closing a $1 billion fundraising round, according to Reuters, a sign it is ready to keep expanding in the country despite strong competition.\nUber recently received a multimillion dollar investment from Chinese search giant Baidu , and integrated Baidu maps and other services into its app.\nIn India, Uber plans to inject $1 billion to grow its share of the market. Uber received further funding of up to $100 million from Indian conglomerate Tata Group, which makes everything from cars to tea.\nRead More Next stop for Asian taxi apps: Consolidation\nThe investment by Didi Kuaidi will support Ola's continued expansion in India. The startup recently announced plans to invest $75 million in a new car leasing program operated by one of its subsidiaries.\nUnder the program, the subsidiary will buy cars and lease them out to Ola drivers, helping Ola to attract more drivers and giving it greater control over its fleet.\nOla has also differentiated itself by offering supplementary services including a shuttle run, cashless payment and Wi-Fi in some cars, as well as a cafe service available through the app.\nOla co-founder Bhavish Aggarwal told CNBC earlier this year that Ola's aim was to operate in 200 Indian cities by end of 2015.\nDidi Kuaidi joins Ola's existing list of investors, who include Falcon Edge, GIC, Tiger Global Management and Japan's SoftBank . Ola raised 14.78 billion rupees ($222.5 million) in its most recent round of funding, Reuters reported.\n- Reuters contributed to this report.", "external_links": [], "published": "2015-09-28T03:00:00.000+03:00", "crawled": "2015-09-28T19:12:16.808+03:00", "highlightTitle": ""}