{"organizations": ["NEJM", "American Association for Physician Leadership", "Chapel Hill School", "Alliance Healthcare Foundation", "National Council", "Accountable Care Organization Taskforce", "Project Pythia", "U.S. Food", "ABTS Convention Services", "American Podiatric Medical Association", "NCOA", "San Diego ... Mountain Health & Community Services", "Host Virtual Investor Conference for OTCQX Life Science Companies", "Amica", "University of North Carolina", "Georgetown University Medical Center", "Accountable Care Organization Taskforce Releases ACO Issue Brief", "Electronic Data Interchange"], "uuid": "b4a179e045d150d5ea6fe3445fde6649225e1114", "thread": {"social": {"gplus": {"shares": 0}, "pinterest": {"shares": 0}, "vk": {"shares": 0}, "linkedin": {"shares": 0}, "facebook": {"likes": 0, "shares": 0, "comments": 0}, "stumbledupon": {"shares": 0}}, "site_full": "www.bio-medicine.org", "main_image": "", "site_section": "http://www.bio-medicine.org/inc/biomed/medicine-technology.asp", "section_title": "Latest Medical Technology from Bio-Medicine.Org", "url": "http://www.bio-medicine.org/medicine-technology-1/OTC-Markets-Group-to-Host-Virtual-Investor-Conference-for-OTCQX-Life-Science-Companies---October-1-48396-1/", "country": "US", "title": "OTC Markets Group to Host Virtual Investor Conference for OTCQX Life Science Companies - October 1", "performance_score": 0, "site": "bio-medicine.org", "participants_count": 0, "title_full": "OTC Markets Group to Host Virtual Investor Conference for OTCQX Life Science Companies - October 1", "spam_score": 0.0, "site_type": "news", "published": "2015-09-28T17:05:00.000+03:00", "replies_count": 0, "uuid": "b4a179e045d150d5ea6fe3445fde6649225e1114"}, "author": "", "url": "http://www.bio-medicine.org/medicine-technology-1/OTC-Markets-Group-to-Host-Virtual-Investor-Conference-for-OTCQX-Life-Science-Companies---October-1-48396-1/", "ord_in_thread": 0, "title": "OTC Markets Group to Host Virtual Investor Conference for OTCQX Life Science Companies - October 1", "locations": ["U.S."], "entities": {"persons": [], "locations": [], "organizations": []}, "highlightText": "", "language": "english", "persons": ["Jeffrey Shuren", "Amanda Gardner"], "text": "    2015 , ... ... advance health and wellness for the poor and underserved in the San Diego ... Mountain Health & Community Services (MHCS) as the recipient of its $1 million   Physician leaders strongly support the need ... costs, according to a survey conducted by the American Association for Physician Leadership® and ... than 90 percent of survey respondents agreed that reducing unnecessary care that is not ... (Date:9/28/2015)... ... ... Falling can have a serious effect on quality of life and independence for older adults. ... a fall, according to the National Council on Aging (NCOA). As part of Fall Prevention ... chances of falling in or around the home. , Many falls are preventable, and the   The Workgroup for Electronic Data Interchange ... create efficiencies in healthcare information exchange, announced the release of a public issue brief ... Brief was developed by the Accountable Care Organization Taskforce, which is part of WEDI’s   ABTS Convention Services (ABTS) , together ... proud to introduce Project Pythia- a joint venture to analyze variables/factors that affect annual ... part of Project Pythia, ABTS and UM CCS have been collecting relevant large scale ... [ 0 ] Alliance Healthcare Foundation Announces $1 Million Award for its 2015 Innovation Initiative [ 0 ] Survey: Physician Leaders See Better Quality Care and Lower Costs as Priorities [ 0 ] Fall Prevention: Amica Has 6 Tips to Improve Safety in the Home [ 0 ] WEDI’s Accountable Care Organization Taskforce Releases ACO Issue Brief [ 0 ] ABTS Convention Services Launches Project Pythia. ... a case study that illustrates the need for people with diabetes ... pets, a woman with numbness in her feet caused by diabetic ... terrier chewed off part of her slightly infected big toe, according ... Journal of the American Podiatric Medical Association . The patient,s ... ... -- The drug telaprevir (Incivek) provides a dramatic improvement in ... infection, says an international team of investigators led by Dr. ... Their study, published in today,s edition of the New ... agent for patient use by the U.S. Food and Drug ... ... By Amanda Gardner HealthDay Reporter , WEDNESDAY, ... forever, with as many as half of women with the ... U.S. health officials said Wednesday. And \"the longer a ... experience complications,\" Dr. Jeffrey Shuren, director for the Center for ... ... D.C. Neuroscientists at Georgetown University Medical Center (GUMC) have ... a human brain needs to identify sounds such as speech ... identified in non-human primates. In the June 22 issue ... their discovery made possible with the help of 13 ... ... Although depression strikes one in 10 women during pregnancy or ... disorder or suffered physical or sexual abuse are more likely ... This means that screening for mental health problems should ... the University of North Carolina at Chapel Hill School of ... ... , WEDNESDAY, June 22 (HealthDay News) -- People who ... risk for anxiety and mood disorders due to the impact ... that regulate emotion and stress, a new international study indicates. ... the quality of life for city dwellers, according to the ... Cautionary tale for people with diabetes: Dog consumed part of a sleeping patient's toe NEJM study: New drug represents breakthrough in treatment of hepatitis C FDA: Breast Implants Basically Safe, But Won't Last a Lifetime Researchers identify components of speech recognition pathway in humans Eating Disorders May Raise Risk of Depression in Pregnancy City Living Tied to More Anxiety, Mood Disorders  ", "external_links": [], "published": "2015-09-28T17:05:00.000+03:00", "crawled": "2015-09-28T18:57:36.371+03:00", "highlightTitle": ""}