{"organizations": [], "uuid": "6d5b932011ee0733117d4f7c2eb0645cd03b4b16", "thread": {"social": {"gplus": {"shares": 0}, "pinterest": {"shares": 0}, "vk": {"shares": 0}, "linkedin": {"shares": 0}, "facebook": {"likes": 0, "shares": 0, "comments": 0}, "stumbledupon": {"shares": 0}}, "site_full": "www.freshnews.com", "main_image": "", "site_section": "http://freshnews.com//news/technology/feed", "section_title": "FreshNews.com - Technology News", "url": "http://www.freshnews.com/news/1134359/meeting-service-level-agreements-sql-server-vmware-environments-will-be-focus-next-sio", "country": "US", "title": "Meeting Service Level Agreements for SQL Server in VMware Environments Will Be the Focus of the Next SIOS Webinar", "performance_score": 0, "site": "freshnews.com", "participants_count": 1, "title_full": "Meeting Service Level Agreements for SQL Server in VMware Environments Will Be the Focus of the Next SIOS Webinar", "spam_score": 0.0, "site_type": "news", "published": "2015-09-30T16:00:00.000+03:00", "replies_count": 0, "uuid": "6d5b932011ee0733117d4f7c2eb0645cd03b4b16"}, "author": "admin", "url": "http://www.freshnews.com/news/1134359/meeting-service-level-agreements-sql-server-vmware-environments-will-be-focus-next-sio", "ord_in_thread": 0, "title": "Meeting Service Level Agreements for SQL Server in VMware Environments Will Be the Focus of the Next SIOS Webinar", "locations": [], "entities": {"persons": [], "locations": [], "organizations": []}, "highlightText": "", "language": "english", "persons": [], "text": "Submitted by admin on 9/30/2015 @ 6:00 AM   SIOS Technology \nSAN MATEO, CA -- (Marketwired) -- 09/30/15 -- SIOS Technology Corp . ( www.us.sios.com ), the industry's leading provider of high availability and IT analytics software, today announced that Tony Tomarchio, SQL expert and director of field engineering for SIOS Technology, will be the featured presenter in a live webinar that will provide insights for meeting service level agreements (SLAs) for SQL Server in virtualized environments. \nTitled, \"Key Insights for Meeting your SLAs for SQL Server in VMware Environments,\" this webinar will be held on October 6 at 10:00 AM PDT / 1:00 PM EDT. To register, please visit: https://www.mssqltips.com/webcastSignupPage.asp?id=464&src=sios \nIT professionals face the growing challenge of meeting increasingly stringent service level agreements (SLAs) for SQL Server. End users demand fast application response times and nearly continuous access to SQL Server. With VMware environments growing in size and complexity, delivering on these SLAs is more challenging than ever. In this webinar, SQL expert, Tony Tomarchio will discuss a method of delivering high availability protection for SQL Server in VMware environments without the complexities or limitations of Raw Device Mapping (RDM). Additionally, he will discuss an innovative new solution for diagnosing and resolving root causes of performance issues using machine-learning based analytics. \nAbout the Speaker Tony Tomarchio is the director of field engineering for SIOS Technology. Tony is responsible for defining and delivering technical pre-sales services, support and best practices to SIOS customers, prospects and partners. Tony has more than a decade of experience providing systems management and high availability solutions to enterprise customers. Prior to joining SIOS, Tony served as the global sales engineering lead for the Oracle systems management practice. Tony joined Oracle through the acquisitions of Sun Microsystems and Aduva, Inc., where he served as the lead sales engineer / technical account manager and played a critical role in product adoption and evolution. \nAbout SIOS Technology Corp. SIOS Technology Corp. makes software products that provide the insights and guidance IT managers need to manage and protect business critical applications in large, complex data centers. SIOS iQ is a machine learning analytics software that helps IT managers optimize performance, efficiency, reliability, and capacity utilization in virtualized environments. SIOS SAN and SANLess software is an essential part of any cluster solution that provides the flexibility to build Clusters Your Way to protect your choice of Windows or Linux environment in any configuration (or combination) of physical, virtual and cloud (public, private, and hybrid) without sacrificing performance or availability. Founded in 1999, SIOS Technology Corp. ( http://us.sios.com ) is headquartered in San Mateo, California, and has offices throughout the United States, United Kingdom and Japan. \nSIOS, SIOS Technology, SIOS iQ, SIOS DataKeeper, SIOS Protection Suite, Clusters Your Way, SIOS PERC Dashboard, and associated logos are registered trademarks or trademarks of SIOS Technology Corp. and/or its affiliates in the United States and/or other countries. All other trademarks are the property of their respective owners. Contact:", "external_links": [], "published": "2015-09-30T16:00:00.000+03:00", "crawled": "2015-09-30T16:47:01.987+03:00", "highlightTitle": ""}