{"organizations": [], "uuid": "5779ea0c46921af1ba30a921b440e88c5f887960", "thread": {"social": {"gplus": {"shares": 0}, "pinterest": {"shares": 0}, "vk": {"shares": 0}, "linkedin": {"shares": 0}, "facebook": {"likes": 0, "shares": 0, "comments": 0}, "stumbledupon": {"shares": 0}}, "site_full": "www.chron.com", "main_image": "http://ww1.hdnux.com/photos/41/15/64/8707356/7/rawImage.jpg", "site_section": "http://www.chron.com/rss/feed/AP-Technology-and-Science-266.php", "section_title": "AP Technology and Science", "url": "http://www.chron.com/business/energy/article/Despite-pledges-climate-action-seen-falling-short-6535315.php", "country": "US", "title": "Despite pledges, climate action seen falling short", "performance_score": 0, "site": "chron.com", "participants_count": 1, "title_full": "Despite pledges, climate action seen falling short - Houston Chronicle", "spam_score": 0.0, "site_type": "news", "published": "2015-09-28T22:10:00.000+03:00", "replies_count": 0, "uuid": "5779ea0c46921af1ba30a921b440e88c5f887960"}, "author": "chron.com", "url": "http://www.chron.com/business/energy/article/Despite-pledges-climate-action-seen-falling-short-6535315.php", "ord_in_thread": 0, "title": "Despite pledges, climate action seen falling short", "locations": [], "entities": {"persons": [], "locations": [], "organizations": []}, "highlightText": "", "language": "english", "persons": [], "text": "Photo: Kevin Hagen, AP Image 1 of / 2 2 Norwegian Prime Minister H.E. Ms. Erna Solberg, left, poses with Secretary-General Ban Ki-moon, center, and Norwegian Climate Minister Tine Sundtoft at the United Nations headquarters Friday, Sept. 25, 2015. The United Nations is conducting the Sustainable Development Summit with the goal of adopting of a post-2015 development agenda.\nPhoto: Kevin Hagen, AP Norwegian Prime Minister H.E. Ms. Erna Solberg, left, poses with... Image 2 of 2 People walk on the Champs Elysees during the \"day without cars\", in Paris, France, Sunday, Sept. 27, 2015. Pretty but noisy Paris, its gracious Old World buildings blackened by exhaust fumes, is going car-less for a day. Paris Mayor Anne Hidalgo presided over Sunday's \"day without cars,\" two months before the city hosts the global summit on climate change.\nPhoto: Thibault Camus, AP People walk on the Champs Elysees during the \"day without cars\", in... Despite pledges, climate action seen falling short 1 / 2 Back to Gallery STOCKHOLM (AP) — The emissions pledges that countries have made ahead of a landmark conference in Paris have been a major boost to the slow-moving U.N. effort to fight climate change.\nLess so for the climate itself.\nWith pledges to cut or curb greenhouse gas pollution on the table from all major countries except India, researchers say the world is on track for more than 2 degrees C (4 F) of warming this century.\nThat's a level that scientists say could result in profound and irreversible impacts on the climate system, including flooding of coastal cities and island nations, disruptions to agriculture and drinking water, and the spread of diseases and the extinction of species.\nHowever, climate experts say that it's not game over yet, as long as the Paris agreement includes ways to step up the pace of emissions cuts over time.\n\"Much of the underlying motivation for any emissions reduction agenda is that first steps lead to second steps, which lead to third steps. It is probably the case that first steps won't solve the problem, but they start the journey,\" said Chris Field , a candidate to become the next chair of the Intergovernmental Panel on Climate Change .\nAn analysis presented Monday by Climate Interactive, a Washington-based climate research group, found the emissions targets presented by China, the U.S., the European Union , Brazil and other governments before the December conference in Paris leave the world on a path toward 3.5 degrees C (6.3 F) of warming compared with pre-industrial times. Temperatures have already warmed nearly 0.9 degrees C (1.6 F) from pre-industrial times to now, primarily because of emissions from the burning of coal, oil and gas, scientists say.\nThat means warming would be 1 C (1.8 F) lower than what would happen if governments did nothing, said Andrew Jones , co-founder of Climate Interactive, but well above the international goal of keeping warming below 2 degrees C (3.6 ), which is 1.1 degrees C (2 degrees F) from now.\nAnother analysis, by the European-based Climate Action Tracker, projects the world is on a path toward about 3 C (5.4 F) of warming. The difference is mainly due to guesswork on what happens after 2030, the end date for the current pledges.\nNiklas Hoehne , a researcher involved with Climate Action Tracker, said it's still possible to limit warming to 2 degrees C if global emissions peak after 2030 as long as they drop quickly after that.\n\"The question is whether it's a politically feasible pathway or not. That's a value judgment,\" he said.\nGiven the glacial pace of the U.N. climate talks in the past, the fact that just about all countries, rich and poor, are finally committing to do something about climate change is encouraging in itself, analysts say.\nA diplomatic solution seemed far away after a hyped 2009 summit in Copenhagen ended with a weak, voluntary agreement that pushed a more ambitious deal down the road.\nIn Paris, the prospects of that deal coming together appear much greater, with all major emitters putting down emissions targets in advance. India is expected to do so this week, as the last of the top 10 greenhouse gas emitters.\nStill, it's unclear whether the deal will include the tools to bend the emissions curves in the future enough to avoid dangerous levels of warming.\nScientific models show that to stay below 2 degrees the world can emit no more than 1 trillion tons of carbon dioxide, a key global warming gas released when oil, coal and gas are burned for energy. At the current rate of emissions, that \"carbon budget\" will have been spent in three decades.\nBut instead of figuring out ways to divide that budget in a way that reflects each nation's historical responsibility for the problem, level of development and other factors, each country is self-determining the size of its share. That's because countries cannot agree on what's a fair distribution.\n\"When every country's definition of fair and ambitious uses different metrics you won't easily get to a situation where you divide the carbon budget,\" said Kelly Levin , of the World Resources Institute , an environmental think tank.\nEven though they they're not enough by themselves, many experts are optimistic that the pledges presented so far will lead to even greater emissions reductions going forward and ultimately a major shift toward a low-carbon energy system, with a much greater share of renewable energy sources such as wind and solar power.\nIt remains unclear, though, whether governments will ramp up their emissions cuts before the carbon budget runs out. While emissions have started to fall in developed countries, they are still rising fast in China and other fast-growing developing nations.\nLast week, Indian Environment Minister Prakash Javadekar told The Associated Press that any international deal must allow India's emissions to grow as it expands its economy and fights poverty. He said that means richer countries that have polluted the atmosphere for much longer should make bigger cuts to their own emissions.\n\"We are asking the developed world to vacate the carbon space to accommodate us,\" Javadekar said. \"It is our right as a nation. It's our right as people of India, and we want that carbon space.\"\n___\nKarl Ritter can be reached on Twitter at www.twitter.com/karl_ritter", "external_links": ["http://ww4.hdnux.com/photos/41/14/43/8702147/7/920x920.jpg", "http://ww1.hdnux.com/photos/41/15/64/8707356/7/920x920.jpg", "http://ww4.hdnux.com/photos/41/14/43/8702147/7/square_gallery_thumb.jpg", "http://ap.org/schemas/03/2005/apnm", "http://ww1.hdnux.com/photos/41/15/64/8707356/7/square_gallery_thumb.jpg", "http://ap.org/schemas/03/2005/apcm", "http://www.twitter.com/karl_ritter"], "published": "2015-09-28T22:10:00.000+03:00", "crawled": "2015-09-28T22:40:24.603+03:00", "highlightTitle": ""}