{"organizations": [], "uuid": "7e8b66cdf79418806972bcc7ac7481a892f32ed1", "thread": {"social": {"gplus": {"shares": 0}, "pinterest": {"shares": 0}, "vk": {"shares": 0}, "linkedin": {"shares": 0}, "facebook": {"likes": 0, "shares": 0, "comments": 0}, "stumbledupon": {"shares": 0}}, "site_full": "www.prweb.com", "main_image": "http://ww1.prweb.com/prfiles/2015/09/29/12992427/HH_Halifax2.JPG", "site_section": "http://www.prweb.com/rss2/9974techinfo.xml", "section_title": "Technology: Information", "url": "http://www.prweb.com/releases/2015/10/prweb12992427.htm", "country": "US", "title": "Hothead Games Opens New Development Studio in Halifax, Nova Scotia", "performance_score": 0, "site": "prweb.com", "participants_count": 1, "title_full": "Hothead Games Opens New Development Studio in Halifax, Nova Scotia", "spam_score": 0.0, "site_type": "news", "published": "2015-09-30T03:00:00.000+03:00", "replies_count": 0, "uuid": "7e8b66cdf79418806972bcc7ac7481a892f32ed1"}, "author": "Matt McAllister", "url": "http://www.prweb.com/releases/2015/10/prweb12992427.htm", "ord_in_thread": 0, "title": "Hothead Games Opens New Development Studio in Halifax, Nova Scotia", "locations": [], "entities": {"persons": [], "locations": [], "organizations": []}, "highlightText": "", "language": "english", "persons": [], "text": "Hothead Games, the mobile games studio behind mobile hits such as Kill Shot, the Big Win Sports series and, most recently, Boom Boom Football, revealed its expansion across Canada today with the opening of a new studio in Halifax, Nova Scotia. Pulling from the best video games development talent in Canada and beyond, the established Maritimes team now joins forces with the studio in Vancouver. Hothead Games was established in 2006, and this new studio addition brings the total Hothead count to 130 people.\nLocated in downtown Halifax, Hothead Halifax is already up and running, comprised of a full development team of 25 people and growing. The team has been set up independently allowing full project and games development with programming, design and art all in-house. The studio has been focused on Hothead’s first person shooter franchise, Kill Shot, developing core technology for the company and becoming an integral part of the live-operations team.\nAs a company, Hothead now runs a games as a service model for all its mobile titles, with production teams working side by side with data analysis, dev ops, QA, monetization, marketing and 24/7 customer support, distributing all games through the iTunes App Store and Google Play.\nChris Pink, Producer at the Halifax studio, said, “Not only is it exciting to be working as part of a successful mobile games team on a global stage, but it gives us great pleasure to represent Halifax and the east coast of Canada, with its growing technology and games sector.”\n“We are proud to be a coast-to-coast Canadian company servicing the world,” said Vlad Ceraldi, Hothead’s Director of Development. “Setting up Hothead in Halifax was an easy decision, as the growth in tech, the great schools, and the history of the local games sector in that area matched well with our own objectives for growth. By working with Nova Scotia’s business development agency, the NSBI, we were able to expand quickly and build a creative environment that we feel can help take us to the next level.”\nAbout Hothead Games\nHothead Games is one of Canada's largest independent game studios. Founded in 2006, when our Hotheads barely had cold feet, our goal was nothing less than total world domination. We continue to strive for entertainment in all things, including our mobile game catalog, our company culture, and even this self-aggrandizing boilerplate that you're reading right now. For more information, visit http://www.hotheadgames.com .\n©2015 Hothead Games Inc., Hothead, Kill Shot, Big Win Sports and Boom Boom Football are trademarks or registered trademarks of Hothead Games Inc., all rights reserved. All third party trademarks mentioned are the property of their respective owners.\n# # #\nMedia Contact:\nMatt McAllister\nFluid PR\n(510) 229-9707\nmatt(at)fluidspeak(dot)com\nHothead Media Contact:\nOliver Birch\nmedia(at)hotheadgames(dot)com", "external_links": ["http://www.prweb.net/Redirect.aspx?id=aHR0cDovL3d3dy5ob3RoZWFkZ2FtZXMuY29t"], "published": "2015-09-30T03:00:00.000+03:00", "crawled": "2015-09-30T16:54:53.285+03:00", "highlightTitle": ""}