{"organizations": [], "uuid": "4507ab59e87e99df6b456efc7447592b7707907c", "thread": {"social": {"gplus": {"shares": 0}, "pinterest": {"shares": 0}, "vk": {"shares": 0}, "linkedin": {"shares": 0}, "facebook": {"likes": 0, "shares": 0, "comments": 0}, "stumbledupon": {"shares": 0}}, "site_full": "www.mdtmag.com", "main_image": "", "site_section": "http://www.mdtmag.com", "section_title": "Medical Design Technology | The Medical Design Engineer’s Resource for Products &amp; Technologies", "url": "http://www.mdtmag.com/news/2015/09/mhealth-tech-can-promote-adolescent-sexual-health", "country": "US", "title": "mHealth Tech Can Promote Adolescent Sexual Health", "performance_score": 0, "site": "mdtmag.com", "participants_count": 1, "title_full": "mHealth Tech Can Promote Adolescent Sexual Health", "spam_score": 0.0, "site_type": "news", "published": "2015-09-21T03:00:00.000+03:00", "replies_count": 0, "uuid": "4507ab59e87e99df6b456efc7447592b7707907c"}, "author": "Clare Donald, University of Technology Sydney", "url": "http://www.mdtmag.com/news/2015/09/mhealth-tech-can-promote-adolescent-sexual-health", "ord_in_thread": 0, "title": "mHealth Tech Can Promote Adolescent Sexual Health", "locations": [], "entities": {"persons": [], "locations": [], "organizations": []}, "highlightText": "", "language": "english", "persons": [], "text": "A project that explores how mobile technology can help to promote adolescent sexual and reproductive health has led to collaboration between academics from UTS and Hong Kong Polytechnic University (PolyU).\nProfessor Regina Lee from PolyU was in Sydney recently to work with Angela Dawson, Senior Lecturer in the UTS Faculty of Health, on mobile health (mHealth) initiatives aimed at young people.\n\"We're using apps, text messages, games, decision trees and Facebook to prevent sexually transmitted infections and also to help delay sexual activity at an early age,\" Professor Lee said.\nLee's motivation for this project stems from years working as a paediatric nurse and her experience working in schools to promote child and adolescent health.\n\"When I was working in the hospital, I really didn't like seeing the sick kids. The nurses wait for them to come in and try to cure them. I thought, 'we can do something to prevent this'.\"\nThe mHealth project will target adolescents in junior high school using mobile technology that appeals to this age group.\n\"I know it's not possible to try to prevent all children getting sick in the first place. But at least to minimise it, or even make it less traumatic for them,\" Professor Lee said.\n\"For example, obesity is an issue. You don't wait until children are obese, have a heart attack, or have hyperlipidemia. Instead, you tell them at the very beginning at school that they should pick up a healthy snack, develop healthy eating habits and do regular exercise.\n\"These are all the good things we can do in the early stages to prevent complications and chronic illnesses when they're older.\n\"That will also have a big impact on the healthcare system. If they're really healthy during adolescence, they will transition to a healthy adulthood.\"\nDuring phase one of the mHealth project, Lee and Dawson will arrange focus group interviews with adolescents in Hong Kong and Australia to get their input and engage them in the development of the program.\n\"We're also looking at collaboration with industry, such as telecommunications and computer companies in Australia and Hong Kong. Technology is changing every day, so we need their input,\" Professor Lee said.\nLee came to UTS on a grant as part of the Key Technology Partnership (KTP) Visiting Fellow Program. It was also a chance to explore opportunities beyond the mHealth project such as facilitating a PhD exchange program.\n\"The KTP program is a really nice strategy to allow visiting scholars to be more focused. And talking face-to-face is really different to email,\" she said.\n\"I'm always so busy when I'm in Hong Kong, but it's been a very good opportunity for me to concentrate on the present project.\"", "external_links": [], "published": "2015-09-21T03:00:00.000+03:00", "crawled": "2015-09-21T19:06:20.212+03:00", "highlightTitle": ""}