{"organizations": [], "uuid": "691ab69e1e94ee3542a4d3d2baa351587e9d9a63", "thread": {"social": {"gplus": {"shares": 0}, "pinterest": {"shares": 0}, "vk": {"shares": 0}, "linkedin": {"shares": 0}, "facebook": {"likes": 0, "shares": 0, "comments": 0}, "stumbledupon": {"shares": 0}}, "site_full": "timesofindia.indiatimes.com", "main_image": "http://timesofindia.indiatimes.com/photo/49138244.cms", "site_section": "http://timesofindia.indiatimes.com/rssfeeds/5880666.cms", "section_title": "Technology News, Latest Tech News & Reviews | Times of India", "url": "http://timesofindia.indiatimes.com/tech/tech-news/Wipro-selected-as-Dow-Jones-Sustainability-World-Index-member/articleshow/49138199.cms", "country": "IL", "title": "Wipro selected as Dow Jones Sustainability World Index member", "performance_score": 0, "site": "indiatimes.com", "participants_count": 2, "title_full": "Wipro selected as Dow Jones Sustainability World Index member - The Times of India", "spam_score": 0.0, "site_type": "news", "published": "2015-09-28T19:35:00.000+03:00", "replies_count": 1, "uuid": "cf47af198bf7917fec2b0c84190973d4f3730377"}, "author": "Shilpa Phadnis", "url": "http://timesofindia.indiatimes.com/tech/tech-news/Wipro-selected-as-Dow-Jones-Sustainability-World-Index-member/articleshow/49138199.cms#post-0", "ord_in_thread": 0, "title": "Wipro selected as Dow Jones Sustainability World Index member", "locations": [], "entities": {"persons": [], "locations": [], "organizations": []}, "highlightText": "", "language": "english", "persons": [], "text": "BENGALURU: Wipro has been selected as a member of the global Dow Jones Sustainability Index (DJSI) - 2015 for the sixth year in succession. Wipro is included in both the DJSI World and Emerging Markets Indices. \n\nA total of 1,845 companies were assessed from around the world of which 317 have been chosen as the DJSI World constituents for the year 2015-16. The IT Services sector saw 76 companies participating globally of which 8 have been selected for the World Index. \n\nDJSI is a leading global indicator tracking the financial performance of companies across all industries that outperform on Sustainability. The selection was done on the basis of an exhaustive, rigorous evaluation of Wipro's sustainability performance on several dimensions spanning economic, environment and social sustainability -- a few examples are Climate Change Performance, Corporate Governance, Innovation, Labor Practices and Digital Inclusion. \n\nSpeaking about this achievement, Anurag Behar, Chief Sustainability Officer, Wipro Limited said, \"It is a proud moment for us at Wipro, to be honored as a member in the DJSI (World) for the sixth successive year. DJSI's rigorous and comprehensive assessment helps us constantly calibrate and strengthen our sustainability programs across economic, ecological and social dimensions.\" \n\nThe DJSI follow a best-in-class approach, including companies across all industries that outperform their peers in numerous sustainability metrics. Launched in 1999, DJSI are the first global indexes tracking the financial performance of the leading sustainability-driven companies worldwide.  ", "external_links": [], "published": "2015-09-28T19:35:00.000+03:00", "crawled": "2015-09-28T19:40:08.494+03:00", "highlightTitle": ""}