{"organizations": [], "uuid": "d1ea08f578d641c373f3eadf1ce797fca3b4c9f5", "thread": {"social": {"gplus": {"shares": 0}, "pinterest": {"shares": 0}, "vk": {"shares": 0}, "linkedin": {"shares": 0}, "facebook": {"likes": 0, "shares": 0, "comments": 0}, "stumbledupon": {"shares": 0}}, "site_full": "www.pr.com", "main_image": "", "site_section": "http://www.pr.com/news-by-category/189", "section_title": "Technology: Software Press Releases and News - PR.com", "url": "http://www.pr.com/press-release/634529", "country": "US", "title": "Freestyle Solutions and B2BGateway Announce Partnership", "performance_score": 0, "site": "pr.com", "participants_count": 1, "title_full": "Freestyle Solutions and B2BGateway Announce Partnership - PR.com", "spam_score": 0.0, "site_type": "news", "published": "2015-08-27T03:00:00.000+03:00", "replies_count": 0, "uuid": "d1ea08f578d641c373f3eadf1ce797fca3b4c9f5"}, "author": "PR.com", "url": "http://www.pr.com/press-release/634529", "ord_in_thread": 0, "title": "Freestyle Solutions and B2BGateway Announce Partnership", "locations": [], "entities": {"persons": [], "locations": [], "organizations": []}, "highlightText": "", "language": "english", "persons": [], "text": "Freestyle Solutions and B2BGateway Announce Partnership\nFully Integrated EDI Solutions Now Available to Freestyle Commerce Clients\nBoston, MA, August 27, 2015 --( PR.com )-- Freestyle Solutions, the leading provider of essential order and inventory management solutions to growing small and mid-sized retailers and e-tailers and B2BGateway, a world recognized EDI solution provider, today announced that it has entered into a partnership to provide cloud based, fully integrated EDI and automated supply chain solutions to clients using Freestyle Solutions’ new cloud-based order management system, Freestyle Commerce.\nMany Freestyle Commerce clients operate retail businesses that sell to or get supplied by businesses that require integration via EDI. In fact, EDI is not only a mandatory requirement, but has also become best business practice for organizations that want to automate supply chain processes and reduce errors. Wishing to provide their Freestyle Commerce clients with the best possible EDI solution, Freestyle Solutions chose B2BGateway as their EDI provider of choice.\n“EDI has become a very relevant and strategic element to the business strategy of our many of our clients,” says Fred Lizza, CEO of Freestyle Solutions. “As we build momentum with our Freestyle Commerce solution and sell to larger businesses, it was imperative for us to find a great EDI partner, one that we could recommend wholeheartedly to our clients. With B2BGateway, we know that our mutual clients have a comprehensive solution that helps them grow their business as fast and efficiently as possible.”\nB2BGateway has been providing cloud-based, fully integrated EDI and automated supply chain solutions to thousands of clients and partners around the globe since 1999 and has offices in North America, Europe, Australia and China. B2BGateway’s fully integrated EDI solutions will remove the need for the Freestyle Solutions user to manually re-key data when processing orders, invoices or other business documentation such as shipping notices and inventory updates with their trading partners.\n\"We are very pleased that Freestyle Solutions has chosen B2BGateway to be the EDI provider of choice for their Freestyle Commerce clients,\" says Louisa Gooding, Director of Sales & Strategic Relationships at B2BGateway. “Freestyle Solutions is a leader in cloud based Inventory and Order Management systems and we look forward to serving the EDI needs of their clients for many, many years to come.”\nAbout Freestyle Solutions: Freestyle Solutions, is dedicated to providing growing multichannel retailers, etailers, catalogers, fulfillment and distribution firms with best-in-class inventory, order, and customer management software solutions that help them increase sales and grow their business. Headquartered in Parsippany, NJ, Freestyle Solutions provides cloud based inventory and order management software that seamlessly connects users to their eCommerce platforms, sales channels, shipping providers and accounting software. For further information please visit www.freestylesolutions.com or call 1.800.474.5760.\nAbout B2BGateway: B2BGateway is a world leader in the provision of cloud-based, fully-integrated EDI and automated supply chain solutions. Headquartered in Boston, MA with additional offices in Europe, Australia and China, B2BGateway offers clients 24/7 customer support with each client having their own designated setup team. B2BGateway’s EDI solutions are simple to use, competitively priced, highly effective and can increase profitability by reducing the costs associated with manual data entry errors. For further information please visit www.B2BGateway.Net or call + 1 401 491 9595.\nPress Contacts:\nRoger Leyden\nDirector of Global Business Development\nB2BGateway\n+353 (61) 708533 (EU office)\n+1 (401) 491-9595 x 1006 (US office)\nRogerL@B2BGateway.Net\nLaura Hills\nVice President, Marketing\nFreestyle Solutions\n973.774.4148\nlaura.h@freestylesolutions.com", "external_links": [], "published": "2015-08-27T03:00:00.000+03:00", "crawled": "2015-09-04T10:07:31.132+03:00", "highlightTitle": ""}