{"organizations": [], "uuid": "3982c8b8d80fe6a0109d6da01b0afa0731079276", "thread": {"social": {"gplus": {"shares": 0}, "pinterest": {"shares": 0}, "vk": {"shares": 0}, "linkedin": {"shares": 0}, "facebook": {"likes": 0, "shares": 0, "comments": 0}, "stumbledupon": {"shares": 0}}, "site_full": "www.onenewspage.com", "main_image": "http://cdn.newsserve.net/ONPglobe256.jpg", "site_section": "http://www.onenewspage.com/rss/latest/Technology.rss", "section_title": "Latest Technology News on One News Page", "url": "http://www.onenewspage.com/n/Technology/75589l0g3/Download-Video.htm", "country": "US", "title": "Download Video", "performance_score": 0, "site": "onenewspage.com", "participants_count": 0, "title_full": "Download Video", "spam_score": 0.0, "site_type": "news", "published": "2015-09-28T11:04:00.000+03:00", "replies_count": 0, "uuid": "3982c8b8d80fe6a0109d6da01b0afa0731079276"}, "author": "", "url": "http://www.onenewspage.com/n/Technology/75589l0g3/Download-Video.htm", "ord_in_thread": 0, "title": "Download Video", "locations": [], "entities": {"persons": [], "locations": [], "organizations": []}, "highlightText": "", "language": "english", "persons": [], "text": "One Direction Detail New Album, Release Anthemic 'Infinity' 01:00 One Direction have revealed the title for their fifth album — Made in the A.M. — and have set November 13th as the new album's release date.The boy band announced Made in the A.M. via a Twitter video. In the clip, they also revealed that new track \"Infinity\" — written by the same team behind... You Might Like Other recent news in Technology", "external_links": [], "published": "2015-09-28T11:04:00.000+03:00", "crawled": "2015-09-28T11:16:48.188+03:00", "highlightTitle": ""}