{"organizations": [], "uuid": "523cca9395e6cf0b6aba4db08895236cb6ad17c1", "thread": {"social": {"gplus": {"shares": 0}, "pinterest": {"shares": 0}, "vk": {"shares": 0}, "linkedin": {"shares": 0}, "facebook": {"likes": 0, "shares": 0, "comments": 0}, "stumbledupon": {"shares": 0}}, "site_full": "news.sky.com", "main_image": "http://media.skynews.com/media/images/generated/2015/9/29/421383/default/v1/new1-1-1600x900.jpg", "site_section": "http://news.sky.com/feeds/rss/technology.xml", "section_title": "Tech News - Latest Technology and Gadget News | Sky News", "url": "http://news.sky.com/story/1561169/google-unveils-two-new-nexus-smartphones", "country": "IL", "title": "Google Unveils Two New Nexus Smartphones", "performance_score": 2, "site": "sky.com", "participants_count": 3, "title_full": "Google Unveils Two New Nexus Smartphones", "spam_score": 0.0, "site_type": "news", "published": "2015-09-30T02:39:00.000+03:00", "replies_count": 2, "uuid": "1161316785b440be1d710aa92e003ad37ee65f9b"}, "author": "news.sky", "url": "http://news.sky.com/story/1561169/google-unveils-two-new-nexus-smartphones#post-0", "ord_in_thread": 0, "title": "Google Unveils Two New Nexus Smartphones", "locations": [], "entities": {"persons": [], "locations": [], "organizations": []}, "highlightText": "", "language": "english", "persons": [], "text": "Google has unveiled its latest Nexus smartphones as it tries to bite into the dominance of Apple and Samsung. The 5X and 6P will run Google's latest version of the Android operating system, Marshmallow, which the company claims has improved battery life on devices by up to 30%.\nThe 6P, made by Chinese firm Huawei, is the larger of the two devices and has a 5.7-inch ultra high definition screen as well as the first Nexus with an all-metal body.\nAt a news conference in San Francisco, the company also claims the 6P has the best-ever camera in a Nexus phone.\nIt is on the back and has a 12.3-megapixel Sony sensor, which Google says allows it to take better photos in low light.\nThe megapixel figure is larger than on most other smartphones, including the iPhone.\nThere is also an 8-megapixel camera on the front, as well as a fingerprint scanner on the back to open the phone and to make payments. It also has a USB Type-C port for fast charging.\nGoogle unveiled the first tablet it has built itself called the Pixel C\nMeanwhile, the plastic-clad 5X, made by LG, is an update to the \"much loved\" and \"iconic\" Nexus 5 released in 2013, said Google's Dave Burke.\nIt has a 5.2-inch HD screen and also a USB Type-C port as well as a fingerprint scanner on the rear.\nPlay video \"9 Sept: Apple Launches New iPhones\" Video: 9 Sept: Apple Launches New iPhones It also has a 12.3-megapixel camera on the back but a less powerful 5-megapixel front-facing camera, compared to the 6P.\nThere is also a new DOZE state which automatically shuts down more processes to extend the battery life.\nThe 5X will start at £339 while the 6P will start at £449, with pre-orders beginning on Tuesday, Google confirmed.\nGoogle also unveiled the first tablet it has built itself called the Pixel C, which comes with a full-sized keyboard.\nThe US technology giant also confirmed a new version of its Chromecast streaming device, as well as a new version that plugs into home stereo systems called Chromecast Audio.\nThis will enable users to stream music from a mobile device through their home speakers.", "external_links": [], "published": "2015-09-30T02:39:00.000+03:00", "crawled": "2015-09-30T17:49:12.189+03:00", "highlightTitle": ""}