{"organizations": [], "uuid": "bd14a52c7b5d4cd4d97add285ace497b49767fb5", "thread": {"social": {"gplus": {"shares": 0}, "pinterest": {"shares": 0}, "vk": {"shares": 0}, "linkedin": {"shares": 0}, "facebook": {"likes": 0, "shares": 0, "comments": 0}, "stumbledupon": {"shares": 0}}, "site_full": "www.afr.com", "main_image": "http://www.afr.com/content/dam/images/g/j/u/k/s/8/image.related.afrArticleLead.620x365.gjvsmp.png/1443347755328.jpg", "site_section": "http://www.afr.com/technology", "section_title": "Technology News | afr.com", "url": "http://www.afr.com/business/telecommunications/consumers-see-the-benefits-of-mobile-20150927-gjvsmp", "country": "AU", "title": "Consumers see the benefits of mobile", "performance_score": 0, "site": "afr.com", "participants_count": 1, "title_full": "Consumers see the benefits of mobile | afr.com", "spam_score": 0.0, "site_type": "news", "published": "2015-09-27T13:45:00.000+03:00", "replies_count": 0, "uuid": "bd14a52c7b5d4cd4d97add285ace497b49767fb5"}, "author": "David Ramli", "url": "http://www.afr.com/business/telecommunications/consumers-see-the-benefits-of-mobile-20150927-gjvsmp", "ord_in_thread": 0, "title": "Consumers see the benefits of mobile", "locations": [], "entities": {"persons": [], "locations": [], "organizations": []}, "highlightText": "", "language": "english", "persons": [], "text": "The increase in competition from Apple's iPhone 6s launch nor the dampening economy will hurt the mobile market, some experts say. Nick Moir Share on twitter by David Ramli Australia's demand for mobile services will grow despite falls in consumer confidence and a flagging national economy, according to telecommunications industry executives and analysts.\nTelstra has relied on the explosive popularity of its mobile services over the past few years to offset the falling level of cash it makes from older products like home-line phone calls.\nConsumer confidence softens Continuing falls in consumer confidence and the launch of Apple's new iPhone 6s smartphone last week have refocused attention on whether rising competition will dent the ability of mobile providers like Telstra to continue growing their profits and revenue.\nBut Bank of America Merrill Lynch research analyst Sameer Chopra told Fairfax Media that rising demand for mobile services showed that all of Australia's mobile providers could get a win.\n\"The mobile industry grew at 11.5 per cent year-on-year in the first half of 2015, which is the best growth rate in over the decade,\" he said. \"Data usage is doubling and could accelerate further, which gives customers an incentive to spin up to higher value plans.\n\"The Australian telecoms sector is immune from the economy with churn levels compressed and average revenues per user trending up.\"\nRetail players like Myer have faced pressure in recent months as consumer confidence continues to soften, resulting in Australians being less willing to spend money.\n But Vodafone Australia's chief executive Inaki Berroeta said last month he did not expect this to affect the telecommunications market.\n\"We don't see the softening at all,\" he said. \"Our churn level [the number of customers who leave the telco] has gone down by 3 per cent.\n\"Usually in economies that are going through trouble you see churn go up significantly and we haven't seen that … and customer in-flows are good.\"\nTelstra still dominant Telstra remains Australia's dominant mobile player with 16.7 million subscribers compared to Optus' 9.38 million and Vodafone Hutchison Australia's 5.25 million. Many senior analysts have warned that Telstra's market share is set to slip as its rivals ramp up the competitive pressure.\nBut BAML's Mr Chopra said the more important sign of a healthy mobile division was its growth in revenues and not its place in the general market.\n\"In this environment absolute revenue growth is most important rather than relevant market share,\" he said. \"Australia revenue growth currently is top decile globally and comparable with the best emerging markets.\n\"You're not going to get this kind of top-line growth in other markets.\"\nHowever, Deutsche Bank research analyst Craig Wong-Pan had a less rosy forecast for Australia's biggest phone and internet provider. He predicted Telstra would continue to grow its pool of mobile subscribers but added that the market faced a challenging future.\n\"While the mobile market is currently growing at 5 per cent we expect growth slowing to 1-2 per cent from increased price competition,\" he said. \"We expect Telstra to suffer a 70 basis points (0.7 per cent) mobile market share loss, although we expect the company to continue reporting positive net subscribers.\n\"We expect ongoing competition will maintain pressure on average revenues per user.\"", "external_links": ["https://twitter.com/Davidramli", "http://www.smh.com.au/business/the-economy/consumer-confidence-down-sharply-in-september--westpac-20150909-gjiajp.html"], "published": "2015-09-27T13:45:00.000+03:00", "crawled": "2015-09-27T16:22:09.407+03:00", "highlightTitle": ""}