{"organizations": ["VW"], "uuid": "cfb1b55de73fe1f3b193a5962cd4fdadb1e65a1c", "thread": {"social": {"gplus": {"shares": 0}, "pinterest": {"shares": 0}, "vk": {"shares": 0}, "linkedin": {"shares": 0}, "facebook": {"likes": 0, "shares": 0, "comments": 0}, "stumbledupon": {"shares": 0}}, "site_full": "uk.finance.yahoo.com", "main_image": "https://s1.yimg.com/bt/api/res/1.2/M7vS95b2fvSzHFeFStPk0A--/YXBwaWQ9eW5ld3NfbGVnbztxPTc1O3c9NjAw/http://l.yimg.com/os/mit/media/m/social/images/social_default_logo-1481777.png", "site_section": "https://uk.finance.yahoo.com/news/sector-technology/?format=rss", "section_title": "Technology News - Yahoo! Finance UK", "url": "https://uk.finance.yahoo.com/news/vw-chief-under-pressure-cheating-111728374.html", "country": "GB", "title": "VW chief under pressure as cheating scandal snowballs", "performance_score": 0, "site": "yahoo.com", "participants_count": 0, "title_full": "VW chief under pressure as cheating scandal snowballs", "spam_score": 0.0, "site_type": "news", "published": "2015-09-23T14:17:00.000+03:00", "replies_count": 0, "uuid": "cfb1b55de73fe1f3b193a5962cd4fdadb1e65a1c"}, "author": "", "url": "https://uk.finance.yahoo.com/news/vw-chief-under-pressure-cheating-111728374.html", "ord_in_thread": 0, "title": "VW chief under pressure as cheating scandal snowballs", "locations": [], "entities": {"persons": [], "locations": [], "organizations": []}, "highlightText": "", "language": "english", "persons": [], "text": "Tip : Use comma (,) to separate multiple quotes. Learn more... \nWed, Sep 23, 2015, 12:35 BST - UK Markets close in 3 hrs 55 mins VW chief under pressure as cheating scandal snowballs By Simon Morgan | AFP – 18 minutes ago 127.55 -23.73 \nThe job of Volkswagen (Other OTC: VLKAF - news ) 's chief executive appeared to be on the line Wednesday over a pollution cheating scandal that has sparked a US criminal investigation and worldwide legal action with unfathomable financial consequences for the auto giant. \nVolkswagen's share market nightmare showed the first signs of lifting as its stock steadied a little in early trade in Frankfurt, following a two-day freefall that had axed 35 percent, or 25 billion euros, off the company's market value. By mid morning the shares were up 2.1 percent at 108.50 euros. \nHowever, the world's largest auto manufacturer by sales in the first half of this year still faces a growing tangle of legal threats after it admitted that as many as 11 million of its diesel cars worldwide are equipped with software capable of fooling official pollution tests. \nChief executive Martin Winterkorn's job is now believed to be hanging in the balance, as senior supervisory board members were reportedly meeting to discuss his dismissal. \n- 'Deepest apologies' - \nThe German news agency DPA said the supervisory board's six-member steering committee met late Tuesday, and was scheduled to reconvene again on Wednesday. \nBut no information has emerged about any decisions taken at the talks, DPA said. \nThe regional Hannoversche Allgemeine Zeitung earlier said Winterkorn had lost the confidence of major shareholders. \nAn AFP photographer saw cars with tinted windows entering the Volkswagen headquarters in Wolfsburg in the morning but it was impossible to say whether they were joining the board meeting. \nWinterkorn offered his \"deepest apologies\" over the revelations on Tuesday. \n\"I am infinitely sorry that we have disappointed people's trust. I offer my deepest apologies,\" the 68-year-old executive said in a video statement, promising to be \"ruthless\" in getting to the bottom of the scandal. \n- Software (Xetra: 330400 - news ) turned off controls - \nAccording to the US authorities, VW has admitted that it equipped about 482,000 cars in the United States with sophisticated software that covertly turns off pollution controls when the car is being driven. \nIt (Other OTC: ITGL - news ) turns them on only when it detects that the vehicle is undergoing an emissions test. \nWith the so-called \"defeat device\" deactivated, the car can spew pollutant gases into the air, including nitrogen oxide in amounts as much as 40 times higher than emissions standards, said the US Environmental Protection Agency (EPA). \nThe EPA ,which announced the allegations Friday along with California state authorities, is conducting an investigation that could lead to fines amounting to a maximum of more than $18 billion. \nThe US Department of Justice has also launched a criminal investigation led by its environment and natural resources division, a source told AFP, speaking on condition of anonymity. \nThe California Air Resources Board, too, is investigating Volkswagen's pollution violations. \nNew York Attorney General Eric Schneiderman said he had launched his own probe of Volkswagen and would work on it with prosecutors from other states across the United States. \n- Billions in provisions - \nPrivate law firms are lining up to take on the German company, with a class action suit already being filed by a Seattle law firm. \nVW has halted all diesel vehicles sales in the United States during the investigations. \nThe scale of the exposed deception expanded dramatically Tuesday when Volkswagen said that as many as 11 million diesel vehicles worldwide may have the same \"anomalies\". \nThe full impact on the reputation of Volkswagen, whose parent company also owns brands including Audi (Other OTC: AUDVF - news ) , Skoda and Lamborghini, is hard to measure. \nThe scandal has already hit the share price of other car makers, buffeting international stock markets. \nVolkswagen has set aside 6.5 billion euros ($7.3 billion) in provisions for the third quarter to cover the potential costs of the scandal. \nAuthorities from France to South Korea have said they will investigate. \nWhile the scandal has been restricted to Volkswagen so far, environmental protection groups, particularly in Germany, suspect other car makers may be using similar technology. \n-'Screwed up'- \nThe EPA has said it will screen for defeat devices in other manufacturers' diesel vehicles now on the road, although it declined to identify which brands would be tested. \nGerman Transport Minister Alexander Dobrindt said there was no indication so far that others apart from Volkswagen were involved. \nA commission of inquiry would travel this week to VW Group headquarters in the northern city of Wolfsburg, he added. \nFrance, Britain and other nations have called for a Europe-wide investigation. \nSouth Korean officials summoned VW representatives for explanations on Tuesday, saying tests would be started by \"no later than next month\". \nThe United Nations has described the revelations as \"extremely troubling\". \nThe German company is likely to face tough questioning in the US House of Representatives' energy and commerce committee, which announced plans for a hearing in the coming weeks. \nVolkswagen has promised to be transparent. \n\"Our company was dishonest... in my German words -- we have totally screwed up,\" the chief executive of Volkswagen America, Michael Horn, said at an event in New York late Monday.", "external_links": [], "published": "2015-09-23T14:17:00.000+03:00", "crawled": "2015-09-23T14:37:39.062+03:00", "highlightTitle": ""}