{"organizations": [], "uuid": "d1f8d611ab89a4f8f7a760b1b7a862e0d04e9b6b", "thread": {"social": {"gplus": {"shares": 0}, "pinterest": {"shares": 0}, "vk": {"shares": 0}, "linkedin": {"shares": 0}, "facebook": {"likes": 0, "shares": 0, "comments": 0}, "stumbledupon": {"shares": 0}}, "site_full": "www.deccanherald.com", "main_image": "http://www.deccanherald.com/page_images/original/2015/09/30/503729.gif", "site_section": "http://www.deccanherald.com/", "section_title": "Deccan Herald: Latest News, Nation, World, Business, Technology, Karnataka News &amp; Headlines", "url": "http://www.deccanherald.com/content/503729/india-reduce-electronic-tourist-visa.html", "country": "US", "title": "India to reduce Electronic Tourist Visa fee", "performance_score": 0, "site": "deccanherald.com", "participants_count": 2, "title_full": "India to reduce Electronic Tourist Visa fee", "spam_score": 0.0, "site_type": "news", "published": "2015-09-30T03:00:00.000+03:00", "replies_count": 1, "uuid": "edf63df31a8b1f8dfd79ffe1dea23ca7574b2fc3"}, "author": "New Delhi", "url": "http://www.deccanherald.com/content/503729/india-reduce-electronic-tourist-visa.html#post-0", "ord_in_thread": 0, "title": "India to reduce Electronic Tourist Visa fee", "locations": [], "entities": {"persons": [], "locations": [], "organizations": []}, "highlightText": "", "language": "english", "persons": [], "text": "India to reduce Electronic Tourist Visa fee New Delhi, Sep 30, 2015 (PTI) India has decided to reduce visa fees for tourists arriving under the highly successful Electronic Tourist Visa (ETV) scheme which has facilitated an almost 900 per cent jump in tourist arrivals.\nIndia's fee for ETV is USD 60 and the facility extends to 113 countries.\nHowever, there are many countries which offer ETV or Visa on Arrival to Indians at a lesser fee — some offer it at USD 20, USD 35 or USD 40 and a few charge no visa fee.\nMany of these countries are asking India to reciprocate the gesture.\nThough a formal announcement is yet to be made, it is learnt that there will be total four fee slabs between USD 60 to nil. The fee for ETV will completely be on reciprocal basis.\n\"We are planning to make the visa fee in four slabs. USD 20, USD 48, USD 60 and no visa fee will be levied from some countries. We have sent the proposal to the External Affairs Ministry for final approval,\" a Home Ministry official said.\nThe ETV fees were rationalised following the request of those friendly countries.\nUnder the ETV scheme, an applicant receives an email authorising him or her to travel to India after it is approved and he or she can travel with a print-out of this authorisation.\nOn arrival, the visitor has to present the authorisation to the immigration authorities who would then stamp the entry into the country.\nIndia currently offers ETV facility to citizens of 113 countries and it plans to raise it to 150 countries by March 31, 2016. Tourists can arrive in 16 designated airports across the country.\nAccording to an official estimate, a total of 1,69,976 tourists arrived on E-Tourist Visa during January-August this year as compared to 17,120 during the corresponding period in 2014, showing a growth of 892.9 per cent.\nMaximum tourists from the US (25.93 per cent) availed the e-visa facility followed by Germany (10 per cent), UAE (8.92 per cent), France (8.76 per cent), Australia (7.20 per cent) and Canada (6.39 per cent) among the top 10 source countries.", "external_links": ["http://web.ventunotech.com/plugins/cntplayer/ventuno_editorial_player.js"], "published": "2015-09-30T03:00:00.000+03:00", "crawled": "2015-09-30T18:37:43.156+03:00", "highlightTitle": ""}