{"organizations": [], "uuid": "9cd05c20ec2c0538a72e5a45bf73b01d38b93215", "thread": {"social": {"gplus": {"shares": 0}, "pinterest": {"shares": 0}, "vk": {"shares": 0}, "linkedin": {"shares": 0}, "facebook": {"likes": 0, "shares": 0, "comments": 0}, "stumbledupon": {"shares": 0}}, "site_full": "www.freshnews.com", "main_image": "", "site_section": "http://freshnews.com/news/technology/feed", "section_title": "FreshNews.com - Technology News", "url": "http://www.freshnews.com/news/1130427/global-digital-signature-market-outlook-2014-2022-", "country": "US", "title": "Global Digital Signature Market Outlook (2014-2022)", "performance_score": 0, "site": "freshnews.com", "participants_count": 1, "title_full": "Global Digital Signature Market Outlook (2014-2022)", "spam_score": 0.0, "site_type": "news", "published": "2015-09-22T02:20:00.000+03:00", "replies_count": 0, "uuid": "9cd05c20ec2c0538a72e5a45bf73b01d38b93215"}, "author": "admin", "url": "http://www.freshnews.com/news/1130427/global-digital-signature-market-outlook-2014-2022-", "ord_in_thread": 0, "title": "Global Digital Signature Market Outlook (2014-2022)", "locations": [], "entities": {"persons": [], "locations": [], "organizations": []}, "highlightText": "", "language": "english", "persons": [], "text": "Submitted by admin on 9/21/2015 @ 4:20 PM   ReportLinker \nNEW YORK, Sept. 21, 2015 /PRNewswire/ -- The Global Digital Signature market accounted for $15.72 billion in 2014 with CAGR of 6.17% and is expected to reach $25.37 billion by 2022. Digital Signature market is expected to drive the market over next decade due to expected growth in demand for the digital signage in advertisement market. Growth of Commercial Display and OLED Displays are the some of influencing factors for growth of the market. However Lack of awareness is hampering the growth of Digital Signature market. The growth of the market lies in Emerging Technologies, Demand for Signature in government, retail and hospitality. \nGlobal Digital Signature market is segmented by Technology, by Type, by Applicationand by Geography. Based on Technology, market is segmented into LCD, LED and Front Projection. Based on Type, market is segregated into Hardware, Software and services. Based on Applications, Digital Signature market is classified into Industrial, Healthcare, Education, Commercial, Institutional and Transportation. Digital Signature market by geography is segmented into North America, Europe, Asia Pacific and Rest of the World. North America has the largest market for Digital Signature market and expected to continue till 2022 with the major market share. \nThe Key players in the market include Samsung Electronics Co., Ltd., Sony Corporation, Sharp Corporation, LG Display Co., Ltd., Panasonic Corporation, Adflow Networks, AU Optronics Corp., Planar Systems, Inc. and NEC Display Solutions. \nWhat our report offers: - Market share assessments for the regional and country level segments- Market share analysis of the top industry players - Strategic recommendations for the new entrants- Market forecasts for a minimum of 8 years of all the mentioned segments, sub segments and the regional markets- Market Trends (Drivers, Constraints, Opportunities, Threats, Challenges, Investment Opportunities, and recommendations)- Strategic recommendations in key business segments based on the market estimations- Competitive landscaping mapping the key common trends- Company profiling with detailed strategies, financials, and recent developments- Supply chain trends mapping the latest technological advancements Read the full report: http://www.reportlinker.com/p03262778-summary/view-report.html \nAbout Reportlinker ReportLinker is an award-winning market research solution that finds, filters and organizes the latest industry data so you get all the market research you need - instantly, in one place.", "external_links": [], "published": "2015-09-22T02:20:00.000+03:00", "crawled": "2015-09-22T06:29:42.860+03:00", "highlightTitle": ""}