{"organizations": [], "uuid": "6baece35e8800dc7131d9a400fcf683d979542c9", "thread": {"social": {"gplus": {"shares": 0}, "pinterest": {"shares": 0}, "vk": {"shares": 0}, "linkedin": {"shares": 0}, "facebook": {"likes": 0, "shares": 0, "comments": 0}, "stumbledupon": {"shares": 0}}, "site_full": "www.freshnews.com", "main_image": "", "site_section": "http://freshnews.com//news/technology/feed", "section_title": "FreshNews.com - Technology News", "url": "http://www.freshnews.com/news/1132521/source-photonics-demonstrates-cwdm-qsfp28-single-mode-transceiver-2015-ecoc-show-spain", "country": "US", "title": "Source Photonics Demonstrates the CWDM QSFP28 Single-Mode Transceiver at the 2015 ECOC Show in Spain", "performance_score": 0, "site": "freshnews.com", "participants_count": 1, "title_full": "Source Photonics Demonstrates the CWDM QSFP28 Single-Mode Transceiver at the 2015 ECOC Show in Spain", "spam_score": 0.0, "site_type": "news", "published": "2015-09-28T01:01:00.000+03:00", "replies_count": 0, "uuid": "6baece35e8800dc7131d9a400fcf683d979542c9"}, "author": "admin", "url": "http://www.freshnews.com/news/1132521/source-photonics-demonstrates-cwdm-qsfp28-single-mode-transceiver-2015-ecoc-show-spain", "ord_in_thread": 0, "title": "Source Photonics Demonstrates the CWDM QSFP28 Single-Mode Transceiver at the 2015 ECOC Show in Spain", "locations": [], "entities": {"persons": [], "locations": [], "organizations": []}, "highlightText": "", "language": "english", "persons": [], "text": "Submitted by admin on 9/27/2015 @ 3:01 PM   Source Photonics \nWEST HILLS, Calif. -- (BUSINESS WIRE) -- Source Photonics today announced demonstration of the CWDM QSFP28 single-mode transceiver operating in a 10km link at the 2015 ECOC show in Feria Valencia, Spain. The 3.5W QSFP28 transceiver is compliant to both the CWDM4 and CLR4 specifications and follows the production release and general availability of the first to market Source Photonics QSFP28 LR4 and LR4 Lite announced earlier this year. Featuring proprietary low power EML-based technology, the QSFP28 operates to 10km, allowing a link budget of 6.3dB while not requiring FEC. The longer reach and higher link budget capability will enable the transceiver to be used in otherwise dispersion limited environments and provide additional flexibility to deploy longer fiber routing inside the datacenter on the CWDM grid. \nSource Photonics has designed the new CWDM4/CLR4 QSFP28 product on the same product and manufacturing platform as the LR4 and LR4 Lite versions, enabling rapid manufacturing ramp and leveraging existing manufacturing assets. With availability of the QSFP28 CWDM4/CLR4, LR4, LR4 Lite and CFP4 LR4/OTU4, Source Photonics can offer a complete suite of single-mode 100G solutions for inside datacenter, datacenter interconnect, routing, and client side transport applications. \nFor more information about this product, please visit our booth number 302 on September 28-30, 2015 at the ECOC show in Feria Valencia in Spain. \nAbout Source Photonics \nSource Photonics is a leading global provider of innovative and reliable technology that enables communications and data connectivity, in next-generation mobile and fixed-line access networks, in metro networks, and in data centers. We invent next-generation solutions to provide data centers with low power, high data rate technology to meet the demands of the rapidly growing cloud data industry. Source Photonics is headquartered in West Hills, California, USA with manufacturing facilities, R&D, and Sales offices worldwide. For additional information, please visit our website at www.sourcephotonics.com . View source version on businesswire.com: http://www.businesswire.com/news/home/20150927005097/en/ Copyright © Business Wire 2015", "external_links": [], "published": "2015-09-28T01:01:00.000+03:00", "crawled": "2015-09-28T02:01:49.431+03:00", "highlightTitle": ""}