{"organizations": [], "uuid": "91deef55ffee9e5dd9b33d24e5df554e964e9b93", "thread": {"social": {"gplus": {"shares": 0}, "pinterest": {"shares": 0}, "vk": {"shares": 0}, "linkedin": {"shares": 0}, "facebook": {"likes": 0, "shares": 0, "comments": 0}, "stumbledupon": {"shares": 0}}, "site_full": "www.bdlive.co.za", "main_image": "http://www.bdlive.co.za/incoming/2014/06/03/newspaper-editorial-finance-xxx/ALTERNATES/crop_100x100/Newspaper+editorial+finance+xxx", "site_section": "http://www.bdlive.co.za/business/technology", "section_title": "Telecoms &amp; Technology | BDlive ", "url": "http://www.bdlive.co.za/opinion/letters/2015/09/28/letter-leons-waste-of-space", "country": "ZA", "title": "LETTER: Leon’s waste of space | Letters", "performance_score": 0, "site": "bdlive.co.za", "participants_count": 1, "title_full": "LETTER: Leon’s waste of space | Letters | BDlive", "spam_score": 0.0, "site_type": "news", "published": "2015-09-28T13:00:00.000+03:00", "replies_count": 0, "uuid": "91deef55ffee9e5dd9b33d24e5df554e964e9b93"}, "author": "bdlive.co.za", "url": "http://www.bdlive.co.za/opinion/letters/2015/09/28/letter-leons-waste-of-space", "ord_in_thread": 0, "title": "LETTER: Leon’s waste of space | Letters", "locations": [], "entities": {"persons": [], "locations": [], "organizations": []}, "highlightText": "", "language": "english", "persons": [], "text": "Picture: THINKSTOCK Related articles Springboks’ loss emblematic of a wider downward spiral LETTER: Zuma as monarch TONY Leon takes up most of a page arguing a non sequitur ( Springboks’ loss emblematic of a wider downward spiral , September 23). Question: Why did the Springboks do so badly against Japan? Answer: The black government is so bad.\nWhat a waste of valuable newspaper space. And whatever happened to the age-old liberal principle of taking responsibility? Or is it just too hard to admit that this country cannot depend on only a tiny segment of its population?\nXolela Mangcu\nCape Town", "external_links": [], "published": "2015-09-28T13:00:00.000+03:00", "crawled": "2015-09-28T15:12:10.531+03:00", "highlightTitle": ""}