{"organizations": [], "uuid": "9b07ce1bbbecbf6d4e76452fa080875b13575c6c", "thread": {"social": {"gplus": {"shares": 0}, "pinterest": {"shares": 0}, "vk": {"shares": 0}, "linkedin": {"shares": 0}, "facebook": {"likes": 0, "shares": 0, "comments": 0}, "stumbledupon": {"shares": 0}}, "site_full": "newsr.in", "main_image": "http://cdn.newsserve.net/newsR256.jpg", "site_section": "http://newsr.in/latest/Technology.htm", "section_title": "Technology: newsR", "url": "http://newsr.in/n/Technology/75589k354/Facebook-Twitter-Instagram-are-the-new-neighborhoods-of.htm", "country": "US", "title": "Facebook, Twitter, Instagram, are the new neighborhoods of our new world: PM Narendra Modi", "performance_score": 0, "site": "newsr.in", "participants_count": 1, "title_full": "Facebook, Twitter, Instagram, are the new neighborhoods of our new world: PM Narendra Modi - newsR", "spam_score": 0.0, "site_type": "news", "published": "2015-09-27T03:00:00.000+03:00", "replies_count": 0, "uuid": "9b07ce1bbbecbf6d4e76452fa080875b13575c6c"}, "author": "newsr.in", "url": "http://newsr.in/n/Technology/75589k354/Facebook-Twitter-Instagram-are-the-new-neighborhoods-of.htm", "ord_in_thread": 0, "title": "Facebook, Twitter, Instagram, are the new neighborhoods of our new world: PM Narendra Modi", "locations": [], "entities": {"persons": [], "locations": [], "organizations": []}, "highlightText": "", "language": "english", "persons": [], "text": "Prime Minister Narendra Modi couldn’t have secured a better endorsement for his “Digital India” initiative, as chief executives of some of the top global tech firms like Apple, Google, Microsoft and Qualcomm announced significant plans for India. This was during the prime minister’s meetings with Apple chief executive Tim Cook, MicroSoft’s Satya Nadella, Google’s Sundar Pichai, Qualcomm’s Paul Jacobs, Cisco’s John Chambers, Adobe’s Shantanu Narayen and TiE’s Venk Shukla. They also joined him later for “Digital India” dinner. “I see technology as a means to empower and as a tool that bridges the distance between hope and opportunity,” Modi said at the dinner engagement to conclude what was a packed day here, having arrived in the morning from New York. ”Social »", "external_links": [], "published": "2015-09-27T03:00:00.000+03:00", "crawled": "2015-09-27T07:45:41.463+03:00", "highlightTitle": ""}