{"organizations": [], "uuid": "6938877960e3b71d16bb5159211471ce298af73a", "thread": {"social": {"gplus": {"shares": 0}, "pinterest": {"shares": 0}, "vk": {"shares": 0}, "linkedin": {"shares": 0}, "facebook": {"likes": 0, "shares": 0, "comments": 0}, "stumbledupon": {"shares": 0}}, "site_full": "www.freshnews.com", "main_image": "", "site_section": "http://freshnews.com//news/technology/feed", "section_title": "FreshNews.com - Technology News", "url": "http://www.freshnews.com/news/1133049/cypress-comments-market-rumors-regarding-atmel", "country": "US", "title": "Cypress Comments on Market Rumors Regarding Atmel", "performance_score": 0, "site": "freshnews.com", "participants_count": 1, "title_full": "Cypress Comments on Market Rumors Regarding Atmel", "spam_score": 0.0, "site_type": "news", "published": "2015-09-28T19:30:00.000+03:00", "replies_count": 0, "uuid": "6938877960e3b71d16bb5159211471ce298af73a"}, "author": "admin", "url": "http://www.freshnews.com/news/1133049/cypress-comments-market-rumors-regarding-atmel", "ord_in_thread": 0, "title": "Cypress Comments on Market Rumors Regarding Atmel", "locations": [], "entities": {"persons": [], "locations": [], "organizations": []}, "highlightText": "", "language": "english", "persons": [], "text": "Companies mentioned in this article: Cypress Semiconductor Corp. \nSAN JOSE, Calif., Sept. 28, 2015 /PRNewswire/ -- Cypress Semiconductor Corp. (NASDAQ: CY) today issued the following statement in response to recent market rumors regarding Atmel Corporation (NASDAQ: ATML). \nCypress previously submitted an offer to the Board of Directors of Atmel to acquire Atmel. That offer expired and Cypress has withdrawn its interest in an acquisition of Atmel. Cypress regularly evaluates acquisition opportunities to complement its existing business, and maintains a disciplined approach to ensure that it continues to deliver long-term value to its shareholders. \nAbout Cypress \nCypress (NASDAQ: CY) delivers high-performance, high-quality solutions at the heart of today's most advanced embedded systems, from automotive, industrial and networking platforms to highly interactive consumer and mobile devices. With a broad, differentiated product portfolio that includes NOR flash memories, F-RAM(TM) and SRAM, Traveo(TM) microcontrollers, the industry's only PSoC(®) programmable system-on-chip solutions, analog and PMIC Power Management ICs, CapSense(®) capacitive touch-sensing controllers, and Wireless BLE Bluetooth Low-Energy and USB connectivity solutions, Cypress is committed to providing its customers worldwide with consistent innovation, best-in-class support and exceptional system value. To learn more, go to www.cypress.com . \nForward-Looking Statements \nStatements herein that are not historical facts and that refer to Cypress or its subsidiaries' plans and expectations for the future are forward-looking statements made pursuant to the Private Securities Litigation Reform Act of 1995. We may use words such as \"may,\" \"will,\" \"should,\" \"expect,\" \"plan,\" \"intend,\" \"anticipate,\" \"believe,\" \"estimate,\" \"predict,\" \"potential,\" \"continue\" or other wording indicating future results or expectations to identify such forward-looking statements that include, but are not limited to, statements related to our current or future acquisition plans and strategy. Such statements reflect our current expectations, which are based on information and data available to our management as of the date of this release. Our actual results may differ materially due to a variety of uncertainties and risk factors, including, but not limited to, the state of and future of the global economy, business conditions, acquisition and growth trends in the semiconductor market and other risks described in Item 1A., \"Risk Factors,\" in Cypress's Annual Report on Form 10-K for the fiscal year ended December 28, 2014, Cypress's Quarterly Report on Form 10-Q for the quarter ended June 28, 2015, and our other filings with the Securities and Exchange Commission. We assume no responsibility to update any such forward-looking statements. \nCypress, the Cypress logo, PSoC and CapSense are registered trademarks and PSoC Creator, F-RAM and Traveo are trademarks of Cypress Semiconductor Corp. All other trademarks are property of their owners. \nTo view the original version on PR Newswire, visit: http://www.prnewswire.com/news-releases/cypress-comments-on-market-rumors-regarding-atmel-300149924.html \nSOURCE Cypress Semiconductor Corp.", "external_links": [], "published": "2015-09-28T19:30:00.000+03:00", "crawled": "2015-09-28T20:48:26.616+03:00", "highlightTitle": ""}