{"organizations": [], "uuid": "c5d7a79fdfa8932b987e79a2a0fcb8815a162e6a", "thread": {"social": {"gplus": {"shares": 0}, "pinterest": {"shares": 0}, "vk": {"shares": 0}, "linkedin": {"shares": 0}, "facebook": {"likes": 0, "shares": 0, "comments": 0}, "stumbledupon": {"shares": 0}}, "site_full": "www.freshnews.com", "main_image": "", "site_section": "http://freshnews.com//news/technology/feed", "section_title": "FreshNews.com - Technology News", "url": "http://www.freshnews.com/news/1134677/social-gaming-market-apac-region-2015-2019-reportlinker-review", "country": "US", "title": "Social Gaming Market in the APAC Region 2015-2019 - Reportlinker Review", "performance_score": 0, "site": "freshnews.com", "participants_count": 1, "title_full": "Social Gaming Market in the APAC Region 2015-2019 - Reportlinker Review", "spam_score": 0.0, "site_type": "news", "published": "2015-09-30T19:56:00.000+03:00", "replies_count": 0, "uuid": "c5d7a79fdfa8932b987e79a2a0fcb8815a162e6a"}, "author": "admin", "url": "http://www.freshnews.com/news/1134677/social-gaming-market-apac-region-2015-2019-reportlinker-review", "ord_in_thread": 0, "title": "Social Gaming Market in the APAC Region 2015-2019 - Reportlinker Review", "locations": [], "entities": {"persons": [], "locations": [], "organizations": []}, "highlightText": "", "language": "english", "persons": [], "text": "Submitted by admin on 9/30/2015 @ 9:56 AM   ReportLinker \nNEW YORK, Sept. 30, 2015 /PRNewswire/ -- About social gamingSocial gaming is the activity of playing games on social media platforms, networking sites, or within social media applications. It gained popularity when the social networking major Facebook and Zynga collaborated in 2009 to offer Farmville on the social networking site. Following the success of Farmville on Facebook, social gaming became popular worldwide.Technavio's analysts forecast the social gaming market in APAC to grow at a CAGR of 10.12% over the period 2014-2019. Covered in this Report This report covers the present scenario and the growth prospects of the social gaming market in APAC for the period 2015-2019. To calculate the market size, the report considers revenue generated from the sales of social games, virtual goods, and game apps from gaming and social media sites. It also presents the vendor landscape and a corresponding detailed analysis of the top six vendors in the market.Technavio's report, Social Gaming Market in APAC 2015-2019, has been prepared based on an in-depth market analysis with inputs from industry experts. It also discusses the key leading countries in the market along with various growth prospects and restraints. Key Vendors", "external_links": [], "published": "2015-09-30T19:56:00.000+03:00", "crawled": "2015-09-30T20:39:24.582+03:00", "highlightTitle": ""}