{"organizations": [], "uuid": "20101c7efdaa89b190d67c6c61c570f5a641e06d", "thread": {"social": {"gplus": {"shares": 0}, "pinterest": {"shares": 0}, "vk": {"shares": 0}, "linkedin": {"shares": 0}, "facebook": {"likes": 0, "shares": 0, "comments": 0}, "stumbledupon": {"shares": 0}}, "site_full": "www.foodprocessing-technology.com", "main_image": "", "site_section": "http://www.foodprocessing-technology.com/news-atom.xml", "section_title": "Food Processing Technology-Updates", "url": "http://www.foodprocessing-technology.com/news/newsuks-cap-to-launch-public-consultation-on-junk-food-promotion-ban-4682103", "country": "", "title": "UK’s CAP to launch public consultation on junk food promotion ban", "performance_score": 0, "site": "foodprocessing-technology.com", "participants_count": 0, "title_full": "UK’s CAP to launch public consultation on junk food promotion ban", "spam_score": 0.0, "site_type": "news", "published": "2015-09-30T02:00:00.000+03:00", "replies_count": 0, "uuid": "20101c7efdaa89b190d67c6c61c570f5a641e06d"}, "author": "", "url": "http://www.foodprocessing-technology.com/news/newsuks-cap-to-launch-public-consultation-on-junk-food-promotion-ban-4682103", "ord_in_thread": 0, "title": "UK’s CAP to launch public consultation on junk food promotion ban", "locations": ["UK"], "entities": {"persons": [], "locations": [], "organizations": []}, "highlightText": "", "language": "english", "persons": [], "text": "UK’s CAP to launch public consultation on junk food promotion ban 30 September 2015 Print Email \nThe Committee of Advertising Practice (CAP), a body that is responsible for setting advertising rules in the UK, plans to launch a public consultation to review whether a ban should be imposed on the promotion of junk food to children over various mediums, such as online advertising, publications, and billboards. \nThe panel intends to launch the consultation in early 2016. \nIt is exploring the feasibility of imposing tighter regulations on foods and drinks high in fat, salt and sugar. \nJunk food is associated with obesity, and researches show that one in three children in primary school are overweight or obese in the UK. \nCAP was quoted by the Guardian as saying: \"CAP's decision to carry out a public consultation responds, in part, to changes in children's media habits and evolving advertising techniques. \n\"CAP will ask a broad range of stakeholders whether a change of approach is now needed; an approach that would introduce for the first time in the non-broadcast code, rules dedicated to the targeting of advertising, to children, of food and soft drinks high in fat, salt or sugar.\" \nAs per the current CAP rules, ads on food and soft drinks must not promote poor nutritional habits in children. \"CAP will ask a broad range of stakeholders whether a change of approach is now needed.\" \nFurther, use of celebrities and cartoon characters are banned from junk food advertisements targeting young people. \nIn 2006, Ofcom, the broadcasting regulator, created stringent rules on advertisements aired on channels and programmes targeting children below 16-years-old. \nImage: Junk foods are associated with obesity. Photo: Courtesy of Evan-Amos/Wikipedia. Follow Us:", "external_links": [], "published": "2015-09-30T02:00:00.000+03:00", "crawled": "2015-09-30T18:29:19.054+03:00", "highlightTitle": ""}