{"organizations": [], "uuid": "078784b8a878551875bcac85efd3287bcd4775f8", "thread": {"social": {"gplus": {"shares": 0}, "pinterest": {"shares": 0}, "vk": {"shares": 0}, "linkedin": {"shares": 0}, "facebook": {"likes": 0, "shares": 0, "comments": 0}, "stumbledupon": {"shares": 0}}, "site_full": "www.pr.com", "main_image": "", "site_section": "http://www.pr.com/news-by-category/189", "section_title": "Technology: Software Press Releases and News - PR.com", "url": "http://www.pr.com/press-release/634866", "country": "US", "title": "The Future of Email Marketing Software is Here with OfficialEmailMarketing.com", "performance_score": 0, "site": "pr.com", "participants_count": 1, "title_full": "The Future of Email Marketing Software is Here with OfficialEmailMarketing.com - PR.com", "spam_score": 0.0, "site_type": "news", "published": "2015-08-28T03:00:00.000+03:00", "replies_count": 0, "uuid": "078784b8a878551875bcac85efd3287bcd4775f8"}, "author": "PR.com", "url": "http://www.pr.com/press-release/634866", "ord_in_thread": 0, "title": "The Future of Email Marketing Software is Here with OfficialEmailMarketing.com", "locations": [], "entities": {"persons": [], "locations": [], "organizations": []}, "highlightText": "", "language": "english", "persons": [], "text": "The Future of Email Marketing Software is Here with OfficialEmailMarketing.com\nNew software is web based with nothing to download or install. Log into the software from anywhere in the world, manage, send and monitor your email marketing campaigns with full statistics and reporting.\nKelowna, Canada, August 28, 2015 --( PR.com )-- OfficialEmailMarketing.com is excited to announce Official Email Marketing Software is 100% web based and nothing is sent from your computer system, or IP address. The OfficialEmailMarketing.com Email Marketing Software here http://www.officialemailmarketing.com/bulk-email-software allows for the user to upload an unlimited number of email lists and queue them for sending. The email marketing software also allows a user to manage and create email newsletters from numerous templates. Features of the software include change edit email sending speed, set campaigns to start sending at a specific time, add more IPs, and domains for rotation during sending, easy to use message editor, more. A demo of the software can also be found on the website http://www.officialemailmarketing.com/bulk-email-software.\nThe new software is web based, nothing to download or install. Log into the software from anywhere in the world, manage and send, monitor your email marketing campaigns with full statistics and reporting. The email marketing campaigns do not send from your internet connection or email account.\nOfficialEmailMarketing.com has developed a uniquely creative web-based email marketing software system with a truly professional setup that provides each subscriber with their own dedicated IP addresses and additional domain names for rotating while sending. Incredible software features like spam checker, opener and clicker lists auto-generate, full graph views, and email templates ensure that businesses can reach their entire network and get results with updated email newsletter designs. Additional features like dedicated servers, rate limiting, spam check before sending, Google analytics, statistics tracking, sending thread control, IP rotation and much more. It’s no wonder this young company OfficialEmailMarketing.com is quickly becoming an industry leader in high volume email marketing software services.\nOfficialEmailMarketing.com software is web based with nothing to download nothing to install. Log into the web based email marketing software from anywhere in the world. Manage, send, monitor, with full statistics and reporting.\nAbout OfficialEmailMaketing.com: Operating from the company headquarters at Kelowna, BC, Canada, OfficialEmailMarketing.com was founded in March 2010 and have grown as one of the premier online companies for email marketing services with high quality lists at affordable prices. It allowed the company to keep long-term clients and maintain a positive relationship with every customer that purchases and use the company’s services. Email marketing is the only type of marketing that allows clients keep your marketing tools and build growing database of customers a feature that adds tremendous value to our clients’ marketing capabilities.\nMore information about OfficialEmailMarketing.com and email marketing is available at: http://www.officialemailmarketing.com", "external_links": ["http://www.officialemailmarketing.com/bulk-email-software.", "http://www.officialemailmarketing.com/bulk-email-software"], "published": "2015-08-28T03:00:00.000+03:00", "crawled": "2015-09-04T10:06:09.252+03:00", "highlightTitle": ""}