{"organizations": [], "uuid": "6879c892d32f89d280850866bc69eff5943781f4", "thread": {"social": {"gplus": {"shares": 0}, "pinterest": {"shares": 0}, "vk": {"shares": 0}, "linkedin": {"shares": 0}, "facebook": {"likes": 0, "shares": 0, "comments": 0}, "stumbledupon": {"shares": 0}}, "site_full": "www.bloomberg.com", "main_image": "undefined", "site_section": "http://www.bloomberg.com/technology", "section_title": "Technology - Bloomberg Business", "url": "http://www.bloomberg.com/news/articles/2015-09-30/mediatek-software-kits-help-iphones-link-with-home-appliances", "country": "US", "title": "MediaTek Software Kits Help IPhones Link With Home Appliances", "performance_score": 0, "site": "bloomberg.com", "participants_count": 1, "title_full": "MediaTek Software Kits Help IPhones Link With Home Appliances - Bloomberg Business", "spam_score": 0.0, "site_type": "news", "published": "2015-09-30T16:00:00.000+03:00", "replies_count": 0, "uuid": "6879c892d32f89d280850866bc69eff5943781f4"}, "author": "Tim Culpan", "url": "http://www.bloomberg.com/news/articles/2015-09-30/mediatek-software-kits-help-iphones-link-with-home-appliances", "ord_in_thread": 0, "title": "MediaTek Software Kits Help IPhones Link With Home Appliances", "locations": [], "entities": {"persons": [], "locations": [], "organizations": []}, "highlightText": "", "language": "english", "persons": [], "text": "MediaTek Inc. released software tools to help make home appliances and garage doors controllable through Apple Inc.’s iPhones as the chipmaker taps the burgeoning market for Internet-connected homes.\nDevelopment kits for Apple’s HomeKit platform will help electronics makers integrate MediaTek processors into their smart appliances, the Taiwanese company said in a statement Wednesday.\nMediaTek, which competes with Qualcomm Inc. to supply the chips that power smartphones, is facing declining sales amid a weakening mobile device market and stiffer competition. MediaTek’s plans for broadening its revenue base include a bid for Taiwanese chip designer Richtek Technology Corp. and investments in companies such as People Power Co. that focus on the so-called Internet of Things .\nOnce the world’s largest maker of DVD chips, MediaTek displaced Qualcomm to land orders to supply chips for Amazon.com Inc.’s Fire TV box , which will be released next week.\nApple unveiled HomeKit last year as a platform for iPhones and iPads to connect with accessories in the home, allowing hardware and app developers to turn those mobile devices into controllers of tea kettles, thermostats and even window shades. More than 29 billion devices will be connected to the Internet by 2020 for a total market size of $1.7 trillion, according to researcher IDC.", "external_links": ["https://developer.apple.com/homekit/\\", "http://www.idc.com/getdoc.jsp?containerId=prSG25892015\\", "http://www.amazon.com/exec/obidos/ASIN/B00U3FPN4U", "http://www.peoplepowerco.com/about/\\"], "published": "2015-09-30T16:00:00.000+03:00", "crawled": "2015-09-30T11:35:31.157+03:00", "highlightTitle": ""}