{"organizations": [], "uuid": "48e9946c2558304b815620701e6ad6fb9cfe8b3a", "thread": {"social": {"gplus": {"shares": 0}, "pinterest": {"shares": 0}, "vk": {"shares": 0}, "linkedin": {"shares": 0}, "facebook": {"likes": 0, "shares": 0, "comments": 0}, "stumbledupon": {"shares": 0}}, "site_full": "www.inrumor.com", "main_image": "http://www.inrumor.com/wp-content/uploads/2015/09/Duchess-of-Cambridge41.jpg", "site_section": "http://feeds.feedburner.com/inrumor/YHqb", "section_title": "InRumor.com - All the rumors about lifestyle, celebrities, Hollywood, technology, auto industry and many more!", "url": "http://www.inrumor.com/in/people/kate-middleton%e2%80%99s-care-for-childrens-mental-health-cause-is-deep-and-genuine-ceo-of-anna-freud-centre-says/", "country": "IL", "title": "Kate Middleton’s care for children’s mental health cause is ‘deep and genuine,’ CEO of Anna Freud Centre says", "performance_score": 0, "site": "inrumor.com", "participants_count": 1, "title_full": "Kate Middleton’s care for children’s mental health cause is ‘deep and genuine,’ CEO of Anna Freud Centre says", "spam_score": 0.0, "site_type": "news", "published": "2015-09-27T23:04:00.000+03:00", "replies_count": 0, "uuid": "48e9946c2558304b815620701e6ad6fb9cfe8b3a"}, "author": "contact@inrumor.com", "url": "http://www.inrumor.com/in/people/kate-middleton%e2%80%99s-care-for-childrens-mental-health-cause-is-deep-and-genuine-ceo-of-anna-freud-centre-says/", "ord_in_thread": 0, "title": "Kate Middleton’s care for children’s mental health cause is ‘deep and genuine,’ CEO of Anna Freud Centre says", "locations": [], "entities": {"persons": [], "locations": [], "organizations": []}, "highlightText": "", "language": "english", "persons": [], "text": "Tweet \nThe Duchess of Cambridge, née Kate Middleton, is very involved in supporting the children’s mental health charity. \nThe royal mother-of-two, who recently began her official engagements after her maternity leave ended, visited a children’s mental health treatment charity, the Anna Freud Centre, last week. The Duchess views @AFCevents plans for a new centre of excellence bringing leaders in mental health work together pic.twitter.com/uJMVKgaXv4 \n— Kensington Palace (@KensingtonRoyal) September 17, 2015 HRH takes part in a multi family activity that helps with communication skills and self confidence #AnnaFreudCentre pic.twitter.com/rAWasdXH9t \n— Kensington Palace (@KensingtonRoyal) September 17, 2015 \nAccording to the Centre CEO, Peter Fonagy, who talked with People magazine, Duchess Kate “is this for the long haul.” \n“She is interested in mental health for real – that is to say that her interest is deep and genuine,” he said. \nKate also patrons another children’s mental health charity, called Place2Be, which offers support to children in schools. \nKate’s husband, Prince William, will also be involved in this area after he completes his work as an East Anglian Air Ambulance pilot. \nNext year, the Duke and Duchess of Cambridge are set to tour overseas. The destination has not been announced yet, but reports have suggested that it will be a royal Caribbean tour. \nTheir two adorable children, Princess Charlotte, 4 months, and Prince George, 2, won’t reportedly join them. Spread the rumor", "external_links": [], "published": "2015-09-27T23:04:00.000+03:00", "crawled": "2015-09-28T02:38:38.215+03:00", "highlightTitle": ""}