{"organizations": ["Accelerated Workflow Solutions", "Career Network", "Annual International Society of Hair Restoration Surgery Meeting", "Singapore Immunology Network", "Announce New Services Specifically for Nephrologists", "Algae Research Center", "Ameritox Research Shows Wide Variety of Potential Misuse", "Healthcare Conference", "Sunset Neighborhood Beacon Center", "Schering-Plough", "Sam & Associates Insurance Agency Kicks Off Charity Program", "Morgan Stanley Global Healthcare Conference 2015", "Earthrise Nutritionals, LLC"], "uuid": "f6bcb665e8e335d7d8bc112e62303012e1e86648", "thread": {"social": {"gplus": {"shares": 0}, "pinterest": {"shares": 0}, "vk": {"shares": 0}, "linkedin": {"shares": 0}, "facebook": {"likes": 0, "shares": 0, "comments": 0}, "stumbledupon": {"shares": 0}}, "site_full": "www.bio-medicine.org", "main_image": "", "site_section": "http://feeds.bio-medicine.org/latest-medical-technology", "section_title": "Latest Medical Technology from Bio-Medicine.Org", "url": "http://www.bio-medicine.org/medicine-technology-1/Global-Insulin-Infusion-Pumps-Market-Analysis-2015-2019-48280-1/", "country": "US", "title": "Global Insulin Infusion Pumps Market Analysis 2015-2019", "performance_score": 0, "site": "bio-medicine.org", "participants_count": 0, "title_full": "Global Insulin Infusion Pumps Market Analysis 2015-2019", "spam_score": 0.0, "site_type": "news", "published": "2015-09-23T15:52:00.000+03:00", "replies_count": 0, "uuid": "f6bcb665e8e335d7d8bc112e62303012e1e86648"}, "author": "", "url": "http://www.bio-medicine.org/medicine-technology-1/Global-Insulin-Infusion-Pumps-Market-Analysis-2015-2019-48280-1/", "ord_in_thread": 0, "title": "Global Insulin Infusion Pumps Market Analysis 2015-2019", "locations": ["United States", "San Francisco", "US", "U.S.", "KENILWORTH", "CA", "BALTIMORE", "N.J."], "entities": {"persons": [], "locations": [], "organizations": []}, "highlightText": "", "language": "english", "persons": ["Libelium"], "text": "* Comment: * Email: (Date:9/11/2015)... FRANKLIN LAKES, N.J. , Sept. 11, 2015 /PRNewswire/ ... ), a leading global medical technology company, announced today ... Healthcare Conference 2015 on Thursday, September 17, 2015, at ... of BD,s presentation can be accessed from the BD ... available for replay through Thursday, September 24, 2015. ... (Date:9/11/2015)... , Sept. 11, 2015 Vision ... announced today during the opening of the ... global launch of the SmartGraft™ automated follicular ... towards offering physicians and their patients \"best ... procedures. Photo - ... (Date:9/11/2015)... BALTIMORE , Sept. 11, 2015 Ameritox ... solutions, has released a new clinical research study ... of prescription opioid misuse and abuse sweeping the ... treat behavioral health conditions, and illicit drugs in ... of thousands of patients being treated with opioid ... [ 0 ] BD to Present at the Morgan Stanley Global Healthcare Conference 2015 [ 0 ] Vision Medical Announces The Global Launch Of SmartGraft At The 2015 Annual International Society of Hair Restoration Surgery Meeting [ 0 ] Ameritox Research Shows Wide Variety of Potential Misuse and Abuse of Other Medications and Drugs in Those Prescribed Opioids ... post-surgical pain, with a follow-on,safety extension trial to begin ... (ASX:,QRX) announced today that a number of patients have ... be conducted as part of the Phase III,development program ... pain therapy., The initial clinical trial is a ... ... KENILWORTH, N.J., Nov. 26 Schering-Plough,Corporation (NYSE: ... and Drug,Administration (FDA) recently accepted the filing for ... a fast-dissolving, sublingual tablet.,Schering-Plough is seeking marketing approval ... acute mania or mixed episodes associated with Bipolar ... QRxPharma Doses First Patients in Phase III Clinical Trial Program for its 'Dual Opioid' Pain Therapy Schering-Plough Announces Asenapine NDA Accepted for Filing by the U.S. FDA (Date:9/23/2015)... ,   that they have developed specialized services for nephrologists to help physicians ... their practices. This speech-recognition software literally speaks the language of nephrologists as part ... (Date:9/23/2015)... CA (PRWEB) ,   CA has announced the commencement of a master charity program created to assist ... work closely with nonprofit organizations in the area. Their hope is to bring   software products, was recently named a Cloud partner by Libelium, a global designer ... SensorInsight ® Industrial IoT (IIoT) platform and end-to-end solutions include ... (Date:9/23/2015)... (PRWEB) ,   Vice President       DIC ... edge facility that will capitalize on expertise accumulated through the production of Spirulina* ... from cultivation to practical application. Located on the site of Earthrise Nutritionals, LLC, ... [ 0 ] Accelerated Workflow Solutions, “The Dragon People,” Announce New Services Specifically for Nephrologists [ 0 ] Sam & Associates Insurance Agency Kicks Off Charity Program in San Francisco, CA, and Initiates Campaign in Support of Sunset Neighborhood Beacon Center [ 0 ] Element Blue Named As New Cloud Partner by Libelium to Build the Industrial IoT and Smart Cities   DIC Group Opens DIC/Earthrise Algae Research Center in the United States ... , TUESDAY, April 3 (HealthDay News) -- Cancer survivors need ... as they age, researchers urge. A new study finds ... than cancer, such as heart disease or diabetes. And the ... likely it is that their cause of death will be ... ... , TUESDAY, April 3 (HealthDay News) ... childhood-onset temporal-lobe epilepsy, a new study says. ... partial epilepsy, with about 60 percent of all ... Previous research suggests that people with childhood-onset ... ... earlier than previously thought, and these structural and mechanical ... of high blood pressure. These findings in mice, by ... School of Medicine in the US, are published online ... With age, increasing weight and metabolic disease, the ... ... its new career network to help life scientists discover the ... site includes more ways to connect with Cell Press, network ... functionality, improved navigation, and advanced resources allow for fast viewing ... expanded resume option, the new Career Network serves as a ... ... from Singapore Immunology Network (SIgN) under the Agency of ... class of fatty molecules is essential for activating a ... light on how recognition of fatty molecules by immune ... and cancer. More importantly, it offers new opportunities to ... ... carcinoma of the head and neckwhich typically arises from thin, ... and throatis the sixth most common type of cancer worldwide, ... a high recurrence rate. Recently, the disease has become even ... These statistics underscore the need for a greater understanding of ...", "external_links": [], "published": "2015-09-23T15:52:00.000+03:00", "crawled": "2015-09-23T20:46:23.103+03:00", "highlightTitle": ""}