{"organizations": [], "uuid": "f43ac28d32f8f7b37b736d627de23a4429d30931", "thread": {"social": {"gplus": {"shares": 0}, "pinterest": {"shares": 0}, "vk": {"shares": 0}, "linkedin": {"shares": 0}, "facebook": {"likes": 0, "shares": 0, "comments": 0}, "stumbledupon": {"shares": 0}}, "site_full": "feeds.reuters.com", "main_image": "", "site_section": "http://feeds.reuters.com/reuters/technologysectorNews", "section_title": "Reuters: Technology", "url": "http://feeds.reuters.com/~r/reuters/technologysectorNews/~3/ec1MrSA3R7c/story01.htm", "country": "US", "title": "Primi sui Motori H1 net loss widens to 3.6 million euros", "performance_score": 0, "site": "reuters.com", "participants_count": 1, "title_full": "BRIEF-Primi sui Motori H1 net loss widens to 3.6 million euros | Reuters", "spam_score": 0.0, "site_type": "news", "published": "2015-09-28T10:44:00.000+03:00", "replies_count": 0, "uuid": "f43ac28d32f8f7b37b736d627de23a4429d30931"}, "author": "Reuters", "url": "http://feeds.reuters.com/~r/reuters/technologysectorNews/~3/ec1MrSA3R7c/story01.htm", "ord_in_thread": 0, "title": "Primi sui Motori H1 net loss widens to 3.6 million euros", "locations": [], "entities": {"persons": [], "locations": [], "organizations": []}, "highlightText": "", "language": "english", "persons": [], "text": "Sept 28 Primi sui Motori SpA :\n* Reported on Friday H1 net loss of 3.6 million euros ($4.02 million) versus loss of 1.0 million euros a year ago\n* H1 production value of 4.6 million euros versus 7.9 million euros a year ago\n* Sees that targets included in the FY 2015-2019 industrial plan will experience a delay of 6 months\nSource text for Eikon:\n($1 = 0.8947 euros) (Gdynia Newsroom)", "external_links": [], "published": "2015-09-28T10:44:00.000+03:00", "crawled": "2015-09-28T10:07:11.993+03:00", "highlightTitle": ""}