{"organizations": [], "uuid": "29052f984116056f8f2fa88e7c6a30a02beee5bf", "thread": {"social": {"gplus": {"shares": 0}, "pinterest": {"shares": 0}, "vk": {"shares": 0}, "linkedin": {"shares": 0}, "facebook": {"likes": 0, "shares": 0, "comments": 0}, "stumbledupon": {"shares": 0}}, "site_full": "www.businesswire.com", "main_image": "", "site_section": "http://feed.businesswire.com/rss/home/?rss=G1QFDERJXkJeGVtQXg==", "section_title": "Business Wire Technology: Mobile/Wireless News", "url": "http://www.businesswire.com/news/home/20150922006341/en/Rubicon-Project-Recognized-Top-Scorer-Independent-Quality", "country": "US", "title": "Rubicon Project Again Recognized As Top Scorer In Independent Quality Rankings", "performance_score": 0, "site": "businesswire.com", "participants_count": 0, "title_full": "Rubicon Project Again Recognized As Top Scorer In Independent Quality Rankings", "spam_score": 0.0, "site_type": "news", "published": "2015-09-22T21:20:00.000+03:00", "replies_count": 0, "uuid": "29052f984116056f8f2fa88e7c6a30a02beee5bf"}, "author": "", "url": "http://www.businesswire.com/news/home/20150922006341/en/Rubicon-Project-Recognized-Top-Scorer-Independent-Quality", "ord_in_thread": 0, "title": "Rubicon Project Again Recognized As Top Scorer In Independent Quality Rankings", "locations": [], "entities": {"persons": [], "locations": [], "organizations": []}, "highlightText": "", "language": "english", "persons": [], "text": "Rubicon Project Again Recognized As Top Scorer In Independent Quality Rankings Rubicon Project Only Company to Rank in Top Two for Both Mobile Application and Global Desktop Inventory Quality September 22, 2015 02:20 PM Eastern Daylight Time \nLOS ANGELES--( BUSINESS WIRE )--Rubicon Project (NYSE: RUBI), a global technology leader powering the only independent advertising solution to automate the entire digital advertising ecosystem, today announced that Pixalate’s latest Global Seller Trust Index has yet again recognized Rubicon Project as one of the highest quality global platforms for both mobile and desktop application advertising inventory. \nPixalate unveiled its latest index this month with the announcement of its Mobile Seller Trust Index, which evaluated 125 technology platforms with in-app mobile inventory based on analysis of more than five billion impressions to determine the rankings. Rubicon Project’s mobile application inventory received the index’s highest rating of an “A” in the critical areas of transparency and global reach. The company’s mobile application quality score ranked number 2 overall out of 125 companies, beating out many specialized businesses whose sole focus is mobile. \n“This recognition again highlights the strength and long-term consistency of Rubicon Project’s leadership position and commitment to providing the highest quality advertising marketplace for buyers to reach and engage users on any platform, on any device, with any ad format including mobile and video, anywhere in the world,” said Gregory R. Raifman, President, Rubicon Project. \n\"We are very excited to announce the Mobile Seller Trust Index to help the industry identify the most trustworthy Mobile Ad Platforms to work with,\" said Jalal Nasir, CEO, Pixalate. \"We congratulate Rubicon Project on achieving top tier rankings in both the Global and Mobile Seller Trust Indices.\" \n“Where others have talked about their commitment to quality, Rubicon Project has consistently delivered, taking a stand to invest in creating the very best advertising marketplace of the future,” said Brad Holcenberg, Head of Platform Quality, Rubicon Project. “Our buyers and sellers globally can rest assured that we continue to offer one of the safest and well-lit environments to buy and sell advertising today.” \nThe Global Seller Trust Index is based on Pixalate’s proprietary technology that analyzes more than 100 billion monthly impressions and delivers ratings based upon inventory quality and ad performance, along with classic reach ranking. Global quality ratings are based upon a weighted analysis of overall effectiveness assessing malware, fraud, viewability, engagement, domain masking, and network and inventory scores in compliance with recognized industry standards. \nAbout Rubicon Project \nRubicon Project (NYSE:RUBI) has engineered the Advertising Automation Cloud, one of the largest real-time cloud and Big Data computing systems. The Company's mission is to automate the buying and selling of advertising by offering innovative products to connect buyers and sellers globally. \nwww.RubiconProject.com @RubiconProject #Automation #Excellence #CultureMatters Contacts", "external_links": [], "published": "2015-09-22T21:20:00.000+03:00", "crawled": "2015-09-22T21:48:42.844+03:00", "highlightTitle": ""}