{"organizations": ["Halliburton", "Alibaba", "Micron", "Esperion Therapeutics", "CHICAGO"], "uuid": "b5108e01f691b65fc322e1d10db5b075fa76baca", "thread": {"social": {"gplus": {"shares": 0}, "pinterest": {"shares": 0}, "vk": {"shares": 0}, "linkedin": {"shares": 0}, "facebook": {"likes": 0, "shares": 0, "comments": 0}, "stumbledupon": {"shares": 0}}, "site_full": "science-technology.news-articles.net", "main_image": "", "site_section": "http://science-technology.news-articles.net/content/rss.php", "section_title": "Science and Technology @ News Articles Network", "url": "http://science-technology.news-articles.net/content/critical-alerts-micron-halliburton-esperion-therapeutics-alibaba-lumber-liquidators-released-investorsobserver.xhtml", "country": "US", "title": "Critical Alerts For Micron, Halliburton, Esperion Therapeutics, Alibaba and Lumber Liquidators Released By InvestorsObserver", "performance_score": 0, "site": "news-articles.net", "participants_count": 0, "title_full": "Critical Alerts For Micron, Halliburton, Esperion Therapeutics, Alibaba and Lumber Liquidators Released By InvestorsObserver", "spam_score": 0.0, "site_type": "news", "published": "2015-09-23T21:04:00.000+03:00", "replies_count": 0, "uuid": "b5108e01f691b65fc322e1d10db5b075fa76baca"}, "author": "", "url": "http://science-technology.news-articles.net/content/critical-alerts-micron-halliburton-esperion-therapeutics-alibaba-lumber-liquidators-released-investorsobserver.xhtml", "ord_in_thread": 0, "title": "Critical Alerts For Micron, Halliburton, Esperion Therapeutics, Alibaba and Lumber Liquidators Released By InvestorsObserver", "locations": ["U.S.", "CHICAGO"], "entities": {"persons": [], "locations": [], "organizations": []}, "highlightText": "", "language": "english", "persons": ["Bobby Raines", "HAL", "BABA"], "text": "Critical Alerts For Micron, Halliburton, Esperion Therapeutics, Alibaba and Lumber Liquidators Released By InvestorsObserver   Published on 2015-09-23 07:31:54 Critical Alerts For Micron, Halliburton, Esperion Therapeutics, Alibaba and Lumber Liquidators Released By... -- CHICAGO  <-   CHICAGO   InvestorsObserver issues critical PriceWatch Alerts for MU, HAL, ESPR, BABA and LL. To see what our analysts have discovered about a particular stock, read the InvestorsObserver's PriceWatch Alert by selecting the corresponding link. (Note: You may have to copy this link into your browser then press the [ENTER] key.) LL: http://www.investorsobserver.com/pr/92220152/LL (Note: You may have to copy this link into your browser then press the [ENTER] key.) Today's PriceWatch Alerts cover the following stocks: Micron (NASDAQ: MU ), Halliburton (NYSE: HAL ), Esperion Therapeutics (NASDAQ: ESPR ), Alibaba (NYSE: BABA ), Lumber Liquidators (NYSE: LL ). InvestorsObserver's PriceWatch Alerts contain concise, detailed strategies for each stock we cover, including position protection tactics designed to defend investors from potential market shifts. While many other market reports only provide stock news and opinion, we offer strategies that can bulwark investments against uncertainty and increase chances of making a profit, even if a stock goes down. \"We go above and beyond typical market coverage,\" said Bobby Raines , Analyst at InvestorsObserver. \"Trading experts and beginning investors alike can find value in our PriceWatch Alerts. We provide actionable strategies that protect investments with basic hedging tactics, along with a concise explanation of our techniques.\" InvestorsObserver.com is an online newsletter which focuses on the U.S. equities and options markets. Our analytical tools, screening techniques, rigorous research methods and committed staff provide solid information to help subscribers make the best possible investment decisions. For more information go to www.investorsobserver.com . All stocks and options shown are examples only-- not recommendations to buy or sell. Our picks do not represent a positive or negative outlook on any security. Potential returns do not take into account your trade size, brokerage commissions or taxes--expenses that will affect actual investment returns. Stocks and options involve risk, thus they are not suitable for all investors. Prior to buying or selling options, a person should request a copy of Characteristics and Risks of Standardized Options available at http://www.cboe.com/Resources/Intro.aspx . Privacy policy available upon request.", "external_links": [], "published": "2015-09-23T21:04:00.000+03:00", "crawled": "2015-09-23T20:51:23.372+03:00", "highlightTitle": ""}