{"organizations": [], "uuid": "668cbe1d6603d4e9ebd3e937e1121b057a4c6943", "thread": {"social": {"gplus": {"shares": 0}, "pinterest": {"shares": 0}, "vk": {"shares": 0}, "linkedin": {"shares": 0}, "facebook": {"likes": 0, "shares": 0, "comments": 0}, "stumbledupon": {"shares": 0}}, "site_full": "www.crutchtech.com", "main_image": "http://rc.feedsportal.com/r/241225201114/u/163/f/645093/c/34938/s/4a4bf2cf/sc/28/rc/1/rc.img", "site_section": "http://crutchtech.com/?feed=rss2", "section_title": "Crutch Technologies", "url": "http://www.crutchtech.com/2015/09/30/uber-facing-more-roadblocks-in-cities-around-the-world/", "country": "US", "title": "Uber facing more roadblocks in cities around the world", "performance_score": 0, "site": "crutchtech.com", "participants_count": 1, "title_full": "Uber facing more roadblocks in cities around the world", "spam_score": 0.0, "site_type": "news", "published": "2015-09-30T21:32:00.000+03:00", "replies_count": 0, "uuid": "668cbe1d6603d4e9ebd3e937e1121b057a4c6943"}, "author": "Chris Kerins", "url": "http://www.crutchtech.com/2015/09/30/uber-facing-more-roadblocks-in-cities-around-the-world/", "ord_in_thread": 0, "title": "Uber facing more roadblocks in cities around the world", "locations": [], "entities": {"persons": [], "locations": [], "organizations": []}, "highlightText": "", "language": "english", "persons": [], "text": " ", "external_links": [], "published": "2015-09-30T21:32:00.000+03:00", "crawled": "2015-09-30T21:36:38.285+03:00", "highlightTitle": ""}