{"organizations": [], "uuid": "489f1db1e33b8f811e42e489eed2eb302d23af8c", "thread": {"social": {"gplus": {"shares": 0}, "pinterest": {"shares": 0}, "vk": {"shares": 0}, "linkedin": {"shares": 0}, "facebook": {"likes": 0, "shares": 0, "comments": 0}, "stumbledupon": {"shares": 0}}, "site_full": "www.businessspectator.com.au", "main_image": "", "site_section": "http://www.businessspectator.com.au/technology", "section_title": "Technology | Business Spectator", "url": "https://www.businessspectator.com.au/news/2015/9/28/national-affairs/abbott-chief-business-adviser-dumped", "country": "US", "title": "Abbott chief business adviser dumped", "performance_score": 0, "site": "businessspectator.com.au", "participants_count": 1, "title_full": "Abbott chief business adviser dumped | Business Spectator", "spam_score": 0.0, "site_type": "news", "published": "2015-09-28T21:08:00.000+03:00", "replies_count": 0, "uuid": "489f1db1e33b8f811e42e489eed2eb302d23af8c"}, "author": "AAP", "url": "https://www.businessspectator.com.au/news/2015/9/28/national-affairs/abbott-chief-business-adviser-dumped", "ord_in_thread": 0, "title": "Abbott chief business adviser dumped", "locations": [], "entities": {"persons": [], "locations": [], "organizations": []}, "highlightText": "", "language": "english", "persons": [], "text": "Malcolm Turnbull has decided he does not need guidance from Tony Abbott's chief business adviser.\nClimate change sceptic Maurice Newman's term as chairman of the prime minister's business advisory council has expired and he has not been reappointed, Mr Turnbull's spokesman told AAP on Monday.\nMr Newman was embroiled in controversy earlier this year after accusing the UN of using global warming as a tool to create an \"authoritarian world\" with concentrated political authority.", "external_links": [], "published": "2015-09-28T21:08:00.000+03:00", "crawled": "2015-09-28T06:28:58.456+03:00", "highlightTitle": ""}