{"organizations": [], "uuid": "de5fe0f81136b46bb0583a45764e4512c1e9663c", "thread": {"social": {"gplus": {"shares": 0}, "pinterest": {"shares": 0}, "vk": {"shares": 0}, "linkedin": {"shares": 0}, "facebook": {"likes": 0, "shares": 0, "comments": 0}, "stumbledupon": {"shares": 0}}, "site_full": "www.deccanchronicle.com", "main_image": "http://www.deccanchronicle.com/sites/default/files/cloud_0.gif", "site_section": "http://www.deccanchronicle.com/technology", "section_title": "Technology | Deccan Chronicle", "url": "http://www.deccanchronicle.com/150929/technology-latest/article/microsoft-launches-commercial-cloud-services-three-data-centres", "country": "US", "title": "Microsoft launches commercial cloud services from three data centres in India", "performance_score": 0, "site": "deccanchronicle.com", "participants_count": 1, "title_full": "Microsoft launches commercial cloud services from three data centres in India", "spam_score": 0.0, "site_type": "news", "published": "2015-09-30T07:42:00.000+03:00", "replies_count": 0, "uuid": "de5fe0f81136b46bb0583a45764e4512c1e9663c"}, "author": "PTI", "url": "http://www.deccanchronicle.com/150929/technology-latest/article/microsoft-launches-commercial-cloud-services-three-data-centres", "ord_in_thread": 0, "title": "Microsoft launches commercial cloud services from three data centres in India", "locations": [], "entities": {"persons": [], "locations": [], "organizations": []}, "highlightText": "", "language": "english", "persons": [], "text": "PTI | September 29, 2015, 16.25 Representational Image New Delhi: Tech giant Microsoft launched commercial cloud services from its three data centres in India, giving companies an option to store their data locally. The data centres are located in Mumbai, Pune and Chennai. The company, however, did not share the investment details about the centres. A couple of days ago, during Prime Minister Narendra Modi's visit to Silicon Valley, Microsoft CEO Satya Nadella had announced availability of its cloud services operating out of India's data centres.\nMicrosoft said it has invested over USD 15 billion so far in building a cloud infrastructure and cloud services globally. The company has more than 100 data centres located in over 40 countries. Microsoft India General Manager (Marketing and Operations) Tyler Bryson said Indian companies can now have option to store data locally with the launch of data centres. Multi-national firms which have operations in India can also store their data in the three data centres, he added.\nBryson said the company launched cloud services in India about four years back and its business is growing by more than 100 per cent year-on-year over the past two years. \"With the local cloud services, regulated industries such as BFSI, government departments and state-owned enterprises will now be able to leverage public cloud services and be able to take advantage of local data residency,\" he said. Microsoft said its cloud services are well-suited for governments and businesses that already have significant investments in owned IT infrastructure.\n\"They will now be able to extend their existing IT infrastructure and private clouds to Microsoft local (public) cloud, thereby creating compelling hybrid cloud scenarios and reducing their cost of IT operations significantly,\" the company added. It said the impact on citizens is expected to be more significant as it will accelerate e-governance and roll-out of citizen services by governments, thereby accelerating the government’s Digital India and Smart Cities programs.\n technology latest Microsoft Also Read India most optimistic on hiring plans for January-March 2015: report Apple, IBM to develop cloud services & apps for iPhones, iPads Indian to play saviour for Greece BSE Sensex edges lower; oil companies fall", "external_links": ["http://platform.twitter.com/widgets.js", "http://static.ak.fbcdn.net/connect.php/js/FB.Share", "http://dd508hmafkqws.cloudfront.net/sites/default/files/styles/article_node_view/public/cloud_0.gif", "https://apis.google.com/js/plusone.js", "http://twitter.com/share?url=http://www.deccanchronicle.com/150929/technology-latest/article/microsoft-launches-commercial-cloud-services-three-data-centres", "http://www.facebook.com/sharer.php", "http://dd508hmafkqws.cloudfront.net/sites/default/files/cloud_0.gif", "http://vuukle.com/js/vuukle.js"], "published": "2015-09-30T07:42:00.000+03:00", "crawled": "2015-09-29T21:15:45.356+03:00", "highlightTitle": ""}