{"organizations": [], "uuid": "5d991d6e8b1e3fbd325bcecf4392f51ad597e27d", "thread": {"social": {"gplus": {"shares": 0}, "pinterest": {"shares": 0}, "vk": {"shares": 0}, "linkedin": {"shares": 0}, "facebook": {"likes": 0, "shares": 0, "comments": 0}, "stumbledupon": {"shares": 0}}, "site_full": "newsr.in", "main_image": "http://cdn.newsserve.net/newsR256.jpg", "site_section": "http://newsr.in/latest/Technology.htm", "section_title": "Technology: newsR", "url": "http://newsr.in/n/Technology/75589lb4c/Check-out-these-dazzling-photos-of-the.htm", "country": "US", "title": "Check out these dazzling photos of the ‘Supermoon’", "performance_score": 0, "site": "newsr.in", "participants_count": 1, "title_full": "Check out these dazzling photos of the ‘Supermoon’ - newsR", "spam_score": 0.0, "site_type": "news", "published": "2015-09-28T03:00:00.000+03:00", "replies_count": 0, "uuid": "5d991d6e8b1e3fbd325bcecf4392f51ad597e27d"}, "author": "newsr.in", "url": "http://newsr.in/n/Technology/75589lb4c/Check-out-these-dazzling-photos-of-the.htm", "ord_in_thread": 0, "title": "Check out these dazzling photos of the ‘Supermoon’", "locations": [], "entities": {"persons": [], "locations": [], "organizations": []}, "highlightText": "", "language": "english", "persons": [], "text": "As the world witnessed the rare “supermoon” in combination with a total lunar eclipse on Sunday, two NASA photographers managed to capture some breathtaking shots of a phenomenon that occurred after more than 30 years. While NASA’s Joel Kowsky clicked a perigee full moon (or “supermoon”) next to the Empire State Building at the beginning of a total lunar eclipse, Bill Ingalls caught a stunning “supermoon” behind the Colorado State Capitol Building in Denver. It was 5.41 a.m. in India on Monday morning when the “supermoon” phenomenon began. The combination of a “supermoon” and total lunar eclipse last occurred in 1982 and will not happen again until 2033. The total eclipse lasted one hour and 12 minutes and was visible in North »", "external_links": [], "published": "2015-09-28T03:00:00.000+03:00", "crawled": "2015-09-28T21:51:32.682+03:00", "highlightTitle": ""}