{"organizations": ["Amazon"], "uuid": "38a1ae7cdf3dd3a3a99438ef8b7c2160cc390ca5", "thread": {"social": {"gplus": {"shares": 0}, "pinterest": {"shares": 0}, "vk": {"shares": 0}, "linkedin": {"shares": 0}, "facebook": {"likes": 0, "shares": 0, "comments": 0}, "stumbledupon": {"shares": 0}}, "site_full": "phys.org", "main_image": "http://cdn.phys.org/tmpl/v5/img/phys_308px.png", "site_section": "http://phys.org/xml-feed/technology-news/", "section_title": "Technology News - New Technology, Internet News, Software, Semiconductor, Telecom, Computer Science", "url": "http://phys.org/news/2015-09-amazon-prime-membership-day.html", "country": "US", "title": "Amazon offers Prime membership for $67 for 1 day", "performance_score": 0, "site": "phys.org", "participants_count": 0, "title_full": "Amazon offers Prime membership for $67 for 1 day", "spam_score": 0.0, "site_type": "news", "published": "2015-09-22T20:10:00.000+03:00", "replies_count": 0, "uuid": "38a1ae7cdf3dd3a3a99438ef8b7c2160cc390ca5"}, "author": "", "url": "http://phys.org/news/2015-09-amazon-prime-membership-day.html", "ord_in_thread": 0, "title": "Amazon offers Prime membership for $67 for 1 day", "locations": [], "entities": {"persons": [], "locations": [], "organizations": []}, "highlightText": "", "language": "english", "persons": ["Mae Anderson"], "text": "Amazon offers Prime membership for $67 for 1 day September 22, 2015 by By Mae Anderson \nAmazon is cutting the price of its $99 annual Prime membership program to $67 on Friday for new members to celebrate its original series \"Transparent\" winning 5 Emmys at the 67th Annual Primetime Emmy Awards. \nThe deal will start on Friday at 12:00 a.m. ET. and end at 11:59 p.m. PT., or 2:59 a.m. ET. \n\"Transparent\" debuted in 2014 and stars Jeffrey Tambor as a transgender parent. It won five Emmys on Sunday including two for outstanding lead actor and outstanding director for a comedy series. \nAmazon Inc. has been beefing up offers and services to attract subscribers to its Prime loyalty club. Most recently it gave members free online access to The Washington Post and has been expanding same-day delivery options. \nThe latest deal can be found at amazon .com/transparentprime beginning Friday. Amazon wins breakthrough nods at Golden Globes December 11, 2014 \nOnline retail giant Amazon scored its first ever Golden Globe nominations Thursday—a breakthrough in its bid to catch up with streaming pioneer Netflix. Amazon Prime members will be able to stream free on JetBlue May 5, 2015 \nAmazon wants to give JetBlue passengers a new option for tuning out that crying baby or talkative seat neighbor. Amazon to offer free same-day delivery to Prime members May 28, 2015 \nAmazon wants to make your impulse buys even more impulsive. The e-commerce powerhouse is offering free same-day delivery service in some cities to its Prime loyalty club members. Amazon pushes Prime service with day of deals July 6, 2015 \nAmazon is trying to lure more subscribers to its $99 Prime loyalty program by pushing a day of discounts it calls \"Prime Day\" during the sleepier summer shopping season. Amazon links Washington Post to 'Prime' subscription September 16, 2015 \nUS online giant Amazon announced Wednesday that members of its Prime subscription program would be eligible for discounted digital access to The Washington Post newspaper. Recommended for you Printing lightweight, flexible, and functional materials September 21, 2015 \n3D printing is revolutionizing the production of lightweight structures, soft robots and flexible electronics, but the technology struggles with complex, multimaterial integration. Doppler radar tech device for baseball measures pitching speed September 21, 2015 \nScoutee is a sports analytics solution with two parts - hardware and software. The hardware device, which is like a large soap bar in size, connects to a custom app on your smartphone. The user communicates with the device ... Apple revving work on electric car September 21, 2015 \nApple aims to have an electric car on the road some time in the year 2019, according to a report on Monday in the Wall Street Journal. Fuel savings can pay for green energy shift September 21, 2015 \nMaking the global switch from climate-altering fossil fuels to renewables by 2050 would require an extra $1 trillion (880 billion euros) per year, but the bill will be covered by lower energy costs, a Greenpeace report said ... Study says Fukushima disaster was preventable September 21, 2015 \nThe worst nuclear disaster since the 1986 Chernobyl meltdown never should have happened, according to a new study. Wind turbine system recycles 'spillage' to improve energy efficiency September 17, 2015 \nA new prototype from the University of Nebraska-Lincoln's Jie Cheng could give a second wind to turbines that currently waste Mother Nature's strongest breaths.", "external_links": [], "published": "2015-09-22T20:10:00.000+03:00", "crawled": "2015-09-22T20:20:15.173+03:00", "highlightTitle": ""}