{"organizations": [], "uuid": "9af1fee3e3f68f6de53cbb538743b7de7c74ab29", "thread": {"social": {"gplus": {"shares": 0}, "pinterest": {"shares": 0}, "vk": {"shares": 0}, "linkedin": {"shares": 0}, "facebook": {"likes": 0, "shares": 0, "comments": 0}, "stumbledupon": {"shares": 0}}, "site_full": "www.consumerelectronicsnet.com", "main_image": "", "site_section": "http://feeds2.feedburner.com/Cen-ConsumerElectronicsNet-technologyNews", "section_title": "CEN - Consumer Electronics Net-Technology News", "url": "http://www.consumerelectronicsnet.com/articles/viewarticle.jsp?id=4046425", "country": "US", "title": "GoPro Releases New Trim-and-Share Feature for Cameras and GoPro App", "performance_score": 0, "site": "consumerelectronicsnet.com", "participants_count": 0, "title_full": "GoPro Releases New Trim-and-Share Feature for Cameras and GoPro App", "spam_score": 0.0, "site_type": "news", "published": "2015-08-31T22:00:00.000+03:00", "replies_count": 0, "uuid": "9af1fee3e3f68f6de53cbb538743b7de7c74ab29"}, "author": "", "url": "http://www.consumerelectronicsnet.com/articles/viewarticle.jsp?id=4046425", "ord_in_thread": 0, "title": "GoPro Releases New Trim-and-Share Feature for Cameras and GoPro App", "locations": [], "entities": {"persons": [], "locations": [], "organizations": []}, "highlightText": "", "language": "english", "persons": [], "text": "GoPro Releases New Trim-and-Share Feature for Cameras and GoPro App New Functionality Makes It Easier to Create and Share Short Videos Minutes After the Moment Happens August 31, 2015 -- \nSAN MATEO, Calif. , Aug. 31, 2015 /PRNewswire/ -- GoPro, Inc. (NASDAQ:GPRO), enabler of some of today's most engaging content, has released a new feature that furtherenables users to effortlessly share their memorable moments captured on their GoPro devices. This smart new feature allows the user to create short video clips directly on the camera or mobile device for easy sharing. Simply press the Trim icon in playback mode, choose a 5-, 15-, or 30-second clip from any of your recorded content, and save it for sharing, all without transferring entire video files. \nRead more about the new update to the GoPro App and on-camera trimming functionality on the GoPro news blog, The Inside Line . \nAboutGoPro, Inc.(NASDAQ:GPRO) GoPro, Inc.is transforming the way people capture and share their lives. What began as an idea to help athletes self-document themselves engaged in sports has become a widely adopted solution for people to capture themselves engaged in their interests, whatever they may be. From extreme to mainstream, professional to consumer,GoProenables the world to capture and share its passion. And in turn, the world has helpedGoProbecome one of the most exciting and aspirational companies of our time. \nFor more information, visit www.gopro.com or connect withGoProon YouTube , Twitter , Facebook , Pinterest , Instagram ,or LinkedIn . \nGOPRO and HERO are trademarks or registered trademarks ofGoPro Inc.inthe United Statesand other countries. To view the original version on PR Newswire, visit: http://www.prnewswire.com/news-releases/gopro-releases-new-trim-and-share-feature-for-cameras-and-gopro-app-300135454.html \nSOURCE GoPro, Inc.", "external_links": [], "published": "2015-08-31T22:00:00.000+03:00", "crawled": "2015-09-01T04:15:22.355+03:00", "highlightTitle": ""}