{"organizations": ["Microsoft"], "uuid": "f9e858344eff44b5b961a813b18b736b8fd7a2fc", "thread": {"social": {"gplus": {"shares": 0}, "pinterest": {"shares": 0}, "vk": {"shares": 0}, "linkedin": {"shares": 0}, "facebook": {"likes": 0, "shares": 0, "comments": 0}, "stumbledupon": {"shares": 0}}, "site_full": "uk.reuters.com", "main_image": "http://s2.reutersmedia.net/resources/r/?m=02&d=20150922&t=2&i=1081291448&w=&fh=545px&fw=&ll=&pl=&sq=&r=LYNXNPEB8L0F3", "site_section": "http://uk.mobile.reuters.com/reuters/rss/TECHUK.xml", "section_title": "Reuters: Technology News", "url": "http://uk.reuters.com/article/2015/09/22/us-microsoft-products-idUKKCN0RM10020150922?feedType=RSS&feedName=technologyNews", "country": "US", "title": "Microsoft begins worldwide release of Office 2016", "performance_score": 0, "site": "reuters.com", "participants_count": 0, "title_full": "Microsoft begins worldwide release of Office 2016", "spam_score": 0.0, "site_type": "news", "published": "2015-09-22T13:12:00.000+03:00", "replies_count": 0, "uuid": "f9e858344eff44b5b961a813b18b736b8fd7a2fc"}, "author": "", "url": "http://uk.reuters.com/article/2015/09/22/us-microsoft-products-idUKKCN0RM10020150922?feedType=RSS&feedName=technologyNews", "ord_in_thread": 0, "title": "Microsoft begins worldwide release of Office 2016", "locations": ["New Jersey", "Paramus"], "entities": {"persons": [], "locations": [], "organizations": []}, "highlightText": "", "language": "english", "persons": ["Munoz"], "text": "Microsoft begins worldwide release of Office 2016 People visit a Microsoft store in Paramus, New Jersey July 8, 2015. Reuters/Eduardo Munoz \nMicrosoft Corp said it began the worldwide roll-out of Office 2016, the latest addition to its cloud-based subscription service Office 365, on Tuesday. \nMicrosoft said Office 2016 brings new versions of desktop apps for Windows including Word, PowerPoint, Excel, Outlook and Access and allows people to collaborate and work together. \n\"These latest innovations take another big step forward in transforming Office from a familiar set of individual productivity apps to a connected set of apps and services designed for modern working, collaboration and teamwork,\" Chief Executive Satya Nadella said in a statement. \nMicrosoft launched its much-awaited Windows 10 operating system in July, designed to work across laptops, desktop and smartphones, as part of Nadella's push towards winning back lost ground in the tablets and mobile arena. \nThe new Office 2016 apps are available in 40 languages and require Windows 7 or later versions. Starting Tuesday, Office 365 subscribers can choose to download the new Office 2016 apps as part of their subscription, Microsoft said. \n(Reporting by Sangameswaran S in Bengaluru; Editing by Anupama Dwivedi) Trending On Reuters", "external_links": [], "published": "2015-09-22T13:12:00.000+03:00", "crawled": "2015-09-22T16:31:30.506+03:00", "highlightTitle": ""}