{"organizations": [], "uuid": "e25efc9127451ab93a94554eedff707e504021b7", "thread": {"social": {"gplus": {"shares": 0}, "pinterest": {"shares": 0}, "vk": {"shares": 0}, "linkedin": {"shares": 0}, "facebook": {"likes": 0, "shares": 0, "comments": 0}, "stumbledupon": {"shares": 0}}, "site_full": "www.freshnews.com", "main_image": "", "site_section": "http://freshnews.com//news/technology/feed", "section_title": "FreshNews.com - Technology News", "url": "http://www.freshnews.com/news/1132938/ieee-launches-ieee-collabratec-tm-enabling-technology-professionals-network-collaborat", "country": "US", "title": "IEEE Launches IEEE Collabratec(TM) Enabling Technology Professionals to Network, Collaborate and Create", "performance_score": 0, "site": "freshnews.com", "participants_count": 1, "title_full": "IEEE Launches IEEE Collabratec(TM) Enabling Technology Professionals to Network, Collaborate and Create", "spam_score": 0.0, "site_type": "news", "published": "2015-09-28T17:00:00.000+03:00", "replies_count": 0, "uuid": "e25efc9127451ab93a94554eedff707e504021b7"}, "author": "admin", "url": "http://www.freshnews.com/news/1132938/ieee-launches-ieee-collabratec-tm-enabling-technology-professionals-network-collaborat", "ord_in_thread": 0, "title": "IEEE Launches IEEE Collabratec(TM) Enabling Technology Professionals to Network, Collaborate and Create", "locations": [], "entities": {"persons": [], "locations": [], "organizations": []}, "highlightText": "", "language": "english", "persons": [], "text": "Submitted by admin on 9/28/2015 @ 7:00 AM   IEEE \nNEW YORK, Sept. 28, 2015 /PRNewswire-USNewswire/ -- IEEE, the world's largest professional organization advancing technology for humanity, announced the launch of IEEE Collabratec , a suite of online tools that enables technology professionals around the world to network, collaborate, create, and discover new career opportunities -- all within a centralized hub. \nThis new, integrated, online community is a global solution for connecting technology professionals by location, technical interests, or career pursuits. In addition to providing access to exclusive professional networking groups and communities, IEEE Collabratec offers: -- Private virtual work spaces where users can assemble global working groups -- The ability for authors to collaborate online, enabling them to publish and research faster -- A suite of tools for managing a personal research library and bibliographies -- Updates on resources, events, and experts that match and advance professional interests or career pursuits -- Access to cutting-edge research and collaborative authoring capabilities integrated within professional networks \nIEEE Collabratec offers exclusive features for IEEE members including the ability to search community members based on membership grade and area of interest, as well as the ability to coordinate IEEE initiatives and events. \nLearn more at https://ieee-collabratec.ieee.org . \nAbout IEEE IEEE is a large, global professional organization dedicated to advancing technology for the benefit of humanity. Through its highly cited publications, conferences, technology standards, and professional and educational activities, IEEE is the trusted voice on a wide variety of areas ranging from aerospace systems, computers and telecommunications to biomedical engineering, electric power and consumer electronics. Learn more at http://www.ieee.org . \nTo view the original version on PR Newswire, visit: http://www.prnewswire.com/news-releases/ieee-launches-ieee-collabratec-enabling-technology-professionals-to-network-collaborate-and-create-300149824.html \nSOURCE IEEE", "external_links": [], "published": "2015-09-28T17:00:00.000+03:00", "crawled": "2015-09-28T18:49:45.630+03:00", "highlightTitle": ""}