{"organizations": [], "uuid": "2c653019976a8665acb5b37364f4e16d2dfb2d38", "thread": {"social": {"gplus": {"shares": 0}, "pinterest": {"shares": 0}, "vk": {"shares": 0}, "linkedin": {"shares": 0}, "facebook": {"likes": 0, "shares": 0, "comments": 0}, "stumbledupon": {"shares": 0}}, "site_full": "www.usatoday.com", "main_image": "http://www.gannett-cdn.com/-mm-/c448698ccf32836123342e7ace977649e0cf2e64/c=0-17-589-350&amp;r=x633&amp;c=1200x630/local/-/media/2015/09/28/USATODAY/USATODAY/635790299123095017-netflix-button.jpg", "site_section": "http://www.usatoday.com/tech/", "section_title": "Technology and Electronics Reviews - USATODAY.com", "url": "http://www.usatoday.com/story/tech/2015/09/28/you-can-make-your-own-netflix-and-chill-button/72963774/", "country": "US", "title": "You can make your own 'Netflix and chill' button", "performance_score": 0, "site": "usatoday.com", "participants_count": 1, "title_full": "You can make your own 'Netflix and chill' button", "spam_score": 0.0, "site_type": "news", "published": "2015-09-28T17:42:00.000+03:00", "replies_count": 1, "uuid": "6f18202e7a334505f2ff1a77092ff5e6a5a9cd26"}, "author": "", "url": "http://www.usatoday.com/story/tech/2015/09/28/you-can-make-your-own-netflix-and-chill-button/72963774/#post-0", "ord_in_thread": 0, "title": "You can make your own 'Netflix and chill' button", "locations": [], "entities": {"persons": [], "locations": [], "organizations": []}, "highlightText": "", "language": "english", "persons": [], "text": "Yes, this is a real Netflix button. One press dims the lights and starts the app. (Photo: Netflix)\n51 CONNECT 33 TWEET 1 LINKEDIN 1 COMMENT EMAIL MORE Let's say you had a long day at work, or just want to spend a weekend evening attached to your couch. You may fire up Netflix, turn off the lights, and maybe silence your phones and order takeout.\nOr you could just press a button to have this done for you.\nNetflix has created the Netflix Switch, a smart home button that -- once pressed -- will dim your lights (if you use smart bulbs) and fire up the streaming media app for immediate viewing. Netflix provided the tools on how to make your own smart home button .\nThe basic functions dim lights and start the app, but with some extra effort, the Switch can be programmed to work with a third-party food ordering app as well as apps that silence your smartphones.\nThe only drawback here is you can't buy the finished device. Instead, Netflix offers instructions on how to create your own.\nNow if we can just convince them to launch the Netflix Watch .\nFollow Brett Molina on Twitter: @brettmolina23 .\n51 CONNECT 33 TWEET 1 LINKEDIN 1 //usat.ly/1KFxOtf TOP VIDEOS", "external_links": ["https://twitter.com/intent/tweet?url=http%3A//usat.ly/1KFxOtf&text=You%20can%20make%20your%20own%20%27Netflix%20and%20chill%27%20button&via=usatoday", "http://usat.ly/1KFxOtf", "http://www.gannett-cdn.com/media/2015/09/28/USATODAY/USATODAY/635790299123095017-netflix-button.jpg", "https://www.youtube.com/embed/TTlIGdlbTy4?feature=oembed", "http://makeit.netflix.com/the-switch", "http://www.gannett-cdn.com/-mm-/e0aa0126b5bb63ef84791b9a7712248ad4eff51d/r=500x310/local/-/media/2015/09/28/USATODAY/USATODAY/635790299123095017-netflix-button.jpg", "http://www.gannett-cdn.com/-mm-/689344a3d9274ed0b00554557d59c8291f9d25b9/c=51-0-538-366&r=x404&c=534x401/local/-/media/2015/09/28/USATODAY/USATODAY/635790299123095017-netflix-button.jpg", "http://twitter.com/brettmolina23", "http://www.linkedin.com/shareArticle?url=http%3A//usat.ly/1KFxOtf&mini=true"], "published": "2015-09-28T17:42:00.000+03:00", "crawled": "2015-09-28T21:00:01.689+03:00", "highlightTitle": ""}