{"organizations": [], "uuid": "f28d277f4a67b3a6d6a3bdb6c9d9d75c3cad0af4", "thread": {"social": {"gplus": {"shares": 0}, "pinterest": {"shares": 0}, "vk": {"shares": 0}, "linkedin": {"shares": 0}, "facebook": {"likes": 0, "shares": 0, "comments": 0}, "stumbledupon": {"shares": 0}}, "site_full": "www.bio-medicine.org", "main_image": "", "site_section": "http://www.bio-medicine.org/inc/biomed/medicine-technology.asp", "section_title": "Latest Medical Technology from Bio-Medicine.Org", "url": "http://www.bio-medicine.org/medicine-technology-1/Medtech-360-Report-Series-3A-Gynecology-48504-1/", "country": "US", "title": "Medtech 360 Report Series: Gynecology", "performance_score": 0, "site": "bio-medicine.org", "participants_count": 0, "title_full": "Medtech 360 Report Series: Gynecology", "spam_score": 0.0, "site_type": "news", "published": "2015-09-30T21:21:00.000+03:00", "replies_count": 0, "uuid": "f28d277f4a67b3a6d6a3bdb6c9d9d75c3cad0af4"}, "author": "", "url": "http://www.bio-medicine.org/medicine-technology-1/Medtech-360-Report-Series-3A-Gynecology-48504-1/", "ord_in_thread": 0, "title": "Medtech 360 Report Series: Gynecology", "locations": [], "entities": {"persons": [], "locations": [], "organizations": []}, "highlightText": "", "language": "english", "persons": [], "text": " ", "external_links": [], "published": "2015-09-30T21:21:00.000+03:00", "crawled": "2015-09-30T23:29:25.909+03:00", "highlightTitle": ""}